name_key,habit_forming,therapeutic_class,chemical_class,action_class,use
alprax 0.25 tablet,Y,NEURO CNS,Benzodiazepines Derivative,Benzodiazepines,Treatment of Anxiety
ativan 2mg tablet,Y,RESPIRATORY,Benzodiazepines Derivative,Benzodiazepines,Treatment of Short term anxiety
ativan 1mg tablet,Y,RESPIRATORY,Benzodiazepines Derivative,Benzodiazepines,Treatment of Short term anxiety
alprax 0.5mg tablet,Y,NEURO CNS,Benzodiazepines Derivative,Benzodiazepines,Treatment of Anxiety
amixide-h tablet,Y,NEURO CNS,NA,NA,Treatment of Depression
anxit 0.5 tablet,Y,NEURO CNS,Benzodiazepines Derivative,Benzodiazepines,Treatment of Anxiety
anxit 0.25mg tablet,Y,NEURO CNS,Benzodiazepines Derivative,Benzodiazepines,Treatment of Anxiety
acuvin tablet,Y,PAIN ANALGESICS,NA,NA,Pain relief
addnok 0.2mg tablet,Y,NEURO CNS,Phenanthrenes Derivatives,Opioids- Partial agonist,Opioid (Morphine) dependence
alzolam 0.5mg tablet,Y,NEURO CNS,Benzodiazepines Derivative,Benzodiazepines,Treatment of Anxiety
ambulax tablet,Y,NEURO CNS,NA,NA,Anxiety disorder
ascoril c syrup,Y,RESPIRATORY,NA,NA,Dry cough
alzolam 0.25mg tablet,Y,NEURO CNS,Benzodiazepines Derivative,Benzodiazepines,Treatment of Anxiety
addwize 10mg tablet,Y,NEURO CNS,Aralkylamine Derivative,Sympthatomimmetics-ADHD,Attention deficit hyperactivity disorder (ADHD)
aculip h 12.5 mg/5 mg tablet,Y,NEURO CNS,NA,NA,Treatment of Depression
ambulax m tablet,Y,NEURO CNS,NA,NA,Anxiety disorder
amitone plus tablet,Y,NEURO CNS,NA,NA,Treatment of Depression
amixide 10mg tablet,Y,NEURO CNS,NA,NA,Treatment of Depression
alprax forte 0.5 mg/50 mg tablet,Y,NEURO CNS,NA,NA,Depression
asiclopam tablet,Y,NEURO CNS,NA,NA,Treatment of Anxiety disorder
avene (abbott) 0.5mg/10mg tablet,Y,NEURO CNS,NA,NA,Treatment of Anxiety disorder
amixide tablet,Y,NEURO CNS,NA,NA,Treatment of Depression
alprax plus tablet sr,Y,NEURO CNS,NA,NA,Depression
altonil plus 5 tablet,Y,NEURO CNS,NA,NA,Anxiety disorder
armod 50 tablet,Y,NEURO CNS,Diphenylmethane Derivative,Stimulant/ Drug for excessive sleepiness,Narcolepsy (Uncontrollable daytime sleepiness)
alprax 1mg tablet sr,Y,NEURO CNS,Benzodiazepines Derivative,Benzodiazepines,Treatment of Anxiety
altonil plus 10 tablet,Y,NEURO CNS,NA,NA,Anxiety disorder
anxipam 0.5mg tablet md,Y,NEURO CNS,Benzodiazepines Derivative,Benzodiazepines,Treatment of Anxiety disorder
amitryn-c tablet,Y,NEURO CNS,NA,NA,Treatment of Depression
addwize od 18mg tablet,Y,NEURO CNS,Aralkylamine Derivative,Sympthatomimmetics-ADHD,Attention deficit hyperactivity disorder (ADHD)
anxit 0.5 sr tablet,Y,NEURO CNS,Benzodiazepines Derivative,Benzodiazepines,Treatment of Anxiety
aculip 25 mg/10 mg tablet,Y,NEURO CNS,NA,NA,Treatment of Depression
anxozap 15 tablet,Y,NEURO CNS,Benzodiazepines Derivative,Benzodiazepines,Short term anxiety
anzilum 0.25 mg tablet,Y,NEURO CNS,Benzodiazepines Derivative,Benzodiazepines,Treatment of Anxiety
amitone forte 25 mg/10 mg tablet,Y,NEURO CNS,NA,NA,Treatment of Depression
alinol 10 tablet,Y,NEURO CNS,NA,NA,Anxiety disorder
armod 150 tablet,Y,NEURO CNS,Diphenylmethane Derivative,Stimulant/ Drug for excessive sleepiness,Narcolepsy (Uncontrollable daytime sleepiness)
anxiset plus 0.5 mg/10 mg tablet,Y,NEURO CNS,NA,NA,Treatment of Anxiety disorder
altonil plus 3 tablet,Y,NEURO CNS,NA,NA,Anxiety disorder
alprasafe 0.25mg tablet,Y,NEURO CNS,Benzodiazepines Derivative,Benzodiazepines,Treatment of Anxiety
alprocontin 0.5mg tablet,Y,NEURO CNS,Benzodiazepines Derivative,Benzodiazepines,Treatment of Anxiety
alpracon 0.5mg tablet,Y,NEURO CNS,Benzodiazepines Derivative,Benzodiazepines,Treatment of Anxiety
albium 10mg tablet,Y,NEURO CNS,Benzodiazepines Derivative,Benzodiazepines,Severe anxiety
aldep h tablet,Y,NEURO CNS,NA,NA,Treatment of Depression
alpraquil 0.5 mg tablet,Y,NEURO CNS,Benzodiazepines Derivative,Benzodiazepines,Treatment of Anxiety
actidol-dp tablet,Y,PAIN ANALGESICS,NA,NA,Treatment of Severe acute pain
amicon plus 12.5mg/5mg tablet,Y,NEURO CNS,NA,NA,Treatment of Depression
amitryn-c plus tablet,Y,NEURO CNS,NA,NA,Treatment of Depression
altram tablet,Y,PAIN ANALGESICS,NA,NA,Pain relief
amizep h 12.5 mg/5 mg tablet,Y,NEURO CNS,NA,NA,Treatment of Depression
anxozap 30 tablet,Y,NEURO CNS,Benzodiazepines Derivative,Benzodiazepines,Short term anxiety
alparazole 0.5mg tablet,Y,NEURO CNS,Benzodiazepines Derivative,Benzodiazepines,Treatment of Anxiety
amiwel plus tablet,Y,NEURO CNS,NA,NA,Treatment of Depression
amitop plus tablet,Y,NEURO CNS,NA,NA,Treatment of Depression
aculip h 12.5mg/5mg tablet,Y,NEURO CNS,NA,NA,Treatment of Depression
ampause tablet,Y,NEURO CNS,NA,NA,Treatment of Depression
alpro 20mg tablet,Y,NEURO CNS,Benzodiazepines Derivative,Benzodiazepines,Treatment of Anxiety
anxit fort 0.5 mg/25 mg tablet,Y,NEURO CNS,NA,NA,Depression
atryp plus tablet,Y,NEURO CNS,NA,NA,Treatment of Depression
azjoy plus 0.5mg/10mg tablet,Y,NEURO CNS,NA,NA,Treatment of Anxiety disorder
alltop 0.25mg tablet,Y,NEURO CNS,Benzodiazepines Derivative,Benzodiazepines,Treatment of Anxiety
alora 0.25mg tablet,Y,NEURO CNS,Benzodiazepines Derivative,Benzodiazepines,Treatment of Anxiety
anxipose 2mg tablet,Y,RESPIRATORY,Benzodiazepines Derivative,Benzodiazepines,Treatment of Short term anxiety
alprazone 0.5mg tablet,Y,NEURO CNS,Benzodiazepines Derivative,Benzodiazepines,Treatment of Anxiety
alzolam 0.5 mg tablet sr,Y,NEURO CNS,Benzodiazepines Derivative,Benzodiazepines,Treatment of Anxiety
amitop plus h tablet,Y,NEURO CNS,NA,NA,Treatment of Depression
aaram tablet,Y,NEURO CNS,Benzodiazepines Derivative,Benzodiazepines,Treatment of Anxiety
anxil 0.25mg tablet,Y,NEURO CNS,Benzodiazepines Derivative,Benzodiazepines,Treatment of Anxiety
aplaz 0.5mg tablet,Y,NEURO CNS,Benzodiazepines Derivative,Benzodiazepines,Treatment of Anxiety disorder
alp 0.25mg tablet,Y,NEURO CNS,Benzodiazepines Derivative,Benzodiazepines,Treatment of Anxiety
antax 0.5mg tablet,Y,NEURO CNS,Benzodiazepines Derivative,Benzodiazepines,Treatment of Anxiety
alzin 0.5mg tablet,Y,NEURO CNS,Benzodiazepines Derivative,Benzodiazepines,Treatment of Anxiety
alzolam 1mg tablet,Y,NEURO CNS,Benzodiazepines Derivative,Benzodiazepines,Treatment of Anxiety
alprax z 0.25 mg/3 mg tablet,Y,NEURO CNS,NA,NA,Treatment of Insomnia
alp 0.5mg tablet,Y,NEURO CNS,Benzodiazepines Derivative,Benzodiazepines,Treatment of Anxiety
amixide 5 tablet,Y,NEURO CNS,NA,NA,Treatment of Depression
alzex 0.25mg tablet,Y,NEURO CNS,Benzodiazepines Derivative,Benzodiazepines,Treatment of Anxiety
aurinorm 5 mg/2.5 mg tablet,Y,GASTRO INTESTINAL,NA,NA,Treatment of Irritable bowel syndrome
amipox-h tablet,Y,NEURO CNS,NA,NA,Treatment of Depression
amitril plus 12.5 mg/5 mg tablet,Y,NEURO CNS,NA,NA,Treatment of Depression
ambulex m tablet,Y,NEURO CNS,NA,NA,Anxiety disorder
altonil ls 5 tablet,Y,NEURO CNS,NA,NA,Anxiety disorder
alzam 0.5mg tablet,Y,NEURO CNS,Benzodiazepines Derivative,Benzodiazepines,Treatment of Anxiety
alpramed 0.25mg tablet,Y,NEURO CNS,Benzodiazepines Derivative,Benzodiazepines,Treatment of Anxiety
azolam 0.5mg tablet,Y,NEURO CNS,Benzodiazepines Derivative,Benzodiazepines,Treatment of Anxiety
angirex tablet,Y,NEURO CNS,NA,NA,Schizophrenia
anxifly tablet,Y,NEURO CNS,NA,NA,Treatment of Anxiety disorder
ambulax-hd tablet,Y,NEURO CNS,NA,NA,Anxiety disorder
alprax 1.5mg tablet sr,Y,NEURO CNS,Benzodiazepines Derivative,Benzodiazepines,Treatment of Anxiety
altrox 0.5mg tablet,Y,NEURO CNS,Benzodiazepines Derivative,Benzodiazepines,Treatment of Anxiety
alora 0.5mg tablet,Y,NEURO CNS,Benzodiazepines Derivative,Benzodiazepines,Treatment of Anxiety
acugesic 50mg injection,Y,PAIN ANALGESICS,Anisole Derivative,Opioids,Moderate to severe pain
advin tablet,Y,PAIN ANALGESICS,NA,NA,Moderate to severe pain
alpra 0.5mg tablet,Y,NEURO CNS,Benzodiazepines Derivative,Benzodiazepines,Treatment of Anxiety
anxiwill 0.5mg tablet,Y,NEURO CNS,Benzodiazepines Derivative,Benzodiazepines,Treatment of Anxiety disorder
alpaz 0.5mg tablet,Y,NEURO CNS,Benzodiazepines Derivative,Benzodiazepines,Treatment of Anxiety
acronite 50 tablet,Y,NEURO CNS,Diphenylmethane Derivative,Stimulant/ Drug for excessive sleepiness,Narcolepsy (Uncontrollable daytime sleepiness)
anxicalm 0.5mg tablet,Y,NEURO CNS,Benzodiazepines Derivative,Benzodiazepines,Treatment of Anxiety
almazine 2.5mg tablet,Y,RESPIRATORY,Benzodiazepines Derivative,Benzodiazepines,Treatment of Short term anxiety
amitar plus tablet,Y,NEURO CNS,NA,NA,Treatment of Depression
anxicure 0.5mg tablet,Y,NEURO CNS,Benzodiazepines Derivative,Benzodiazepines,Treatment of Anxiety disorder
alpanol 0.25 mg/20 mg tablet,Y,NEURO CNS,NA,NA,Anxiety disorder
almax 0.25mg tablet,Y,NEURO CNS,Benzodiazepines Derivative,Benzodiazepines,Treatment of Anxiety
alprawin 0.5mg tablet,Y,NEURO CNS,Benzodiazepines Derivative,Benzodiazepines,Treatment of Anxiety
anxit 1mg tablet,Y,NEURO CNS,Benzodiazepines Derivative,Benzodiazepines,Treatment of Anxiety
amipox h 12.5 mg/5 mg tablet,Y,NEURO CNS,NA,NA,Treatment of Depression
alinol 0.25mg/20mg tablet,Y,NEURO CNS,NA,NA,Anxiety disorder
almac 0.25mg tablet dt,Y,NEURO CNS,Benzodiazepines Derivative,Benzodiazepines,Treatment of Anxiety disorder
alprax z 0.5 mg/3 mg tablet,Y,NEURO CNS,NA,NA,Treatment of Insomnia
altonil ls 3 tablet,Y,NEURO CNS,NA,NA,Anxiety disorder
alpraz 0.5mg tablet,Y,NEURO CNS,Benzodiazepines Derivative,Benzodiazepines,Treatment of Anxiety
amizep 25 mg/10 mg tablet,Y,NEURO CNS,NA,NA,Treatment of Depression
anxirid 10mg tablet,Y,NEURO CNS,Benzodiazepines Derivative,Benzodiazepines,Treatment of Anxiety
acugesic t 500 mg/37.5 mg tablet,Y,PAIN ANALGESICS,NA,NA,Pain relief
axitan 2 tablet,Y,RESPIRATORY,Benzodiazepines Derivative,Benzodiazepines,Treatment of Short term anxiety
astawin plus 0.5mg/10mg tablet,Y,NEURO CNS,NA,NA,Treatment of Anxiety disorder
abdocool tablet,Y,GASTRO INTESTINAL,NA,NA,Treatment of Irritable bowel syndrome
anxizide 10mg tablet,Y,NEURO CNS,Benzodiazepines Derivative,Benzodiazepines,Severe anxiety
almac 0.5mg tablet dt,Y,NEURO CNS,Benzodiazepines Derivative,Benzodiazepines,Treatment of Anxiety disorder
actodol-p tablet,Y,PAIN ANALGESICS,NA,NA,Pain relief
alprazol 0.5mg tablet,Y,NEURO CNS,Benzodiazepines Derivative,Benzodiazepines,Treatment of Anxiety
alpranof 0.5mg tablet,Y,NEURO CNS,Benzodiazepines Derivative,Benzodiazepines,Treatment of Anxiety
acupain 50mg capsule,Y,PAIN ANALGESICS,Anisole Derivative,Opioids,Moderate to severe pain
anzocalm 0.25 mg/20 mg tablet,Y,NEURO CNS,NA,NA,Anxiety disorder
amitide tablet,Y,NEURO CNS,NA,NA,Treatment of Depression
alpraquil 0.25mg tablet,Y,NEURO CNS,Benzodiazepines Derivative,Benzodiazepines,Treatment of Anxiety
ancolam 0.25mg tablet,Y,NEURO CNS,Benzodiazepines Derivative,Benzodiazepines,Treatment of Anxiety
amsha plus 12.5mg/5mg tablet,Y,NEURO CNS,NA,NA,Treatment of Depression
alrest 0.5mg tablet,Y,NEURO CNS,Benzodiazepines Derivative,Benzodiazepines,Treatment of Anxiety
amitias plus 12.5mg/5mg tablet,Y,NEURO CNS,NA,NA,Treatment of Depression
amize 12.5 mg/5 mg tablet,Y,NEURO CNS,NA,NA,Treatment of Depression
alpracad 0.25mg tablet,Y,NEURO CNS,Benzodiazepines Derivative,Benzodiazepines,Treatment of Anxiety
alltop p 0.25mg/20mg tablet,Y,NEURO CNS,NA,NA,Anxiety disorder
alzolam forte 0.5mg/50mg tablet,Y,NEURO CNS,NA,NA,Depression
amicon forte 25 mg/10 mg tablet,Y,NEURO CNS,NA,NA,Treatment of Depression
almazine 2mg tablet,Y,RESPIRATORY,Benzodiazepines Derivative,Benzodiazepines,Treatment of Short term anxiety
azen p tablet,Y,NEURO CNS,NA,NA,Anxiety disorder
amilite h 12.5mg/5mg tablet,Y,NEURO CNS,NA,NA,Treatment of Depression
anxon 10mg tablet,Y,NEURO CNS,Benzodiazepines Derivative,Benzodiazepines,Severe anxiety
alzolam plus 0.5mg/25mg tablet,Y,NEURO CNS,NA,NA,Depression
anxilor 2mg tablet,Y,RESPIRATORY,Benzodiazepines Derivative,Benzodiazepines,Treatment of Short term anxiety
antax 0.25mg tablet,Y,NEURO CNS,Benzodiazepines Derivative,Benzodiazepines,Treatment of Anxiety
anadol p 37.5mg/325mg tablet,Y,PAIN ANALGESICS,NA,NA,Moderate to severe pain
acicod 10mg tablet,Y,RESPIRATORY,Phenanthrenes Derivative,Opioids,Treatment of Moderate to severe pain
amipox 25 mg/10 mg tablet,Y,NEURO CNS,NA,NA,Treatment of Depression
amilite plus 25mg/10mg tablet,Y,NEURO CNS,NA,NA,Treatment of Depression
anxibrium t tablet,Y,NEURO CNS,NA,NA,Schizophrenia
adsleep 10mg tablet,Y,NEURO CNS,Imidazopyridine Derivative,Non-benzodiazepine hypnotics (Z Compounds),Treatment of Insomnia
aroximat plus 12.5mg/0.5mg tablet cr,Y,NEURO CNS,NA,NA,Depression
azox p 0.25mg/10mg tablet,Y,NEURO CNS,NA,NA,Anxiety disorder
anxit 1mg tablet sr,Y,NEURO CNS,Benzodiazepines Derivative,Benzodiazepines,Treatment of Anxiety
aplaz 0.25mg tablet md,Y,NEURO CNS,Benzodiazepines Derivative,Benzodiazepines,Treatment of Anxiety disorder
anzopram-plus tablet,Y,NEURO CNS,NA,NA,Treatment of Anxiety disorder
aplaz 1mg tablet,Y,NEURO CNS,Benzodiazepines Derivative,Benzodiazepines,Treatment of Anxiety disorder
anxiwill 0.25mg tablet,Y,NEURO CNS,Benzodiazepines Derivative,Benzodiazepines,Treatment of Anxiety disorder
asic 50mg tablet,Y,PAIN ANALGESICS,Anisole Derivative,Opioids,Moderate to severe pain
axitan 1 tablet,Y,RESPIRATORY,Benzodiazepines Derivative,Benzodiazepines,Treatment of Short term anxiety
alprest 0.5mg tablet,Y,NEURO CNS,Benzodiazepines Derivative,Benzodiazepines,Treatment of Anxiety
ascent pt tablet,Y,PAIN ANALGESICS,NA,NA,Pain relief
anxipose 1mg tablet,Y,RESPIRATORY,Benzodiazepines Derivative,Benzodiazepines,Treatment of Short term anxiety
ancolol 0.25 mg/10 mg tablet,Y,NEURO CNS,NA,NA,Anxiety disorder
analog p 37.5mg/325mg tablet,Y,PAIN ANALGESICS,NA,NA,Moderate to severe pain
anxipose 0.5mg tablet,Y,RESPIRATORY,Benzodiazepines Derivative,Benzodiazepines,Treatment of Short term anxiety
azox 0.25mg tablet,Y,NEURO CNS,Benzodiazepines Derivative,Benzodiazepines,Treatment of Anxiety
aldep c tablet,Y,NEURO CNS,NA,NA,Treatment of Depression
alopram 0.5mg/10mg tablet,Y,NEURO CNS,NA,NA,Treatment of Anxiety disorder
anxisern 10 mg/1 mg tablet,Y,NEURO CNS,NA,NA,Schizophrenia
adclobaz 2.5 tablet md,Y,NEURO CNS,Benzodiazepines Derivative,Benzodiazepines,Treatment of Epilepsy/Seizures
atipam 2mg tablet,Y,RESPIRATORY,Benzodiazepines Derivative,Benzodiazepines,Treatment of Short term anxiety
atpram-c 0.5 mg/10 mg tablet,Y,NEURO CNS,NA,NA,Treatment of Anxiety disorder
alzolam 0.125mg tablet,Y,NEURO CNS,Benzodiazepines Derivative,Benzodiazepines,Treatment of Anxiety
atril-h tablet,Y,NEURO CNS,NA,NA,Treatment of Depression
amipox tablet,Y,NEURO CNS,NA,NA,Treatment of Depression
anxilor 1mg tablet,Y,RESPIRATORY,Benzodiazepines Derivative,Benzodiazepines,Treatment of Short term anxiety
alfresh 0.5mg tablet,Y,NEURO CNS,Benzodiazepines Derivative,Benzodiazepines,Treatment of Anxiety
analtra p tablet,Y,PAIN ANALGESICS,NA,NA,Pain relief
adobe 10mg tablet,Y,NEURO CNS,Benzodiazepines Derivative,Benzodiazepines,Treatment of Epilepsy/Seizures
alrest 0.25mg tablet,Y,NEURO CNS,Benzodiazepines Derivative,Benzodiazepines,Treatment of Anxiety
anxitreat 0.5mg tablet md,Y,NEURO CNS,Benzodiazepines Derivative,Benzodiazepines,Treatment of Anxiety disorder
almazine 1mg tablet,Y,RESPIRATORY,Benzodiazepines Derivative,Benzodiazepines,Treatment of Short term anxiety
atlodol-p tablet,Y,PAIN ANALGESICS,NA,NA,Moderate to severe pain
amira p 0.25mg/20mg tablet,Y,NEURO CNS,NA,NA,Anxiety disorder
adcloz 0.25mg tablet md,Y,NEURO CNS,Benzodiazepines Derivative,Benzodiazepines,Treatment of Anxiety disorder
ambulax-hd 0.125mg/20mg tablet,Y,NEURO CNS,NA,NA,Anxiety disorder
alzepam 10mg tablet,Y,NEURO CNS,Benzodiazepine Derivative,Benzodiazepines,Short term anxiety
amidon-h tablet,Y,NEURO CNS,NA,NA,Treatment of Depression
amsha forte 25mg/10mg tablet,Y,NEURO CNS,NA,NA,Treatment of Depression
alpraz 0.25mg tablet,Y,NEURO CNS,Benzodiazepines Derivative,Benzodiazepines,Treatment of Anxiety
amitryp-plus tablet,Y,NEURO CNS,NA,NA,Treatment of Depression
alarm 0.5mg tablet,Y,NEURO CNS,Benzodiazepines Derivative,Benzodiazepines,Treatment of Anxiety
acronite 150 tablet,Y,NEURO CNS,Diphenylmethane Derivative,Stimulant/ Drug for excessive sleepiness,Narcolepsy (Uncontrollable daytime sleepiness)
alp plus tablet,Y,NEURO CNS,NA,NA,Anxiety disorder
amize forte 25 mg/10 mg tablet,Y,NEURO CNS,NA,NA,Treatment of Depression
altrox 0.25mg tablet,Y,NEURO CNS,Benzodiazepines Derivative,Benzodiazepines,Treatment of Anxiety
alzam 0.25mg tablet,Y,NEURO CNS,Benzodiazepines Derivative,Benzodiazepines,Treatment of Anxiety
adinep 10mg tablet,Y,NEURO CNS,Benzodiazepines Derivative,Benzodiazepines,Treatment of Epilepsy/Seizures
altin 0.25mg/20mg tablet,Y,NEURO CNS,NA,NA,Depression
aurnac tp 37.5mg/325mg tablet,Y,PAIN ANALGESICS,NA,NA,Moderate to severe pain
alprasil 0.5mg tablet,Y,NEURO CNS,Benzodiazepines Derivative,Benzodiazepines,Treatment of Anxiety
altrafiz 37.5mg/325mg tablet,Y,PAIN ANALGESICS,NA,NA,Moderate to severe pain
alpa 0.5mg tablet,Y,NEURO CNS,Benzodiazepines Derivative,Benzodiazepines,Treatment of Anxiety
anxiless 0.5mg tablet,Y,NEURO CNS,Benzodiazepines Derivative,Benzodiazepines,Treatment of Anxiety
anxibrium 10mg tablet,Y,NEURO CNS,Benzodiazepines Derivative,Benzodiazepines,Severe anxiety
amitag-h tablet,Y,NEURO CNS,NA,NA,Treatment of Depression
anxiclo 0.5mg tablet md,Y,NEURO CNS,Benzodiazepines Derivative,Benzodiazepines,Treatment of Anxiety disorder
altonil ls 10mg/0.25mg tablet,Y,NEURO CNS,NA,NA,Anxiety disorder
avkof syrup,Y,RESPIRATORY,NA,NA,Dry cough
adobe 5mg tablet,Y,NEURO CNS,Benzodiazepines Derivative,Benzodiazepines,Treatment of Epilepsy/Seizures
alarm plus 0.5 mg/25 mg tablet,Y,NEURO CNS,NA,NA,Depression
alprater 1mg tablet,Y,NEURO CNS,Benzodiazepines Derivative,Benzodiazepines,Treatment of Anxiety
agatril 0.5mg tablet,Y,NEURO CNS,Benzodiazepines Derivative,Benzodiazepines,Treatment of Anxiety disorder
amiwel forte tablet,Y,NEURO CNS,NA,NA,Treatment of Depression
altradol tablet,Y,PAIN ANALGESICS,Anisole Derivative,Opioids,Moderate to severe pain
altranova tablet,Y,PAIN ANALGESICS,NA,NA,Moderate to severe pain
alzex 0.5mg tablet sr,Y,NEURO CNS,Benzodiazepines Derivative,Benzodiazepines,Treatment of Anxiety
aldol p 325mg/50mg tablet,Y,PAIN ANALGESICS,NA,NA,Pain relief
alzam 1mg tablet,Y,NEURO CNS,Benzodiazepines Derivative,Benzodiazepines,Treatment of Anxiety
anzo-p tablet,Y,NEURO CNS,NA,NA,Anxiety disorder
alora 0.5mg tablet sr,Y,NEURO CNS,Benzodiazepines Derivative,Benzodiazepines,Treatment of Anxiety
adsleep 5mg tablet,Y,NEURO CNS,Imidazopyridine Derivative,Non-benzodiazepine hypnotics (Z Compounds),Treatment of Insomnia
alprax mt 0.125mg tablet,Y,NEURO CNS,Benzodiazepines Derivative,Benzodiazepines,Treatment of Anxiety
agatril 0.25mg tablet,Y,NEURO CNS,Benzodiazepines Derivative,Benzodiazepines,Treatment of Anxiety disorder
amwin's freshika-z 10 tablet,Y,NEURO CNS,Imidazopyridine Derivative,Non-benzodiazepine hypnotics (Z Compounds),Treatment of Insomnia
alzolam 1.5 mg tablet sr,Y,NEURO CNS,Benzodiazepines Derivative,Benzodiazepines,Treatment of Anxiety
anbrol sp 325 mg/37.5 mg tablet,Y,PAIN ANALGESICS,NA,NA,Pain relief
afd-clona 0.25mg tablet md,Y,NEURO CNS,Benzodiazepines Derivative,Benzodiazepines,Treatment of Anxiety disorder
arzepam 0.5mg tablet,Y,NEURO CNS,Benzodiazepines Derivative,Benzodiazepines,Treatment of Anxiety disorder
anxitreat 0.25mg tablet md,Y,NEURO CNS,Benzodiazepines Derivative,Benzodiazepines,Treatment of Anxiety disorder
andep 10 mg/1 mg tablet,Y,NEURO CNS,NA,NA,Schizophrenia
aplaz d 0.25mg tablet,Y,NEURO CNS,Benzodiazepines Derivative,Benzodiazepines,Treatment of Anxiety disorder
azom 0.25mg tablet,Y,NEURO CNS,Benzodiazepines Derivative,Benzodiazepines,Treatment of Anxiety
ascodex c 4mg/10mg syrup,Y,RESPIRATORY,NA,NA,Dry cough
aplaz 2mg tablet,Y,NEURO CNS,Benzodiazepines Derivative,Benzodiazepines,Treatment of Anxiety disorder
aaram 0.5mg tablet,Y,NEURO CNS,Benzodiazepines Derivative,Benzodiazepines,Treatment of Anxiety
a-tryp forte tablet,Y,NEURO CNS,NA,NA,Treatment of Depression
azenap 10 tablet,Y,NEURO CNS,Benzodiazepines Derivative,Benzodiazepines,Short term anxiety
alpraquil 0.5mg tablet,Y,NEURO CNS,Benzodiazepines Derivative,Benzodiazepines,Treatment of Anxiety
anzal plus -h 0.25mg/10mg tablet,Y,NEURO CNS,NA,NA,Anxiety disorder
alarm forte 0.5 mg/50 mg tablet,Y,NEURO CNS,NA,NA,Depression
anxiclo 0.25mg tablet md,Y,NEURO CNS,Benzodiazepines Derivative,Benzodiazepines,Treatment of Anxiety disorder
alprop 0.25 mg/20 mg tablet,Y,NEURO CNS,NA,NA,Anxiety disorder
anxirid-t tablet,Y,NEURO CNS,NA,NA,Schizophrenia
alzolam 1 mg tablet sr,Y,NEURO CNS,Benzodiazepines Derivative,Benzodiazepines,Treatment of Anxiety
atipam 1mg tablet,Y,RESPIRATORY,Benzodiazepines Derivative,Benzodiazepines,Treatment of Short term anxiety
azjoy plus 0.5mg/5mg tablet,Y,NEURO CNS,NA,NA,Treatment of Anxiety disorder
aclozest ta 100mg/325mg/37.5mg tablet,Y,PAIN ANALGESICS,NA,NA,Pain relief
alzolam 0.75mg tablet,Y,NEURO CNS,Benzodiazepines Derivative,Benzodiazepines,Treatment of Anxiety
anxozeal plus 0.5mg/10mg tablet,Y,NEURO CNS,NA,NA,Treatment of Anxiety disorder
anzilum 1mg tablet,Y,NEURO CNS,Benzodiazepines Derivative,Benzodiazepines,Treatment of Anxiety
alap 0.5mg tablet,Y,NEURO CNS,Benzodiazepines Derivative,Benzodiazepines,Treatment of Anxiety
amitrol 12.5mg/5mg tablet,Y,NEURO CNS,NA,NA,Treatment of Depression
alzepam 5mg tablet,Y,NEURO CNS,Benzodiazepine Derivative,Benzodiazepines,Short term anxiety
amital plus 12.5mg/5mg tablet,Y,NEURO CNS,NA,NA,Treatment of Depression
anxiflu 0.25 mg/20 mg tablet,Y,NEURO CNS,NA,NA,Depression
arwin 5mg/2.5mg tablet,Y,GASTRO INTESTINAL,NA,NA,Treatment of Irritable bowel syndrome
astawin h 0.25mg/5mg tablet,Y,NEURO CNS,NA,NA,Treatment of Anxiety disorder
alproz 0.5mg tablet,Y,NEURO CNS,Benzodiazepines Derivative,Benzodiazepines,Treatment of Anxiety
alpranax 0.5mg tablet,Y,NEURO CNS,Benzodiazepines Derivative,Benzodiazepines,Treatment of Anxiety
amitryp-forte tablet,Y,NEURO CNS,NA,NA,Treatment of Depression
anxidep tablet,Y,NEURO CNS,NA,NA,Depression
alprose plus 0.25mg/20mg tablet,Y,NEURO CNS,NA,NA,Depression
anxozeal lite 0.25mg/10mg tablet,Y,NEURO CNS,NA,NA,Treatment of Anxiety disorder
alpaz 0.25mg tablet,Y,NEURO CNS,Benzodiazepines Derivative,Benzodiazepines,Treatment of Anxiety
acitram 100mg injection,Y,PAIN ANALGESICS,Anisole Derivative,Opioids,Moderate to severe pain
alam od 12.5mg capsule,Y,NEURO CNS,Benzodiazepines Derivative,Benzodiazepines,Treatment of Anxiety
alspas forte tablet,Y,GASTRO INTESTINAL,NA,NA,Treatment of Irritable bowel syndrome
aplaz 0.5mg tablet md,Y,NEURO CNS,Benzodiazepines Derivative,Benzodiazepines,Treatment of Anxiety disorder
asque tablet,Y,PAIN ANALGESICS,NA,NA,Fever
alp 0.5mg tablet sr,Y,NEURO CNS,Benzodiazepines Derivative,Benzodiazepines,Treatment of Anxiety
amypres c 12.5 mg/5 mg tablet,Y,NEURO CNS,NA,NA,Treatment of Depression
amilift dx 12.5 mg/5 mg tablet,Y,NEURO CNS,NA,NA,Treatment of Depression
azolam 0.25mg tablet,Y,NEURO CNS,Benzodiazepines Derivative,Benzodiazepines,Treatment of Anxiety
agipam 1mg tablet,Y,RESPIRATORY,Benzodiazepines Derivative,Benzodiazepines,Treatment of Short term anxiety
alcam plus 0.5mg/10mg tablet,Y,NEURO CNS,NA,NA,Treatment of Anxiety disorder
apex 2mg tablet,Y,NEURO CNS,Benzodiazepines Derivative,Benzodiazepines,Treatment of Anxiety
alzy 0.5mg tablet,Y,NEURO CNS,Benzodiazepines Derivative,Benzodiazepines,Treatment of Anxiety
alzonex plus 0.25 mg/20 mg tablet,Y,NEURO CNS,NA,NA,Depression
alpra 0.25mg tablet,Y,NEURO CNS,Benzodiazepines Derivative,Benzodiazepines,Treatment of Anxiety
altidol plus 50mg/500mg tablet,Y,PAIN ANALGESICS,NA,NA,Moderate to severe pain
acopram-plus tablet,Y,NEURO CNS,NA,NA,Treatment of Anxiety disorder
ancolam 0.5mg tablet,Y,NEURO CNS,Benzodiazepines Derivative,Benzodiazepines,Treatment of Anxiety
anazac-p 500mg/37.5mg tablet,Y,PAIN ANALGESICS,NA,NA,Pain relief
afd-clona 0.5mg tablet md,Y,NEURO CNS,Benzodiazepines Derivative,Benzodiazepines,Treatment of Anxiety disorder
arotine cr 12.5mg/0.5mg tablet,Y,NEURO CNS,NA,NA,Depression
axedol-p 50mg/500mg tablet,Y,PAIN ANALGESICS,NA,NA,Moderate to severe pain
alpron 0.25mg tablet,Y,NEURO CNS,Benzodiazepines Derivative,Benzodiazepines,Treatment of Anxiety
alzonex 0.25mg tablet,Y,NEURO CNS,Benzodiazepines Derivative,Benzodiazepines,Treatment of Anxiety
anzal plus 0.25mg/20mg tablet,Y,NEURO CNS,NA,NA,Anxiety disorder
anpress h 0.5mg tablet,Y,NEURO CNS,Benzodiazepines Derivative,Benzodiazepines,Treatment of Anxiety
anxilam plus 0.25 mg/20 mg tablet,Y,NEURO CNS,NA,NA,Anxiety disorder
afrax 0.5 tablet,Y,NEURO CNS,Benzodiazepines Derivative,Benzodiazepines,Treatment of Anxiety
analtra tablet dt,Y,PAIN ANALGESICS,Anisole Derivative,Opioids,Moderate to severe pain
actram p 37.5mg/500mg tablet,Y,PAIN ANALGESICS,NA,NA,Moderate to severe pain
alpram 0.5mg tablet,Y,NEURO CNS,Benzodiazepines Derivative,Benzodiazepines,Treatment of Anxiety
amypres c 25mg/10mg tablet,Y,NEURO CNS,NA,NA,Treatment of Depression
anxipar 0.5mg tablet,Y,NEURO CNS,Benzodiazepines Derivative,Benzodiazepines,Treatment of Anxiety disorder
autadol 50mg/325mg tablet,Y,PAIN ANALGESICS,NA,NA,Moderate to severe pain
atilor 1mg tablet,Y,RESPIRATORY,Benzodiazepines Derivative,Benzodiazepines,Treatment of Short term anxiety
acetramol tablet,Y,PAIN ANALGESICS,NA,NA,Moderate to severe pain
acticod syrup,Y,RESPIRATORY,NA,NA,Dry cough
advin m 18.75mg/162.5mg tablet,Y,PAIN ANALGESICS,NA,NA,Moderate to severe pain
ambiz 10mg tablet,Y,NEURO CNS,Imidazopyridine Derivative,Non-benzodiazepine hypnotics (Z Compounds),Treatment of Insomnia
adcloz 0.5mg tablet md,Y,NEURO CNS,Benzodiazepines Derivative,Benzodiazepines,Treatment of Anxiety disorder
alprose 0.25mg tablet,Y,NEURO CNS,Benzodiazepines Derivative,Benzodiazepines,Treatment of Anxiety
azo-p 0.25mg/20mg tablet,Y,NEURO CNS,NA,NA,Anxiety disorder
acekyor forte tablet,Y,PAIN ANALGESICS,NA,NA,Pain relief
ambulax z 10mg tablet,Y,NEURO CNS,Imidazopyridine Derivative,Non-benzodiazepine hypnotics (Z Compounds),Treatment of Insomnia
anquil 0.25mg tablet,Y,NEURO CNS,Benzodiazepines Derivative,Benzodiazepines,Treatment of Anxiety
anxo 0.5mg tablet,Y,NEURO CNS,Benzodiazepines Derivative,Benzodiazepines,Treatment of Anxiety
alpra p 0.25mg/20mg tablet,Y,NEURO CNS,NA,NA,Anxiety disorder
afrax 0.25 tablet,Y,NEURO CNS,Benzodiazepines Derivative,Benzodiazepines,Treatment of Anxiety
azox 0.5mg tablet,Y,NEURO CNS,Benzodiazepines Derivative,Benzodiazepines,Treatment of Anxiety
amitide ds 25mg/10mg tablet,Y,NEURO CNS,NA,NA,Treatment of Depression
alz 0.5mg tablet,Y,NEURO CNS,Benzodiazepines Derivative,Benzodiazepines,Treatment of Anxiety
anax 0.25mg tablet,Y,NEURO CNS,Benzodiazepines Derivative,Benzodiazepines,Treatment of Anxiety
alpose 0.5mg tablet,Y,NEURO CNS,Benzodiazepines Derivative,Benzodiazepines,Treatment of Anxiety
arkapam 2mg tablet,Y,RESPIRATORY,Benzodiazepines Derivative,Benzodiazepines,Treatment of Short term anxiety
aleez 0.25mg tablet,Y,NEURO CNS,Benzodiazepines Derivative,Benzodiazepines,Treatment of Anxiety
avdol p 325mg/37.5mg tablet,Y,PAIN ANALGESICS,NA,NA,Pain relief
andep tablet,Y,NEURO CNS,NA,NA,Schizophrenia
amty cp forte 25mg/5mg tablet,Y,NEURO CNS,NA,NA,Treatment of Depression
adclobaz 10 tablet md,Y,NEURO CNS,Benzodiazepines Derivative,Benzodiazepines,Treatment of Epilepsy/Seizures
adinep 20 tablet,Y,NEURO CNS,Benzodiazepines Derivative,Benzodiazepines,Treatment of Epilepsy/Seizures
anxipose injection,Y,RESPIRATORY,Benzodiazepines Derivative,Benzodiazepines,Treatment of Status epilepticus
amadol 50mg injection,Y,PAIN ANALGESICS,Anisole Derivative,Opioids,Moderate to severe pain
antram injection,Y,PAIN ANALGESICS,Anisole Derivative,Opioids,Moderate to severe pain
alzet 0.25 tablet,Y,NEURO CNS,Benzodiazepines Derivative,Benzodiazepines,Treatment of Anxiety
anbrol 50mg/500mg tablet,Y,PAIN ANALGESICS,NA,NA,Moderate to severe pain
ateez 0.5mg tablet,Y,NEURO CNS,Benzodiazepines Derivative,Benzodiazepines,Treatment of Anxiety
anxionil 1mg tablet,Y,RESPIRATORY,Benzodiazepines Derivative,Benzodiazepines,Treatment of Short term anxiety
arotine cr forte 25mg/0.5mg tablet,Y,NEURO CNS,NA,NA,Depression
alpose 0.25mg tablet,Y,NEURO CNS,Benzodiazepines Derivative,Benzodiazepines,Treatment of Anxiety
anxionil 2mg tablet,Y,RESPIRATORY,Benzodiazepines Derivative,Benzodiazepines,Treatment of Short term anxiety
alrif 0.5mg tablet,Y,NEURO CNS,Benzodiazepines Derivative,Benzodiazepines,Treatment of Anxiety
adulax tablet,Y,NEURO CNS,NA,NA,Anxiety disorder
actodol injection,Y,PAIN ANALGESICS,Anisole Derivative,Opioids,Moderate to severe pain
alton f 0.25mg/20mg tablet,Y,NEURO CNS,NA,NA,Depression
ancolam 0.5mg tablet sr,Y,NEURO CNS,Benzodiazepines Derivative,Benzodiazepines,Treatment of Anxiety
alzom 0.5mg tablet,Y,NEURO CNS,Benzodiazepines Derivative,Benzodiazepines,Treatment of Anxiety
alflux 0.25mg/20mg tablet,Y,NEURO CNS,NA,NA,Depression
antram-plus tablet,Y,PAIN ANALGESICS,NA,NA,Treatment of Severe acute pain
alprozam 0.5mg tablet,Y,NEURO CNS,Benzodiazepines Derivative,Benzodiazepines,Treatment of Anxiety
alprocontin 1mg tablet,Y,NEURO CNS,Benzodiazepines Derivative,Benzodiazepines,Treatment of Anxiety
anexidep 5 mg/25 mg tablet,Y,NEURO CNS,NA,NA,Depression
azenap 30mg tablet,Y,NEURO CNS,Benzodiazepines Derivative,Benzodiazepines,Short term anxiety
alpro forte tablet,Y,NEURO CNS,NA,NA,Anxiety disorder
acticuf cd 2mg/10mg syrup,Y,RESPIRATORY,NA,NA,Dry cough
aborax tablet,Y,GASTRO INTESTINAL,NA,NA,Treatment of Irritable bowel syndrome
alpram plus 0.25mg/25mg tablet,Y,NEURO CNS,NA,NA,Depression
anxo 0.25mg tablet,Y,NEURO CNS,Benzodiazepines Derivative,Benzodiazepines,Treatment of Anxiety
anxizam plus 0.5 mg/25 mg tablet,Y,NEURO CNS,NA,NA,Depression
atdol plus 50mg/325mg tablet,Y,PAIN ANALGESICS,NA,NA,Moderate to severe pain
ateez 0.25mg tablet,Y,NEURO CNS,Benzodiazepines Derivative,Benzodiazepines,Treatment of Anxiety
aldep c tablet sr,Y,NEURO CNS,NA,NA,Treatment of Depression
anxilam 0.25mg tablet,Y,NEURO CNS,Benzodiazepines Derivative,Benzodiazepines,Treatment of Anxiety
alpranof 0.25mg tablet,Y,NEURO CNS,Benzodiazepines Derivative,Benzodiazepines,Treatment of Anxiety
ariprax 0.5mg tablet,Y,NEURO CNS,Benzodiazepines Derivative,Benzodiazepines,Treatment of Anxiety
astawin ls 0.25mg/10mg tablet,Y,NEURO CNS,NA,NA,Treatment of Anxiety disorder
aleez 0.5mg tablet,Y,NEURO CNS,Benzodiazepines Derivative,Benzodiazepines,Treatment of Anxiety
aplaz d 0.5mg tablet,Y,NEURO CNS,Benzodiazepines Derivative,Benzodiazepines,Treatment of Anxiety disorder
anxeron 0.25mg tablet,Y,NEURO CNS,Benzodiazepines Derivative,Benzodiazepines,Treatment of Anxiety
admadol-p 325mg/37.5mg tablet,Y,PAIN ANALGESICS,NA,NA,Pain relief
alrif 0.25mg tablet,Y,NEURO CNS,Benzodiazepines Derivative,Benzodiazepines,Treatment of Anxiety
avidip 2.5mg/5mg/10mg tablet,Y,GASTRO INTESTINAL,NA,NA,Treatment of Irritable bowel syndrome
amirise plus 12.5mg/5mg tablet,Y,NEURO CNS,NA,NA,Treatment of Depression
axitan 2mg injection,Y,RESPIRATORY,Benzodiazepines Derivative,Benzodiazepines,Treatment of Status epilepticus
anzal 0.5mg tablet sr,Y,NEURO CNS,Benzodiazepines Derivative,Benzodiazepines,Treatment of Anxiety
aloyrin c 135mg/5mg tablet,Y,GASTRO INTESTINAL,NA,NA,Irritable bowel syndrome
axidol 50mg tablet dt,Y,PAIN ANALGESICS,Anisole Derivative,Opioids,Moderate to severe pain
alpradon 0.5mg tablet,Y,NEURO CNS,Benzodiazepines Derivative,Benzodiazepines,Treatment of Anxiety
alp x 0.5mg tablet,Y,NEURO CNS,Benzodiazepines Derivative,Benzodiazepines,Treatment of Anxiety
alpradon-f 0.25mg/20mg tablet,Y,NEURO CNS,NA,NA,Depression
anxitab 25mg/10mg tablet,Y,NEURO CNS,NA,NA,Depression
alopam 0.5mg tablet,Y,NEURO CNS,Benzodiazepines Derivative,Benzodiazepines,Treatment of Anxiety disorder
amichlor 12.5 mg/5 mg tablet,Y,NEURO CNS,NA,NA,Treatment of Depression
alprazan 0.25mg tablet,Y,NEURO CNS,Benzodiazepines Derivative,Benzodiazepines,Treatment of Anxiety
alprolax 0.25mg/10mg tablet,Y,NEURO CNS,NA,NA,Anxiety disorder
alivum forte 37.5mg/325mg tablet,Y,PAIN ANALGESICS,NA,NA,Moderate to severe pain
alp 1mg tablet sr,Y,NEURO CNS,Benzodiazepines Derivative,Benzodiazepines,Treatment of Anxiety
alp ftd 0.5mg/20mg tablet,Y,NEURO CNS,NA,NA,Depression
apex 1mg tablet,Y,NEURO CNS,Benzodiazepines Derivative,Benzodiazepines,Treatment of Anxiety
alzep 0.25mg tablet,Y,NEURO CNS,Benzodiazepines Derivative,Benzodiazepines,Treatment of Anxiety
anxicalm 0.25mg tablet,Y,NEURO CNS,Benzodiazepines Derivative,Benzodiazepines,Treatment of Anxiety
actirax 0.25mg tablet,Y,NEURO CNS,Benzodiazepines Derivative,Benzodiazepines,Treatment of Anxiety
alzo 0.5mg tablet,Y,NEURO CNS,Benzodiazepines Derivative,Benzodiazepines,Treatment of Anxiety
aptric 12.5mg/5mg tablet,Y,NEURO CNS,NA,NA,Treatment of Depression
azolip 0.5mg tablet md,Y,NEURO CNS,Benzodiazepines Derivative,Benzodiazepines,Treatment of Anxiety disorder
amipox 25 mg/10 mg capsule,Y,NEURO CNS,NA,NA,Treatment of Depression
anxolep 0.5mg tablet,Y,NEURO CNS,Benzodiazepines Derivative,Benzodiazepines,Treatment of Anxiety disorder
anxipar 0.25mg tablet,Y,NEURO CNS,Benzodiazepines Derivative,Benzodiazepines,Treatment of Anxiety disorder
ap cobal 0.25mg/10mg tablet,Y,NEURO CNS,NA,NA,Anxiety disorder
atext-f 25mg/0.5mg tablet,Y,NEURO CNS,NA,NA,Depression
almax 0.50mg tablet,Y,NEURO CNS,Benzodiazepines Derivative,Benzodiazepines,Treatment of Anxiety
alprazol 0.25mg tablet,Y,NEURO CNS,Benzodiazepines Derivative,Benzodiazepines,Treatment of Anxiety
alzopax 0.25mg tablet,Y,NEURO CNS,Benzodiazepines Derivative,Benzodiazepines,Treatment of Anxiety
alpradon-p tablet,Y,NEURO CNS,NA,NA,Anxiety disorder
alzy 0.25mg tablet,Y,NEURO CNS,Benzodiazepines Derivative,Benzodiazepines,Treatment of Anxiety
acudol d tablet,Y,PAIN ANALGESICS,NA,NA,Treatment of Severe acute pain
acema p 37.5mg/325mg tablet,Y,PAIN ANALGESICS,NA,NA,Moderate to severe pain
anzi 0.5mg tablet sr,Y,NEURO CNS,Benzodiazepines Derivative,Benzodiazepines,Treatment of Anxiety
anxon 25mg tablet,Y,NEURO CNS,Benzodiazepines Derivative,Benzodiazepines,Severe anxiety
azo-f 0.25mg/20mg tablet,Y,NEURO CNS,NA,NA,Depression
alamflu 0.25mg/20mg tablet,Y,NEURO CNS,NA,NA,Depression
anxolep 1mg tablet,Y,NEURO CNS,Benzodiazepines Derivative,Benzodiazepines,Treatment of Anxiety disorder
alpradon 0.5mg tablet sr,Y,NEURO CNS,Benzodiazepines Derivative,Benzodiazepines,Treatment of Anxiety
alzolite 0.25mg tablet,Y,NEURO CNS,Benzodiazepines Derivative,Benzodiazepines,Treatment of Anxiety
azodem 10mg tablet,Y,NEURO CNS,Imidazopyridine Derivative,Non-benzodiazepine hypnotics (Z Compounds),Treatment of Insomnia
azenap 15mg tablet,Y,NEURO CNS,Benzodiazepines Derivative,Benzodiazepines,Short term anxiety
anxon h 10mg tablet,Y,NEURO CNS,Benzodiazepines Derivative,Benzodiazepines,Severe anxiety
alfix 0.25mg tablet,Y,NEURO CNS,Benzodiazepines Derivative,Benzodiazepines,Treatment of Anxiety
acirex 5mg/2.5mg tablet,Y,GASTRO INTESTINAL,NA,NA,Treatment of Irritable bowel syndrome
anzi-p 0.25mg/20mg tablet,Y,NEURO CNS,NA,NA,Anxiety disorder
altome 0.5mg tablet,Y,NEURO CNS,Benzodiazepines Derivative,Benzodiazepines,Treatment of Anxiety
amivane forte 25 mg/10 mg tablet,Y,NEURO CNS,NA,NA,Treatment of Depression
acidale tp 100mg/325mg/37.5mg tablet,Y,PAIN ANALGESICS,NA,NA,Pain relief
azom 0.5mg tablet,Y,NEURO CNS,Benzodiazepines Derivative,Benzodiazepines,Treatment of Anxiety
azox 0.5mg tablet sr,Y,NEURO CNS,Benzodiazepines Derivative,Benzodiazepines,Treatment of Anxiety
atline-p 12.5mg/5mg tablet,Y,NEURO CNS,NA,NA,Treatment of Depression
alprest 0.25mg tablet,Y,NEURO CNS,Benzodiazepines Derivative,Benzodiazepines,Treatment of Anxiety
amitar forte tablet,Y,NEURO CNS,NA,NA,Treatment of Depression
alpronit 0.5mg tablet,Y,NEURO CNS,Benzodiazepines Derivative,Benzodiazepines,Treatment of Anxiety
amzee h 12.5mg/5mg tablet,Y,NEURO CNS,NA,NA,Treatment of Depression
anxigo 0.125mg tablet,Y,NEURO CNS,Benzodiazepines Derivative,Benzodiazepines,Treatment of Anxiety
alpradream tablet,Y,NEURO CNS,Benzodiazepines Derivative,Benzodiazepines,Treatment of Anxiety
arzepam 0.25mg tablet,Y,NEURO CNS,Benzodiazepines Derivative,Benzodiazepines,Treatment of Anxiety disorder
alpviram plus 0.25 mg/20 mg tablet,Y,NEURO CNS,NA,NA,Anxiety disorder
achidol 37.5mg/325mg tablet,Y,PAIN ANALGESICS,NA,NA,Moderate to severe pain
alprac 0.5mg tablet,Y,NEURO CNS,Benzodiazepines Derivative,Benzodiazepines,Treatment of Anxiety
afdol injection,Y,PAIN ANALGESICS,Anisole Derivative,Opioids,Moderate to severe pain
anxigon 0.5mg tablet,Y,NEURO CNS,Benzodiazepines Derivative,Benzodiazepines,Treatment of Anxiety
ansilumirm 1mg tablet sr,Y,NEURO CNS,Benzodiazepines Derivative,Benzodiazepines,Treatment of Anxiety
adnil 0.5mg tablet,Y,NEURO CNS,Benzodiazepines Derivative,Benzodiazepines,Treatment of Anxiety disorder
apizam 5 tablet,Y,NEURO CNS,Benzodiazepines Derivative,Benzodiazepines,Treatment of Epilepsy/Seizures
alprozam 1mg tablet,Y,NEURO CNS,Benzodiazepines Derivative,Benzodiazepines,Treatment of Anxiety
alpkair 0.25mg tablet,Y,NEURO CNS,Benzodiazepines Derivative,Benzodiazepines,Treatment of Anxiety
alproz 0.25mg tablet,Y,NEURO CNS,Benzodiazepines Derivative,Benzodiazepines,Treatment of Anxiety
axnil 0.5mg tablet,Y,NEURO CNS,Benzodiazepines Derivative,Benzodiazepines,Treatment of Anxiety
avtram 50mg injection,Y,PAIN ANALGESICS,Anisole Derivative,Opioids,Moderate to severe pain
aenzo 0.25mg tablet,Y,NEURO CNS,Benzodiazepines Derivative,Benzodiazepines,Treatment of Anxiety
alzy plus 0.5mg/50mg tablet,Y,NEURO CNS,NA,NA,Depression
arzepam 2mg tablet,Y,NEURO CNS,Benzodiazepines Derivative,Benzodiazepines,Treatment of Anxiety disorder
alpraf 0.5mg tablet,Y,NEURO CNS,Benzodiazepines Derivative,Benzodiazepines,Treatment of Anxiety
asdol-p tablet,Y,PAIN ANALGESICS,NA,NA,Moderate to severe pain
alroz 0.5mg tablet,Y,NEURO CNS,Benzodiazepines Derivative,Benzodiazepines,Treatment of Anxiety
alfix 0.5mg tablet,Y,NEURO CNS,Benzodiazepines Derivative,Benzodiazepines,Treatment of Anxiety
alwel 0.5mg tablet,Y,NEURO CNS,Benzodiazepines Derivative,Benzodiazepines,Treatment of Anxiety
alsium tablet,Y,NEURO CNS,Benzodiazepines Derivative,Benzodiazepines,Treatment of Epilepsy/Seizures
anxilam 0.5mg tablet,Y,NEURO CNS,Benzodiazepines Derivative,Benzodiazepines,Treatment of Anxiety
antadol tablet,Y,PAIN ANALGESICS,NA,NA,Pain relief
anilam 0.25mg tablet,Y,NEURO CNS,Benzodiazepines Derivative,Benzodiazepines,Treatment of Anxiety
anpress-q tablet,Y,NEURO CNS,Benzodiazepines Derivative,Benzodiazepines,Treatment of Anxiety
afd-clona 1mg tablet md,Y,NEURO CNS,Benzodiazepines Derivative,Benzodiazepines,Treatment of Anxiety disorder
amity-c 12.5mg/5 mg tablet,Y,NEURO CNS,NA,NA,Treatment of Depression
apal sr 0.5mg tablet,Y,NEURO CNS,Benzodiazepines Derivative,Benzodiazepines,Treatment of Anxiety
alprasys 0.25 tablet,Y,NEURO CNS,Benzodiazepines Derivative,Benzodiazepines,Treatment of Anxiety
andep-cd tablet,Y,GASTRO INTESTINAL,NA,NA,Treatment of Irritable bowel syndrome
alzorin p 0.25mg/10mg tablet,Y,NEURO CNS,NA,NA,Anxiety disorder
aksitram ef effervescent tablet,Y,PAIN ANALGESICS,NA,NA,Pain relief
alpa 0.25mg tablet,Y,NEURO CNS,Benzodiazepines Derivative,Benzodiazepines,Treatment of Anxiety
acezon t 37.5mg/325mg tablet,Y,PAIN ANALGESICS,NA,NA,Moderate to severe pain
arrestadol-p tablet,Y,PAIN ANALGESICS,NA,NA,Moderate to severe pain
amitrac-cz 25mg/10mg tablet,Y,NEURO CNS,NA,NA,Treatment of Depression
anxigo 0.5mg tablet,Y,NEURO CNS,Benzodiazepines Derivative,Benzodiazepines,Treatment of Anxiety
anxitab tablet,Y,NEURO CNS,NA,NA,Depression
adamon 50mg capsule,Y,PAIN ANALGESICS,Anisole Derivative,Opioids,Moderate to severe pain
alpam 0.5mg tablet,Y,NEURO CNS,Benzodiazepines Derivative,Benzodiazepines,Treatment of Anxiety
axofast syrup,Y,RESPIRATORY,NA,NA,Dry cough
anxiless 0.25mg tablet,Y,NEURO CNS,Benzodiazepines Derivative,Benzodiazepines,Treatment of Anxiety
alzex forte 0.5 mg/50 mg tablet,Y,NEURO CNS,NA,NA,Depression
asque duo tablet,Y,PAIN ANALGESICS,NA,NA,Pain relief
azo-s 0.5mg/25mg tablet,Y,NEURO CNS,NA,NA,Depression
anesthal 500mg injection,Y,PAIN ANALGESICS,Ultrashort-Acting Barbituric Acid Derivative,Barbiturate,Anesthesia
amtradol injection,Y,PAIN ANALGESICS,Anisole Derivative,Opioids,Moderate to severe pain
anxidep 2mg/25mg tablet,Y,NEURO CNS,NA,NA,Depression
alzokam 0.25mg tablet,Y,NEURO CNS,Benzodiazepines Derivative,Benzodiazepines,Treatment of Anxiety
anxyl 0.25mg tablet,Y,NEURO CNS,Benzodiazepines Derivative,Benzodiazepines,Treatment of Anxiety
apal sr 1.5mg tablet,Y,NEURO CNS,Benzodiazepines Derivative,Benzodiazepines,Treatment of Anxiety
angidol p 37.5mg/325mg tablet,Y,PAIN ANALGESICS,NA,NA,Moderate to severe pain
avizolam 0.25mg/20mg tablet,Y,NEURO CNS,NA,NA,Anxiety disorder
anatra 325 mg/37.5 mg tablet,Y,PAIN ANALGESICS,NA,NA,Pain relief
alzom 0.25mg tablet,Y,NEURO CNS,Benzodiazepines Derivative,Benzodiazepines,Treatment of Anxiety
alprazan 1mg tablet,Y,NEURO CNS,Benzodiazepines Derivative,Benzodiazepines,Treatment of Anxiety
alprozam 0.25mg tablet,Y,NEURO CNS,Benzodiazepines Derivative,Benzodiazepines,Treatment of Anxiety
alcalm 0.25mg tablet,Y,NEURO CNS,Benzodiazepines Derivative,Benzodiazepines,Treatment of Anxiety
alpron 0.5mg tablet,Y,NEURO CNS,Benzodiazepines Derivative,Benzodiazepines,Treatment of Anxiety
adinep 5mg tablet,Y,NEURO CNS,Benzodiazepines Derivative,Benzodiazepines,Treatment of Epilepsy/Seizures
anxispas tablet,Y,GASTRO INTESTINAL,NA,NA,Treatment of Irritable bowel syndrome
aedon 10 mg tablet,Y,NEURO CNS,Benzodiazepines Derivative,Benzodiazepines,Treatment of Epilepsy/Seizures
alprocontin 1.5mg tablet sr,Y,NEURO CNS,Benzodiazepines Derivative,Benzodiazepines,Treatment of Anxiety
alpram 0.25mg tablet,Y,NEURO CNS,Benzodiazepines Derivative,Benzodiazepines,Treatment of Anxiety
anudol 500mg/50mg tablet,Y,PAIN ANALGESICS,NA,NA,Pain relief
adzolam 0.25mg tablet,Y,NEURO CNS,Benzodiazepines Derivative,Benzodiazepines,Treatment of Anxiety
alzopax 1.5mg tablet sr,Y,NEURO CNS,Benzodiazepines Derivative,Benzodiazepines,Treatment of Anxiety
alpose 1mg tablet,Y,NEURO CNS,Benzodiazepines Derivative,Benzodiazepines,Treatment of Anxiety
apps 0.25mg/20mg tablet,Y,NEURO CNS,NA,NA,Anxiety disorder
adzolam 0.5mg tablet,Y,NEURO CNS,Benzodiazepines Derivative,Benzodiazepines,Treatment of Anxiety
amivane plus 12.5 mg/5 mg tablet,Y,NEURO CNS,NA,NA,Treatment of Depression
alzorix 0.25mg tablet,Y,NEURO CNS,Benzodiazepines Derivative,Benzodiazepines,Treatment of Anxiety
atline-f 25mg/10mg tablet,Y,NEURO CNS,NA,NA,Treatment of Depression
arkapam 1mg tablet,Y,RESPIRATORY,Benzodiazepines Derivative,Benzodiazepines,Treatment of Short term anxiety
alzopam 0.5mg tablet,Y,NEURO CNS,Benzodiazepines Derivative,Benzodiazepines,Treatment of Anxiety
anxigo 1mg tablet sr,Y,NEURO CNS,Benzodiazepines Derivative,Benzodiazepines,Treatment of Anxiety
acent pt 100mg/325mg/37.5mg tablet,Y,PAIN ANALGESICS,NA,NA,Pain relief
apex plus 0.25mg/20mg tablet,Y,NEURO CNS,NA,NA,Anxiety disorder
amiris 12.5mg/5mg tablet,Y,NEURO CNS,NA,NA,Treatment of Depression
axtra 37.5mg/325mg tablet,Y,PAIN ANALGESICS,NA,NA,Moderate to severe pain
alzoact 0.25mg tablet,Y,NEURO CNS,Benzodiazepines Derivative,Benzodiazepines,Treatment of Anxiety
axedol 100mg injection,Y,PAIN ANALGESICS,Anisole Derivative,Opioids,Moderate to severe pain
abidol 100mg injection,Y,PAIN ANALGESICS,Anisole Derivative,Opioids,Moderate to severe pain
anxibrium 25mg tablet,Y,NEURO CNS,Benzodiazepines Derivative,Benzodiazepines,Severe anxiety
anesthal 1gm injection,Y,PAIN ANALGESICS,Ultrashort-Acting Barbituric Acid Derivative,Barbiturate,Anesthesia
apal p 0.25mg/20mg tablet,Y,NEURO CNS,NA,NA,Anxiety disorder
alecta plus 325mg/37.5mg tablet,Y,PAIN ANALGESICS,NA,NA,Pain relief
arkalam 0.25mg tablet,Y,NEURO CNS,Benzodiazepines Derivative,Benzodiazepines,Treatment of Anxiety
aldol tp 50mg/500mg tablet,Y,PAIN ANALGESICS,NA,NA,Moderate to severe pain
astol 50mg capsule,Y,PAIN ANALGESICS,Anisole Derivative,Opioids,Moderate to severe pain
alzolite 0.50mg tablet,Y,NEURO CNS,Benzodiazepines Derivative,Benzodiazepines,Treatment of Anxiety
alprazit 0.25mg tablet,Y,NEURO CNS,Benzodiazepines Derivative,Benzodiazepines,Treatment of Anxiety
alprawin 0.25mg tablet,Y,NEURO CNS,Benzodiazepines Derivative,Benzodiazepines,Treatment of Anxiety
alpra g 0.25mg tablet,Y,NEURO CNS,Benzodiazepines Derivative,Benzodiazepines,Treatment of Anxiety
arkalam 0.5mg tablet,Y,NEURO CNS,Benzodiazepines Derivative,Benzodiazepines,Treatment of Anxiety
alzomax 0.25mg tablet,Y,NEURO CNS,Benzodiazepines Derivative,Benzodiazepines,Treatment of Anxiety
anxo pr 0.25mg/20mg tablet,Y,NEURO CNS,NA,NA,Anxiety disorder
allert p 0.25mg/20mg tablet,Y,NEURO CNS,NA,NA,Anxiety disorder
acoprax 0.5mg tablet sr,Y,NEURO CNS,Benzodiazepines Derivative,Benzodiazepines,Treatment of Anxiety
andant capsule,Y,NEURO CNS,Pyrazolopyrimidine Derivative,Non-benzodiazepine hypnotics (Z Compounds),Insomnia
alpradon 0.25mg tablet,Y,NEURO CNS,Benzodiazepines Derivative,Benzodiazepines,Treatment of Anxiety
alprac 0.25mg tablet,Y,NEURO CNS,Benzodiazepines Derivative,Benzodiazepines,Treatment of Anxiety
alark 0.5mg tablet,Y,NEURO CNS,Benzodiazepines Derivative,Benzodiazepines,Treatment of Anxiety
amitrix 12.5mg/5mg tablet,Y,NEURO CNS,NA,NA,Treatment of Depression
alzoset 0.25mg/25mg tablet,Y,NEURO CNS,NA,NA,Depression
aenzo 0.5mg tablet,Y,NEURO CNS,Benzodiazepines Derivative,Benzodiazepines,Treatment of Anxiety
anirest 0.5mg tablet md,Y,NEURO CNS,Benzodiazepines Derivative,Benzodiazepines,Treatment of Anxiety disorder
amzol 0.5mg tablet,Y,NEURO CNS,Benzodiazepines Derivative,Benzodiazepines,Treatment of Anxiety
armadol 50mg tablet,Y,PAIN ANALGESICS,Anisole Derivative,Opioids,Moderate to severe pain
adcloz 2mg tablet md,Y,NEURO CNS,Benzodiazepines Derivative,Benzodiazepines,Treatment of Anxiety disorder
alsert 0.5mg/25mg tablet,Y,NEURO CNS,NA,NA,Depression
alpramax 0.25mg tablet cr,Y,NEURO CNS,Benzodiazepines Derivative,Benzodiazepines,Treatment of Anxiety
anxigo 0.25mg tablet,Y,NEURO CNS,Benzodiazepines Derivative,Benzodiazepines,Treatment of Anxiety
amichlor ds 25 mg/10 mg tablet,Y,NEURO CNS,NA,NA,Treatment of Depression
alzopax 1mg tablet xr,Y,NEURO CNS,Benzodiazepines Derivative,Benzodiazepines,Treatment of Anxiety
aldip 0.25mg tablet,Y,NEURO CNS,Benzodiazepines Derivative,Benzodiazepines,Treatment of Anxiety
alprazan 0.5mg tablet,Y,NEURO CNS,Benzodiazepines Derivative,Benzodiazepines,Treatment of Anxiety
anexidep 2 mg/25 mg tablet,Y,NEURO CNS,NA,NA,Depression
anxizide 20mg tablet,Y,NEURO CNS,Benzodiazepines Derivative,Benzodiazepines,Severe anxiety
apsolam 0.5mg tablet,Y,NEURO CNS,Benzodiazepines Derivative,Benzodiazepines,Treatment of Anxiety
allert 0.25mg tablet,Y,NEURO CNS,Benzodiazepines Derivative,Benzodiazepines,Treatment of Anxiety
anxinix 0.25mg tablet,Y,NEURO CNS,Benzodiazepines Derivative,Benzodiazepines,Treatment of Anxiety
alpradol 0.5mg tablet,Y,NEURO CNS,Benzodiazepines Derivative,Benzodiazepines,Treatment of Anxiety
admadol 50mg capsule,Y,PAIN ANALGESICS,Anisole Derivative,Opioids,Moderate to severe pain
allert 0.5mg tablet,Y,NEURO CNS,Benzodiazepines Derivative,Benzodiazepines,Treatment of Anxiety
alproenar 0.25mg tablet,Y,NEURO CNS,Benzodiazepines Derivative,Benzodiazepines,Treatment of Anxiety
alpramax 1mg tablet sr,Y,NEURO CNS,Benzodiazepines Derivative,Benzodiazepines,Treatment of Anxiety
alzex plus 0.25 mg/25 mg tablet,Y,NEURO CNS,NA,NA,Depression
alzo 0.25mg tablet,Y,NEURO CNS,Benzodiazepines Derivative,Benzodiazepines,Treatment of Anxiety
alzonex 0.5mg tablet,Y,NEURO CNS,Benzodiazepines Derivative,Benzodiazepines,Treatment of Anxiety
azicalm tablet,Y,NEURO CNS,NA,NA,Anxiety disorder
apal sr 1mg tablet,Y,NEURO CNS,Benzodiazepines Derivative,Benzodiazepines,Treatment of Anxiety
alpradol 0.25mg tablet md,Y,NEURO CNS,Benzodiazepines Derivative,Benzodiazepines,Treatment of Anxiety
aropam c 0.25mg/10mg tablet,Y,NEURO CNS,NA,NA,Treatment of Anxiety disorder
altranova injection,Y,PAIN ANALGESICS,Anisole Derivative,Opioids,Moderate to severe pain
aksitram ef effervescent tablet orange,Y,PAIN ANALGESICS,NA,NA,Pain relief
aldep 0.5mg tablet,Y,NEURO CNS,Benzodiazepines Derivative,Benzodiazepines,Treatment of Anxiety
alprasert 0.25mg/25mg tablet,Y,NEURO CNS,NA,NA,Depression
ancolam 1.5mg tablet sr,Y,NEURO CNS,Benzodiazepines Derivative,Benzodiazepines,Treatment of Anxiety
anzi 0.5mg tablet,Y,NEURO CNS,Benzodiazepines Derivative,Benzodiazepines,Treatment of Anxiety
almee 0.5mg tablet,Y,NEURO CNS,Benzodiazepines Derivative,Benzodiazepines,Treatment of Anxiety
amzee plus 25mg/10mg tablet,Y,NEURO CNS,NA,NA,Treatment of Depression
ariprax p 0.25mg/20mg tablet,Y,NEURO CNS,NA,NA,Anxiety disorder
amitrox cd 5mg/12.5mg tablet,Y,NEURO CNS,NA,NA,Treatment of Depression
alprocam 0.5mg tablet,Y,NEURO CNS,Benzodiazepines Derivative,Benzodiazepines,Treatment of Anxiety
alzep 0.5mg tablet,Y,NEURO CNS,Benzodiazepines Derivative,Benzodiazepines,Treatment of Anxiety
alroz 0.25mg tablet,Y,NEURO CNS,Benzodiazepines Derivative,Benzodiazepines,Treatment of Anxiety
alzopam 0.25mg tablet,Y,NEURO CNS,Benzodiazepines Derivative,Benzodiazepines,Treatment of Anxiety
alzot 0.5mg tablet sr,Y,NEURO CNS,Benzodiazepines Derivative,Benzodiazepines,Treatment of Anxiety
alzex 1mg tablet sr,Y,NEURO CNS,Benzodiazepines Derivative,Benzodiazepines,Treatment of Anxiety
azox 1mg tablet sr,Y,NEURO CNS,Benzodiazepines Derivative,Benzodiazepines,Treatment of Anxiety
alprater 0.25mg tablet,Y,NEURO CNS,Benzodiazepines Derivative,Benzodiazepines,Treatment of Anxiety
aldol t 100mg injection,Y,PAIN ANALGESICS,Anisole Derivative,Opioids,Moderate to severe pain
anzi 0.25mg tablet,Y,NEURO CNS,Benzodiazepines Derivative,Benzodiazepines,Treatment of Anxiety
axizox 1mg tablet,Y,NEURO CNS,Benzodiazepines Derivative,Benzodiazepines,Treatment of Anxiety
alprolax 0.25mg/20mg tablet,Y,NEURO CNS,NA,NA,Anxiety disorder
alprest 0.5 tablet,Y,NEURO CNS,Benzodiazepines Derivative,Benzodiazepines,Treatment of Anxiety
alpraday 0.25mg tablet,Y,NEURO CNS,Benzodiazepines Derivative,Benzodiazepines,Treatment of Anxiety
almee 1mg tablet,Y,NEURO CNS,Benzodiazepines Derivative,Benzodiazepines,Treatment of Anxiety
alopam 0.25mg tablet,Y,NEURO CNS,Benzodiazepines Derivative,Benzodiazepines,Treatment of Anxiety disorder
alora 1.5mg tablet sr,Y,NEURO CNS,Benzodiazepines Derivative,Benzodiazepines,Treatment of Anxiety
apz 0.5mg tablet,Y,NEURO CNS,Benzodiazepines Derivative,Benzodiazepines,Treatment of Anxiety
alark 0.25mg tablet,Y,NEURO CNS,Benzodiazepines Derivative,Benzodiazepines,Treatment of Anxiety
alzot 1mg tablet sr,Y,NEURO CNS,Benzodiazepines Derivative,Benzodiazepines,Treatment of Anxiety
avtram p 50mg/325mg tablet,Y,PAIN ANALGESICS,NA,NA,Moderate to severe pain
avidol 100mg injection,Y,PAIN ANALGESICS,Anisole Derivative,Opioids,Moderate to severe pain
alzet 0.50 tablet,Y,NEURO CNS,Benzodiazepines Derivative,Benzodiazepines,Treatment of Anxiety
arizal p 0.25mg/10mg tablet,Y,NEURO CNS,NA,NA,Anxiety disorder
altzibarem 0.5mg tablet,Y,NEURO CNS,Benzodiazepines Derivative,Benzodiazepines,Treatment of Anxiety
albiz-fx 0.25mg/20mg tablet,Y,NEURO CNS,NA,NA,Depression
anilam 0.5mg tablet,Y,NEURO CNS,Benzodiazepines Derivative,Benzodiazepines,Treatment of Anxiety
alprocalm 0.25mg tablet,Y,NEURO CNS,Benzodiazepines Derivative,Benzodiazepines,Treatment of Anxiety
anxer 0.5mg tablet,Y,NEURO CNS,Benzodiazepines Derivative,Benzodiazepines,Treatment of Anxiety
alzotime plus tablet,Y,NEURO CNS,NA,NA,Anxiety disorder
ancolam 1mg tablet sr,Y,NEURO CNS,Benzodiazepines Derivative,Benzodiazepines,Treatment of Anxiety
alpviram 0.25mg tablet,Y,NEURO CNS,Benzodiazepines Derivative,Benzodiazepines,Treatment of Anxiety
altok 0.25mg tablet,Y,NEURO CNS,Benzodiazepines Derivative,Benzodiazepines,Treatment of Anxiety
actirax 0.5mg tablet,Y,NEURO CNS,Benzodiazepines Derivative,Benzodiazepines,Treatment of Anxiety
alprasys f tablet,Y,NEURO CNS,NA,NA,Depression
altawin s 0.5mg/50mg tablet,Y,NEURO CNS,NA,NA,Depression
alzopax 1mg tablet,Y,NEURO CNS,Benzodiazepines Derivative,Benzodiazepines,Treatment of Anxiety
alzopax 0.5mg tablet,Y,NEURO CNS,Benzodiazepines Derivative,Benzodiazepines,Treatment of Anxiety
adcloz 1mg tablet md,Y,NEURO CNS,Benzodiazepines Derivative,Benzodiazepines,Treatment of Anxiety disorder
axytram 100mg injection,Y,PAIN ANALGESICS,Anisole Derivative,Opioids,Moderate to severe pain
alidol p 37.5mg/325mg tablet,Y,PAIN ANALGESICS,NA,NA,Moderate to severe pain
alproman 0.25mg tablet,Y,NEURO CNS,Benzodiazepines Derivative,Benzodiazepines,Treatment of Anxiety
aike t 100mg injection,Y,PAIN ANALGESICS,Anisole Derivative,Opioids,Moderate to severe pain
achidol 100mg injection,Y,PAIN ANALGESICS,Anisole Derivative,Opioids,Moderate to severe pain
alpviram plus h 0.25 mg/10 mg tablet,Y,NEURO CNS,NA,NA,Anxiety disorder
alcalm 0.5mg tablet,Y,NEURO CNS,Benzodiazepines Derivative,Benzodiazepines,Treatment of Anxiety
avidip m 5mg/2.5mg tablet,Y,GASTRO INTESTINAL,NA,NA,Treatment of Irritable bowel syndrome
ateez f 0.25mg/20mg tablet,Y,NEURO CNS,NA,NA,Depression
atek 0.5mg tablet,Y,NEURO CNS,Benzodiazepines Derivative,Benzodiazepines,Treatment of Anxiety
aranxit 0.25mg/20mg tablet,Y,NEURO CNS,NA,NA,Anxiety disorder
ariprax 1.5mg tablet sr,Y,NEURO CNS,Benzodiazepines Derivative,Benzodiazepines,Treatment of Anxiety
ambutech 0.25mg/20mg tablet,Y,NEURO CNS,NA,NA,Anxiety disorder
alprahil 0.5mg tablet,Y,NEURO CNS,Benzodiazepines Derivative,Benzodiazepines,Treatment of Anxiety
aeltram 100mg injection,Y,PAIN ANALGESICS,Anisole Derivative,Opioids,Moderate to severe pain
anxicure 1mg tablet,Y,NEURO CNS,Benzodiazepines Derivative,Benzodiazepines,Treatment of Anxiety disorder
amtilin dp 12.5mg/5mg tablet,Y,NEURO CNS,NA,NA,Treatment of Depression
alp ft 0.25mg/20mg tablet,Y,NEURO CNS,NA,NA,Depression
alrif 1mg tablet xr,Y,NEURO CNS,Benzodiazepines Derivative,Benzodiazepines,Treatment of Anxiety
alzokam 1mg tablet sr,Y,NEURO CNS,Benzodiazepines Derivative,Benzodiazepines,Treatment of Anxiety
alprazit 0.5mg tablet,Y,NEURO CNS,Benzodiazepines Derivative,Benzodiazepines,Treatment of Anxiety
acoprax 1mg tablet sr,Y,NEURO CNS,Benzodiazepines Derivative,Benzodiazepines,Treatment of Anxiety
amrea-c 25mg/10mg tablet,Y,NEURO CNS,NA,NA,Treatment of Depression
alprasan 0.25mg tablet,Y,NEURO CNS,Benzodiazepines Derivative,Benzodiazepines,Treatment of Anxiety
amidez forte tablet,Y,NEURO CNS,NA,NA,Treatment of Depression
abizolam 0.5mg tablet,Y,NEURO CNS,Benzodiazepines Derivative,Benzodiazepines,Treatment of Anxiety
avdol 50mg capsule,Y,PAIN ANALGESICS,Anisole Derivative,Opioids,Moderate to severe pain
alock tp tablet,Y,PAIN ANALGESICS,NA,NA,Pain relief
alfresh 0.25mg tablet,Y,NEURO CNS,Benzodiazepines Derivative,Benzodiazepines,Treatment of Anxiety
anxigo 0.5mg tablet sr,Y,NEURO CNS,Benzodiazepines Derivative,Benzodiazepines,Treatment of Anxiety
alprotame 0.5mg tablet,Y,NEURO CNS,Benzodiazepines Derivative,Benzodiazepines,Treatment of Anxiety
axytram-p 500mg/37.5mg tablet,Y,PAIN ANALGESICS,NA,NA,Pain relief
alzolite forte 0.25mg/20mg tablet,Y,NEURO CNS,NA,NA,Anxiety disorder
amtriz ls 25mg/10mg tablet,Y,NEURO CNS,NA,NA,Treatment of Depression
alopam 1mg tablet,Y,NEURO CNS,Benzodiazepines Derivative,Benzodiazepines,Treatment of Anxiety disorder
alprowon 0.25mg tablet,Y,NEURO CNS,Benzodiazepines Derivative,Benzodiazepines,Treatment of Anxiety
apz 0.25mg tablet,Y,NEURO CNS,Benzodiazepines Derivative,Benzodiazepines,Treatment of Anxiety
acema 50mg injection,Y,PAIN ANALGESICS,Anisole Derivative,Opioids,Moderate to severe pain
alzocum 0.5mg tablet,Y,NEURO CNS,Benzodiazepines Derivative,Benzodiazepines,Treatment of Anxiety
anxrea 0.5mg tablet,Y,NEURO CNS,Benzodiazepines Derivative,Benzodiazepines,Treatment of Anxiety disorder
atlotram 100mg injection,Y,PAIN ANALGESICS,Anisole Derivative,Opioids,Moderate to severe pain
aecef t 100mg injection,Y,PAIN ANALGESICS,Anisole Derivative,Opioids,Moderate to severe pain
aciky-pt 100mg/325mg/37.5mg tablet,Y,PAIN ANALGESICS,NA,NA,Pain relief
alproenar 0.5mg tablet,Y,NEURO CNS,Benzodiazepines Derivative,Benzodiazepines,Treatment of Anxiety
anxeron 0.5mg tablet,Y,NEURO CNS,Benzodiazepines Derivative,Benzodiazepines,Treatment of Anxiety
aryalam 0.25mg tablet,Y,NEURO CNS,Benzodiazepines Derivative,Benzodiazepines,Treatment of Anxiety
avudol 100mg injection,Y,PAIN ANALGESICS,Anisole Derivative,Opioids,Moderate to severe pain
ariprax 0.25mg tablet,Y,NEURO CNS,Benzodiazepines Derivative,Benzodiazepines,Treatment of Anxiety
alprasys-p tablet,Y,NEURO CNS,NA,NA,Anxiety disorder
anxigo 1mg tablet,Y,NEURO CNS,Benzodiazepines Derivative,Benzodiazepines,Treatment of Anxiety
altok 1mg tablet,Y,NEURO CNS,Benzodiazepines Derivative,Benzodiazepines,Treatment of Anxiety
alprogard 0.50mg tablet,Y,NEURO CNS,Benzodiazepines Derivative,Benzodiazepines,Treatment of Anxiety
alprosym 0.25mg tablet,Y,NEURO CNS,Benzodiazepines Derivative,Benzodiazepines,Treatment of Anxiety
alprorex 0.5mg tablet,Y,NEURO CNS,Benzodiazepines Derivative,Benzodiazepines,Treatment of Anxiety
avdol 100mg injection,Y,PAIN ANALGESICS,Anisole Derivative,Opioids,Moderate to severe pain
alidol 50mg injection,Y,PAIN ANALGESICS,Anisole Derivative,Opioids,Moderate to severe pain
alpraf 0.25mg tablet,Y,NEURO CNS,Benzodiazepines Derivative,Benzodiazepines,Treatment of Anxiety
alep 0.25mg tablet,Y,NEURO CNS,Benzodiazepines Derivative,Benzodiazepines,Treatment of Anxiety
azoslip 0.25mg tablet,Y,NEURO CNS,Benzodiazepines Derivative,Benzodiazepines,Treatment of Anxiety
alzocum 1.5mg tablet,Y,NEURO CNS,Benzodiazepines Derivative,Benzodiazepines,Treatment of Anxiety
alpkair 0.5mg tablet,Y,NEURO CNS,Benzodiazepines Derivative,Benzodiazepines,Treatment of Anxiety
alzocum 1mg tablet,Y,NEURO CNS,Benzodiazepines Derivative,Benzodiazepines,Treatment of Anxiety
axizox 0.25mg tablet,Y,NEURO CNS,Benzodiazepines Derivative,Benzodiazepines,Treatment of Anxiety
alzy 1mg tablet sr,Y,NEURO CNS,Benzodiazepines Derivative,Benzodiazepines,Treatment of Anxiety
alcicalm 0.25mg tablet,Y,NEURO CNS,Benzodiazepines Derivative,Benzodiazepines,Treatment of Anxiety
aryalam 0.50mg tablet,Y,NEURO CNS,Benzodiazepines Derivative,Benzodiazepines,Treatment of Anxiety
alprawin p 0.25mg/20mg tablet,Y,NEURO CNS,NA,NA,Anxiety disorder
alprater 0.5mg tablet,Y,NEURO CNS,Benzodiazepines Derivative,Benzodiazepines,Treatment of Anxiety
alprowon 0.5mg tablet,Y,NEURO CNS,Benzodiazepines Derivative,Benzodiazepines,Treatment of Anxiety
alpriz 0.5mg tablet,Y,NEURO CNS,Benzodiazepines Derivative,Benzodiazepines,Treatment of Anxiety
alprasant 0.25mg tablet,Y,NEURO CNS,Benzodiazepines Derivative,Benzodiazepines,Treatment of Anxiety
albiz 0.5mg tablet,Y,NEURO CNS,Benzodiazepines Derivative,Benzodiazepines,Treatment of Anxiety
acoprax 1.5mg tablet sr,Y,NEURO CNS,Benzodiazepines Derivative,Benzodiazepines,Treatment of Anxiety
ariprax 1mg tablet sr,Y,NEURO CNS,Benzodiazepines Derivative,Benzodiazepines,Treatment of Anxiety
admadol 100mg injection,Y,PAIN ANALGESICS,Anisole Derivative,Opioids,Moderate to severe pain
asradol 100mg injection,Y,PAIN ANALGESICS,Anisole Derivative,Opioids,Moderate to severe pain
alpraday 0.5mg tablet,Y,NEURO CNS,Benzodiazepines Derivative,Benzodiazepines,Treatment of Anxiety
amzol 0.25mg tablet,Y,NEURO CNS,Benzodiazepines Derivative,Benzodiazepines,Treatment of Anxiety
alprawin ft 0.25mg/20mg tablet,Y,NEURO CNS,NA,NA,Depression
anatram 100mg injection,Y,PAIN ANALGESICS,Anisole Derivative,Opioids,Moderate to severe pain
azoslip 0.5mg tablet,Y,NEURO CNS,Benzodiazepines Derivative,Benzodiazepines,Treatment of Anxiety
amimax-h 12.5mg/5mg tablet,Y,NEURO CNS,NA,NA,Treatment of Depression
aece t 50mg/325mg tablet,Y,PAIN ANALGESICS,NA,NA,Moderate to severe pain
benizep capsule sr,Y,GASTRO INTESTINAL,NA,NA,Irritable bowel syndrome
buvalor 10mg transdermal patch,Y,NEURO CNS,Phenanthrenes Derivatives,Opioids- Partial agonist,Treatment of Moderate to severe pain
becalm 0.5mg tablet,Y,NEURO CNS,Benzodiazepines Derivative,Benzodiazepines,Treatment of Anxiety
buvalor 5mg transdermal patch,Y,NEURO CNS,Phenanthrenes Derivatives,Opioids- Partial agonist,Treatment of Moderate to severe pain
beta anxit 0.25 mg/20 mg tablet,Y,NEURO CNS,NA,NA,Anxiety disorder
buprigesic patch 10,Y,NEURO CNS,Phenanthrenes Derivatives,Opioids- Partial agonist,Treatment of Moderate to severe pain
benj 2mg tablet,Y,RESPIRATORY,Benzodiazepines Derivative,Benzodiazepines,Treatment of Short term anxiety
buprigesic 0.3mg injection,Y,NEURO CNS,Phenanthrenes Derivatives,Opioids- Partial agonist,Moderate to severe pain
buvalor 20mg transdermal patch,Y,NEURO CNS,Phenanthrenes Derivatives,Opioids- Partial agonist,Treatment of Moderate to severe pain
benj 1mg tablet,Y,RESPIRATORY,Benzodiazepines Derivative,Benzodiazepines,Treatment of Short term anxiety
buprigesic patch 5,Y,NEURO CNS,Phenanthrenes Derivatives,Opioids- Partial agonist,Treatment of Moderate to severe pain
bupatch 10mcg transdermal patch,Y,NEURO CNS,Phenanthrenes Derivatives,Opioids- Partial agonist,Treatment of Moderate to severe pain
becalm 0.25mg tablet,Y,NEURO CNS,Benzodiazepines Derivative,Benzodiazepines,Treatment of Anxiety
bupatch 20mcg transdermal patch,Y,NEURO CNS,Phenanthrenes Derivatives,Opioids- Partial agonist,Treatment of Moderate to severe pain
baronite 10mg tablet,Y,NEURO CNS,Benzodiazepines Derivative,Benzodiazepines,Treatment of Insomnia
barbee 25mg tablet,Y,NEURO CNS,Barbituric Acid Derivative,Barbiturate,Epilepsy/Seizures
bestodol tablet,Y,PAIN ANALGESICS,NA,NA,Pain relief
bupreplast 10mcg/hr transdermal patch,Y,NEURO CNS,Phenanthrenes Derivatives,Opioids- Partial agonist,Treatment of Moderate to severe pain
betapax tablet,Y,NEURO CNS,NA,NA,Anxiety disorder
beloc plus 0.25mg/20mg tablet,Y,NEURO CNS,NA,NA,Anxiety disorder
biotram plus 325 mg/37.5 mg tablet,Y,PAIN ANALGESICS,NA,NA,Pain relief
bupine 0.3mg injection,Y,NEURO CNS,Phenanthrenes Derivatives,Opioids- Partial agonist,Moderate to severe pain
buprocare 0.2mg tablet,Y,NEURO CNS,Phenanthrenes Derivatives,Opioids- Partial agonist,Opioid (Morphine) dependence
buprocare 0.4mg tablet,Y,NEURO CNS,Phenanthrenes Derivatives,Opioids- Partial agonist,Opioid (Morphine) dependence
benzopin 0.5mg tablet,Y,NEURO CNS,Benzodiazepines Derivative,Benzodiazepines,Treatment of Anxiety disorder
betapam lite 0.125mg/20mg tablet,Y,NEURO CNS,NA,NA,Anxiety disorder
buprocare 2mg tablet,Y,NEURO CNS,Phenanthrenes Derivatives,Opioids- Partial agonist,Opioid (Morphine) dependence
bexam 5mg tablet,Y,NEURO CNS,Benzodiazepines Derivative,Benzodiazepines,Treatment of Epilepsy/Seizures
buprocare 1mg tablet,Y,NEURO CNS,Phenanthrenes Derivatives,Opioids- Partial agonist,Opioid (Morphine) dependence
be sat plus 0.5mg/10mg tablet,Y,NEURO CNS,NA,NA,Treatment of Anxiety disorder
benzopam 5mg tablet,Y,NEURO CNS,Imidazopyridine Derivative,Non-benzodiazepine hypnotics (Z Compounds),Treatment of Insomnia
bkdol tablet,Y,PAIN ANALGESICS,NA,NA,Moderate to severe pain
benzo beta tablet,Y,NEURO CNS,NA,NA,Treatment of Anxiety disorder
be relax 0.25mg tablet,Y,NEURO CNS,Benzodiazepines Derivative,Benzodiazepines,Treatment of Anxiety
biryth 150 tablet,Y,NEURO CNS,Diphenylmethane Derivative,Stimulant/ Drug for excessive sleepiness,Narcolepsy (Uncontrollable daytime sleepiness)
benzosed 1mg injection,Y,NEURO CNS,Benzodiazepines Derivative,Benzodiazepines,Conscious sedation during diagnostic or therapeutic procedures
boze 10mg tablet,Y,NEURO CNS,Benzodiazepines Derivative,Benzodiazepines,Treatment of Epilepsy/Seizures
biosar 10mg/1mg tablet,Y,NEURO CNS,NA,NA,Schizophrenia
bestodol 100 injection,Y,PAIN ANALGESICS,Anisole Derivative,Opioids,Moderate to severe pain
biopose 5mg tablet,Y,NEURO CNS,Benzodiazepine Derivative,Benzodiazepines,Short term anxiety
benzopam 2mg tablet,Y,NEURO CNS,Imidazopyridine Derivative,Non-benzodiazepine hypnotics (Z Compounds),Treatment of Insomnia
bestilo plus 0.5mg/10mg tablet,Y,NEURO CNS,NA,NA,Treatment of Anxiety disorder
biodil p 50mg/500mg tablet,Y,PAIN ANALGESICS,NA,NA,Moderate to severe pain
barbee 50mg tablet,Y,NEURO CNS,Barbituric Acid Derivative,Barbiturate,Epilepsy/Seizures
besquil 0.5mg tablet,Y,NEURO CNS,Benzodiazepines Derivative,Benzodiazepines,Treatment of Anxiety
bivalex plus 0.5mg/10mg tablet,Y,NEURO CNS,NA,NA,Treatment of Anxiety disorder
barbinal 60mg tablet,Y,NEURO CNS,Barbituric Acid Derivative,Barbiturate,Epilepsy/Seizures
biodol 37.5mg/325mg tablet,Y,PAIN ANALGESICS,NA,NA,Moderate to severe pain
biozep forte 0.5mg/10mg tablet,Y,NEURO CNS,NA,NA,Treatment of Anxiety disorder
beetal 3mg tablet,Y,NEURO CNS,Barbituric Acid Derivative,Barbiturate,Epilepsy/Seizures
bio anxit cz 0.25mg/10mg tablet,Y,NEURO CNS,NA,NA,Treatment of Anxiety disorder
buprinor 0.3mg injection,Y,NEURO CNS,Phenanthrenes Derivatives,Opioids- Partial agonist,Moderate to severe pain
bolodol plus tablet,Y,PAIN ANALGESICS,NA,NA,Treatment of Severe acute pain
boze 5mg tablet,Y,NEURO CNS,Benzodiazepines Derivative,Benzodiazepines,Treatment of Epilepsy/Seizures
betapax m 0.25mg/10mg tablet,Y,NEURO CNS,NA,NA,Anxiety disorder
biotram 50mg capsule,Y,PAIN ANALGESICS,Anisole Derivative,Opioids,Moderate to severe pain
benzolam 0.25mg tablet,Y,NEURO CNS,Benzodiazepines Derivative,Benzodiazepines,Treatment of Anxiety
beetrip-plus 25mg/10mg tablet,Y,NEURO CNS,NA,NA,Treatment of Depression
be relax 0.5mg tablet,Y,NEURO CNS,Benzodiazepines Derivative,Benzodiazepines,Treatment of Anxiety
b kalm 0.50mg tablet,Y,NEURO CNS,Benzodiazepines Derivative,Benzodiazepines,Treatment of Anxiety
bocker-c tablet,Y,NEURO CNS,NA,NA,Treatment of Anxiety disorder
barbinal 30mg tablet,Y,NEURO CNS,Barbituric Acid Derivative,Barbiturate,Epilepsy/Seizures
belrest 10mg/1mg tablet,Y,NEURO CNS,NA,NA,Schizophrenia
brisdol plus 37.5mg/325mg tablet,Y,PAIN ANALGESICS,NA,NA,Moderate to severe pain
benzosed 5mg injection,Y,NEURO CNS,Benzodiazepines Derivative,Benzodiazepines,Conscious sedation during diagnostic or therapeutic procedures
bludol 50mg/325mg tablet,Y,PAIN ANALGESICS,NA,NA,Moderate to severe pain
bevorin plus 135mg/5mg tablet sr,Y,GASTRO INTESTINAL,NA,NA,Irritable bowel syndrome
blown 0.5mg tablet,Y,NEURO CNS,Benzodiazepines Derivative,Benzodiazepines,Treatment of Anxiety disorder
blispam-plus tablet,Y,NEURO CNS,NA,NA,Treatment of Anxiety disorder
brispam 0.25mg tablet md,Y,NEURO CNS,Benzodiazepines Derivative,Benzodiazepines,Treatment of Anxiety disorder
baronite 5mg tablet,Y,NEURO CNS,Benzodiazepines Derivative,Benzodiazepines,Treatment of Insomnia
blozam 5mg tablet,Y,NEURO CNS,Benzodiazepines Derivative,Benzodiazepines,Treatment of Epilepsy/Seizures
buprene 0.6mg injection,Y,NEURO CNS,Phenanthrenes Derivatives,Opioids- Partial agonist,Moderate to severe pain
brispam 0.5mg tablet md,Y,NEURO CNS,Benzodiazepines Derivative,Benzodiazepines,Treatment of Anxiety disorder
bliz 0.25mg tablet,Y,NEURO CNS,Benzodiazepines Derivative,Benzodiazepines,Treatment of Anxiety
barbinol 200mg injection,Y,NEURO CNS,Barbituric Acid Derivative,Barbiturate,Epilepsy/Seizures
blown ec 0.5mg/10mg tablet,Y,NEURO CNS,NA,NA,Treatment of Anxiety disorder
bazzy 10mg tablet,Y,NEURO CNS,Benzodiazepines Derivative,Benzodiazepines,Treatment of Epilepsy/Seizures
borphen 60mg tablet,Y,NEURO CNS,Barbituric Acid Derivative,Barbiturate,Epilepsy/Seizures
benzolam plus 0.25 mg/20 mg tablet,Y,NEURO CNS,NA,NA,Anxiety disorder
biopose 5mg injection,Y,NEURO CNS,Benzodiazepine Derivative,Benzodiazepines,Treatment of Short term anxiety
bcc 5mg/2.5mg tablet,Y,GASTRO INTESTINAL,NA,NA,Treatment of Irritable bowel syndrome
bio anxit cz 0.5mg/10mg tablet,Y,NEURO CNS,NA,NA,Treatment of Anxiety disorder
betapro dz 2.5mg/20mg tablet,Y,NEURO CNS,NA,NA,Anxiety disorder
bazzy 5mg tablet,Y,NEURO CNS,Benzodiazepines Derivative,Benzodiazepines,Treatment of Epilepsy/Seizures
benzolam forte 0.5mg tablet,Y,NEURO CNS,Benzodiazepines Derivative,Benzodiazepines,Treatment of Anxiety
bliz 0.5mg tablet,Y,NEURO CNS,Benzodiazepines Derivative,Benzodiazepines,Treatment of Anxiety
biozolam plus 0.25 mg/10 mg tablet,Y,NEURO CNS,NA,NA,Anxiety disorder
b kalm 0.25mg tablet,Y,NEURO CNS,Benzodiazepines Derivative,Benzodiazepines,Treatment of Anxiety
beecital plus 0.5mg/10mg tablet,Y,NEURO CNS,NA,NA,Treatment of Anxiety disorder
bioclock 0.5mg/3mg tablet,Y,NEURO CNS,NA,NA,Treatment of Insomnia
blozam 10mg tablet,Y,NEURO CNS,Benzodiazepines Derivative,Benzodiazepines,Treatment of Epilepsy/Seizures
barbinol 100mg injection,Y,NEURO CNS,Barbituric Acid Derivative,Barbiturate,Epilepsy/Seizures
b pam s 0.5mg/10mg tablet,Y,NEURO CNS,NA,NA,Treatment of Anxiety disorder
biokalm 1mg tablet,Y,RESPIRATORY,Benzodiazepines Derivative,Benzodiazepines,Treatment of Short term anxiety
betapram plus 0.5mg/10mg tablet,Y,NEURO CNS,NA,NA,Treatment of Anxiety disorder
b pam 1mg tablet,Y,NEURO CNS,Benzodiazepines Derivative,Benzodiazepines,Treatment of Anxiety disorder
bourex-d tablet,Y,GASTRO INTESTINAL,NA,NA,Treatment of Irritable bowel syndrome
bestodol 50mg injection,Y,PAIN ANALGESICS,Anisole Derivative,Opioids,Moderate to severe pain
barbinol 60mg tablet,Y,NEURO CNS,Barbituric Acid Derivative,Barbiturate,Epilepsy/Seizures
bigma 100mg injection,Y,PAIN ANALGESICS,Anisole Derivative,Opioids,Moderate to severe pain
borphen 30mg tablet,Y,NEURO CNS,Barbituric Acid Derivative,Barbiturate,Epilepsy/Seizures
bitalex 100mg injection,Y,PAIN ANALGESICS,Anisole Derivative,Opioids,Moderate to severe pain
besquil 0.25mg tablet,Y,NEURO CNS,Benzodiazepines Derivative,Benzodiazepines,Treatment of Anxiety
boxa 15mg tablet,Y,NEURO CNS,Benzodiazepines Derivative,Benzodiazepines,Short term anxiety
biolar 2mg tablet,Y,RESPIRATORY,Benzodiazepines Derivative,Benzodiazepines,Treatment of Short term anxiety
b pam 0.5mg tablet,Y,NEURO CNS,Benzodiazepines Derivative,Benzodiazepines,Treatment of Anxiety disorder
betaflam forte 400 mg/65 mg capsule,Y,PAIN ANALGESICS,NA,NA,Pain relief
bardol 100mg injection,Y,PAIN ANALGESICS,Anisole Derivative,Opioids,Moderate to severe pain
bio zolam 0.5mg tablet,Y,NEURO CNS,Benzodiazepines Derivative,Benzodiazepines,Treatment of Anxiety
betrimed plus 25mg/10mg tablet,Y,NEURO CNS,NA,NA,Treatment of Depression
betrizust plus 25mg/10mg tablet,Y,NEURO CNS,NA,NA,Treatment of Depression
betalax tablet,Y,NEURO CNS,NA,NA,Anxiety disorder
biodol t 37.5mg/325mg tablet,Y,PAIN ANALGESICS,NA,NA,Moderate to severe pain
bardep plus tablet,Y,NEURO CNS,NA,NA,Depression
bio zolam 0.25mg tablet,Y,NEURO CNS,Benzodiazepines Derivative,Benzodiazepines,Treatment of Anxiety
barbinol 30mg tablet,Y,NEURO CNS,Barbituric Acid Derivative,Barbiturate,Epilepsy/Seizures
biopam 0.5mg tablet,Y,NEURO CNS,Benzodiazepines Derivative,Benzodiazepines,Treatment of Anxiety disorder
b pam p 0.5mg/20mg tablet,Y,NEURO CNS,NA,NA,Treatment of Anxiety disorder
bren px 400mg/250mg/32.5mg tablet,Y,PAIN ANALGESICS,NA,NA,Pain relief
blispam-lite tablet,Y,NEURO CNS,NA,NA,Treatment of Anxiety disorder
bronolax 4mg/10mg syrup,Y,RESPIRATORY,NA,NA,Dry cough
biotram pd tablet,Y,PAIN ANALGESICS,NA,NA,Treatment of Severe acute pain
brudex tablet,Y,PAIN ANALGESICS,NA,NA,Pain relief
b pam 0.25mg tablet,Y,NEURO CNS,Benzodiazepines Derivative,Benzodiazepines,Treatment of Anxiety disorder
brisdol 100mg injection,Y,PAIN ANALGESICS,Anisole Derivative,Opioids,Moderate to severe pain
blozam 20mg tablet,Y,NEURO CNS,Benzodiazepines Derivative,Benzodiazepines,Treatment of Epilepsy/Seizures
benzax 0.5mg tablet,Y,NEURO CNS,Benzodiazepines Derivative,Benzodiazepines,Treatment of Anxiety
biokalm 2mg tablet,Y,RESPIRATORY,Benzodiazepines Derivative,Benzodiazepines,Treatment of Short term anxiety
belfa 0.25mg/20mg tablet,Y,NEURO CNS,NA,NA,Depression
bipnolol d 2.5mg/20mg tablet,Y,NEURO CNS,NA,NA,Anxiety disorder
biotram 50mg injection,Y,PAIN ANALGESICS,Anisole Derivative,Opioids,Moderate to severe pain
balzam pr 0.25mg/20mg tablet,Y,NEURO CNS,NA,NA,Anxiety disorder
biotrama 50mg injection,Y,PAIN ANALGESICS,Anisole Derivative,Opioids,Moderate to severe pain
bolodol 50mg injection,Y,PAIN ANALGESICS,Anisole Derivative,Opioids,Moderate to severe pain
bramadol 100mg injection,Y,PAIN ANALGESICS,Anisole Derivative,Opioids,Moderate to severe pain
bavmol p 50mg/325mg tablet,Y,PAIN ANALGESICS,NA,NA,Moderate to severe pain
bramadol 50mg injection,Y,PAIN ANALGESICS,Anisole Derivative,Opioids,Moderate to severe pain
biotrany-p 37.5mg/325mg tablet,Y,PAIN ANALGESICS,NA,NA,Moderate to severe pain
benzax-f 0.25mg/20mg tablet,Y,NEURO CNS,NA,NA,Depression
benzax 0.25mg tablet,Y,NEURO CNS,Benzodiazepines Derivative,Benzodiazepines,Treatment of Anxiety
biotrany 100mg injection,Y,PAIN ANALGESICS,Anisole Derivative,Opioids,Moderate to severe pain
calpol t tablet,Y,PAIN ANALGESICS,NA,NA,Pain relief
codistar syrup,Y,RESPIRATORY,NA,NA,Dry cough
clonafit 0.25mg tablet,Y,NEURO CNS,Benzodiazepines Derivative,Benzodiazepines,Treatment of Anxiety disorder
colospa x tablet,Y,GASTRO INTESTINAL,NA,NA,Irritable bowel syndrome
clonotril 0.5 tablet,Y,NEURO CNS,Benzodiazepines Derivative,Benzodiazepines,Treatment of Anxiety disorder
clonafit 0.5 md tablet,Y,NEURO CNS,Benzodiazepines Derivative,Benzodiazepines,Treatment of Anxiety disorder
clonotril 0.25mg tablet dt,Y,NEURO CNS,Benzodiazepines Derivative,Benzodiazepines,Treatment of Anxiety disorder
cizaspa-x tablet,Y,GASTRO INTESTINAL,NA,NA,Irritable bowel syndrome
clonafit plus tablet,Y,NEURO CNS,NA,NA,Treatment of Anxiety disorder
corex t cough syrup,Y,RESPIRATORY,NA,NA,Dry cough
clonafit beta tablet,Y,NEURO CNS,NA,NA,Treatment of Anxiety disorder
cloba 10 tablet,Y,NEURO CNS,Benzodiazepines Derivative,Benzodiazepines,Treatment of Epilepsy/Seizures
contramal dt 50mg tablet,Y,PAIN ANALGESICS,Anisole Derivative,Opioids,Moderate to severe pain
cloba 5 tablet,Y,NEURO CNS,Benzodiazepines Derivative,Benzodiazepines,Treatment of Epilepsy/Seizures
calmpose 10mg injection,Y,NEURO CNS,Benzodiazepine Derivative,Benzodiazepines,Treatment of Short term anxiety
calmpose 5mg tablet,Y,NEURO CNS,Benzodiazepine Derivative,Benzodiazepines,Short term anxiety
cloze 0.25mg tablet md,Y,NEURO CNS,Benzodiazepines Derivative,Benzodiazepines,Treatment of Anxiety disorder
cloze 0.5mg tablet,Y,NEURO CNS,Benzodiazepines Derivative,Benzodiazepines,Treatment of Anxiety disorder
cibis tablet,Y,GASTRO INTESTINAL,NA,NA,Treatment of Irritable bowel syndrome
coliwin r capsule,Y,GASTRO INTESTINAL,NA,NA,Treatment of Irritable bowel syndrome
contramal 100 injection,Y,PAIN ANALGESICS,Anisole Derivative,Opioids,Moderate to severe pain
contramal sr 100 tablet,Y,PAIN ANALGESICS,Anisole Derivative,Opioids,Moderate to severe pain
codylex t syrup,Y,RESPIRATORY,NA,NA,Dry cough
censpram lite tablet,Y,NEURO CNS,NA,NA,Treatment of Anxiety disorder
clonotril plus 0.5 mg/10 mg tablet,Y,NEURO CNS,NA,NA,Treatment of Anxiety disorder
clonapax 0.5mg tablet,Y,NEURO CNS,Benzodiazepines Derivative,Benzodiazepines,Treatment of Anxiety disorder
cilapam plus tablet,Y,NEURO CNS,NA,NA,Treatment of Anxiety disorder
clozepam 0.25mg tablet,Y,NEURO CNS,Benzodiazepines Derivative,Benzodiazepines,Treatment of Anxiety disorder
censpram plus tablet,Y,NEURO CNS,NA,NA,Treatment of Anxiety disorder
cloze 0.5mg tablet md,Y,NEURO CNS,Benzodiazepines Derivative,Benzodiazepines,Treatment of Anxiety disorder
concerta 18mg tablet,Y,NEURO CNS,Aralkylamine Derivative,Sympthatomimmetics-ADHD,Attention deficit hyperactivity disorder (ADHD)
codeine phosphate linctus,Y,RESPIRATORY,Phenanthrenes Derivative,Opioids,Treatment of Moderate to severe pain
clobium suspension,Y,NEURO CNS,Benzodiazepines Derivative,Benzodiazepines,Treatment of Epilepsy/Seizures
carisoma compound tablet,Y,PAIN ANALGESICS,NA,NA,Treatment of Pain due to muscle spasm
citalin forte tablet,Y,NEURO CNS,NA,NA,Treatment of Anxiety disorder
clonotril 1 tablet,Y,NEURO CNS,Benzodiazepines Derivative,Benzodiazepines,Treatment of Anxiety disorder
codectuss tr syrup,Y,RESPIRATORY,NA,NA,Dry cough
codistar t syrup,Y,RESPIRATORY,NA,NA,Dry cough
childryl syrup,Y,RESPIRATORY,NA,NA,Treatment of Dry cough
codine 4 mg/10 mg syrup,Y,RESPIRATORY,NA,NA,Dry cough
clonaz 0.5mg tablet md,Y,NEURO CNS,Benzodiazepines Derivative,Benzodiazepines,Treatment of Anxiety disorder
clopam 0.5mg tablet,Y,NEURO CNS,Benzodiazepines Derivative,Benzodiazepines,Treatment of Anxiety disorder
clozepam 0.5mg tablet,Y,NEURO CNS,Benzodiazepines Derivative,Benzodiazepines,Treatment of Anxiety disorder
clozep 0.5mg tablet,Y,NEURO CNS,Benzodiazepines Derivative,Benzodiazepines,Treatment of Anxiety disorder
cloba mt 5mg tablet,Y,NEURO CNS,Benzodiazepines Derivative,Benzodiazepines,Treatment of Epilepsy/Seizures
clotas-plus tablet,Y,NEURO CNS,NA,NA,Treatment of Anxiety disorder
cloba suspension supreme banana,Y,NEURO CNS,Benzodiazepines Derivative,Benzodiazepines,Treatment of Epilepsy/Seizures
clone 0.5mg tablet,Y,NEURO CNS,Benzodiazepines Derivative,Benzodiazepines,Treatment of Anxiety disorder
cromide forte 2.5 mg/5 mg/10 mg tablet,Y,GASTRO INTESTINAL,NA,NA,Treatment of Irritable bowel syndrome
clistar-m tablet,Y,GASTRO INTESTINAL,NA,NA,Irritable bowel syndrome
clotas-md 0.5 tablet,Y,NEURO CNS,Benzodiazepines Derivative,Benzodiazepines,Treatment of Anxiety disorder
clonotril p 25mg/0.25mg tablet,Y,NEURO CNS,NA,NA,Depression
cilapam h 0.25 mg/5 mg tablet,Y,NEURO CNS,NA,NA,Treatment of Anxiety disorder
citalin lite tablet,Y,NEURO CNS,NA,NA,Treatment of Anxiety disorder
clonorest 0.5 tablet,Y,NEURO CNS,Benzodiazepines Derivative,Benzodiazepines,Treatment of Anxiety disorder
clonapax 0.25mg tablet md,Y,NEURO CNS,Benzodiazepines Derivative,Benzodiazepines,Treatment of Anxiety disorder
clonax md 0.5 tablet,Y,NEURO CNS,Benzodiazepines Derivative,Benzodiazepines,Treatment of Anxiety disorder
clistar rt tablet,Y,GASTRO INTESTINAL,NA,NA,Irritable bowel syndrome
clotas-md 0.25 tablet,Y,NEURO CNS,Benzodiazepines Derivative,Benzodiazepines,Treatment of Anxiety disorder
clonotril 2mg tablet,Y,NEURO CNS,Benzodiazepines Derivative,Benzodiazepines,Treatment of Anxiety disorder
cilapam ls 0.25 mg/10 mg tablet,Y,NEURO CNS,NA,NA,Treatment of Anxiety disorder
curepam plus 0.5mg/10mg tablet,Y,NEURO CNS,NA,NA,Treatment of Anxiety disorder
clonax 0.25mg tablet,Y,NEURO CNS,Benzodiazepines Derivative,Benzodiazepines,Treatment of Anxiety disorder
clonam-ir 0.5mg tablet,Y,NEURO CNS,Benzodiazepines Derivative,Benzodiazepines,Treatment of Anxiety disorder
c pram s plus 0.25 mg/10 mg tablet,Y,NEURO CNS,NA,NA,Treatment of Anxiety disorder
czep h 12.5mg/5mg tablet,Y,NEURO CNS,NA,NA,Treatment of Depression
chlozep 1 mg/10 mg tablet,Y,NEURO CNS,NA,NA,Schizophrenia
clonex 0.5mg tablet,Y,NEURO CNS,Benzodiazepines Derivative,Benzodiazepines,Treatment of Anxiety disorder
cilapam-ls 5 tablet,Y,NEURO CNS,NA,NA,Treatment of Anxiety disorder
closed 0.5mg tablet,Y,NEURO CNS,Benzodiazepines Derivative,Benzodiazepines,Treatment of Anxiety disorder
contramal 50 injection,Y,PAIN ANALGESICS,Anisole Derivative,Opioids,Moderate to severe pain
clomid 0.25 tablet,Y,NEURO CNS,Benzodiazepines Derivative,Benzodiazepines,Treatment of Anxiety disorder
clocit 0.5mg/5mg tablet,Y,NEURO CNS,NA,NA,Treatment of Anxiety disorder
cophedrin tablet,Y,RESPIRATORY,NA,NA,Dry cough
colik rapid capsule,Y,PAIN ANALGESICS,NA,NA,Colicky pain
cloba mt 10mg tablet,Y,NEURO CNS,Benzodiazepines Derivative,Benzodiazepines,Treatment of Epilepsy/Seizures
clozepam 0.5mg tablet md,Y,NEURO CNS,Benzodiazepines Derivative,Benzodiazepines,Treatment of Anxiety disorder
clonam ir 0.25mg tablet md,Y,NEURO CNS,Benzodiazepines Derivative,Benzodiazepines,Treatment of Anxiety disorder
cromide 5mg/2.5mg tablet,Y,GASTRO INTESTINAL,NA,NA,Treatment of Irritable bowel syndrome
cita s plus 0.25mg/5mg tablet,Y,NEURO CNS,NA,NA,Treatment of Anxiety disorder
calm beta 10 mg tablet,Y,NEURO CNS,NA,NA,Treatment of Anxiety disorder
c trika 0.25mg tablet,Y,NEURO CNS,Benzodiazepines Derivative,Benzodiazepines,Treatment of Anxiety disorder
clozet 0.25mg tablet,Y,NEURO CNS,Benzodiazepines Derivative,Benzodiazepines,Treatment of Anxiety disorder
clonax 0.5mg tablet,Y,NEURO CNS,Benzodiazepines Derivative,Benzodiazepines,Treatment of Anxiety disorder
clozam 5 tablet,Y,NEURO CNS,Benzodiazepines Derivative,Benzodiazepines,Treatment of Epilepsy/Seizures
citapure plus tablet,Y,NEURO CNS,NA,NA,Treatment of Anxiety disorder
cibiriv tablet,Y,GASTRO INTESTINAL,NA,NA,Treatment of Irritable bowel syndrome
clona 0.5mg tablet,Y,NEURO CNS,Benzodiazepines Derivative,Benzodiazepines,Treatment of Anxiety disorder
calm beta 20 mg tablet,Y,NEURO CNS,NA,NA,Treatment of Anxiety disorder
c koff syrup,Y,RESPIRATORY,NA,NA,Dry cough
cilentra plus tablet,Y,NEURO CNS,NA,NA,Treatment of Anxiety disorder
clonax md 0.25mg tablet,Y,NEURO CNS,Benzodiazepines Derivative,Benzodiazepines,Treatment of Anxiety disorder
comtus dx syrup,Y,RESPIRATORY,NA,NA,Dry cough
clomid 0.50 tablet,Y,NEURO CNS,Benzodiazepines Derivative,Benzodiazepines,Treatment of Anxiety disorder
clox 0.25mg tablet,Y,NEURO CNS,Benzodiazepines Derivative,Benzodiazepines,Treatment of Anxiety disorder
calm 0.5mg tablet,Y,NEURO CNS,Benzodiazepines Derivative,Benzodiazepines,Treatment of Anxiety
codipres syrup,Y,RESPIRATORY,NA,NA,Dry cough
clistar 2.5 mg/5 mg/10 mg tablet,Y,GASTRO INTESTINAL,NA,NA,Treatment of Irritable bowel syndrome
codokuff syrup,Y,RESPIRATORY,NA,NA,Dry cough
citalin plus tablet,Y,NEURO CNS,NA,NA,Treatment of Anxiety disorder
caspa 0.5mg tablet,Y,NEURO CNS,Benzodiazepines Derivative,Benzodiazepines,Treatment of Anxiety disorder
calm 0.5mg tablet md,Y,NEURO CNS,Benzodiazepines Derivative,Benzodiazepines,Treatment of Anxiety disorder
clopin 0.5mg tablet,Y,NEURO CNS,Benzodiazepines Derivative,Benzodiazepines,Treatment of Anxiety disorder
celor plus 0.5 mg/10 mg tablet,Y,NEURO CNS,NA,NA,Treatment of Anxiety disorder
clonax-plus tablet,Y,NEURO CNS,NA,NA,Treatment of Anxiety disorder
clobakem 5mg tablet,Y,NEURO CNS,Benzodiazepines Derivative,Benzodiazepines,Treatment of Epilepsy/Seizures
codine sulphate 15mg tablet,Y,RESPIRATORY,Phenanthrenes Derivative,Opioids,Treatment of Moderate to severe pain
combipara tr tablet,Y,PAIN ANALGESICS,NA,NA,Pain relief
cosome lcd 4 mg/10 mg syrup,Y,RESPIRATORY,NA,NA,Dry cough
cardilax 0.25mg/20mg tablet,Y,NEURO CNS,NA,NA,Anxiety disorder
clopram tablet,Y,NEURO CNS,NA,NA,Treatment of Anxiety disorder
clonorest 0.25mg tablet,Y,NEURO CNS,Benzodiazepines Derivative,Benzodiazepines,Treatment of Anxiety disorder
colorest 140 tablet,Y,GASTRO INTESTINAL,NA,NA,Irritable bowel syndrome
cloba mt 2.5 tablet md,Y,NEURO CNS,Benzodiazepines Derivative,Benzodiazepines,Treatment of Epilepsy/Seizures
clonam-ir 0.5 tablet md,Y,NEURO CNS,Benzodiazepines Derivative,Benzodiazepines,Treatment of Anxiety disorder
clozep 0.25mg tablet,Y,NEURO CNS,Benzodiazepines Derivative,Benzodiazepines,Treatment of Anxiety disorder
clion 5 tablet md,Y,NEURO CNS,Benzodiazepines Derivative,Benzodiazepines,Treatment of Epilepsy/Seizures
colobest-cl tablet,Y,GASTRO INTESTINAL,NA,NA,Irritable bowel syndrome
clozam 10 tablet,Y,NEURO CNS,Benzodiazepines Derivative,Benzodiazepines,Treatment of Epilepsy/Seizures
clozel 0.5mg tablet,Y,NEURO CNS,Benzodiazepines Derivative,Benzodiazepines,Treatment of Anxiety disorder
camdem 0.5mg/5mg tablet,Y,NEURO CNS,NA,NA,Treatment of Anxiety disorder
clobakem 10mg tablet,Y,NEURO CNS,Benzodiazepines Derivative,Benzodiazepines,Treatment of Epilepsy/Seizures
concerta 36mg tablet,Y,NEURO CNS,Aralkylamine Derivative,Sympthatomimmetics-ADHD,Attention deficit hyperactivity disorder (ADHD)
clobium 10mg tablet,Y,NEURO CNS,Benzodiazepines Derivative,Benzodiazepines,Treatment of Epilepsy/Seizures
contramal 50mg capsule,Y,PAIN ANALGESICS,Anisole Derivative,Opioids,Moderate to severe pain
corel plus tablet,Y,NEURO CNS,NA,NA,Treatment of Depression
clonabris 0.25 tablet dt,Y,NEURO CNS,Benzodiazepines Derivative,Benzodiazepines,Treatment of Anxiety disorder
clobator 10mg tablet,Y,NEURO CNS,Benzodiazepines Derivative,Benzodiazepines,Treatment of Epilepsy/Seizures
clobium 5mg tablet,Y,NEURO CNS,Benzodiazepines Derivative,Benzodiazepines,Treatment of Epilepsy/Seizures
curepam plus 0.5mg/5mg tablet,Y,NEURO CNS,NA,NA,Treatment of Anxiety disorder
clodep 0.5mg tablet md,Y,NEURO CNS,Benzodiazepines Derivative,Benzodiazepines,Treatment of Anxiety disorder
cloma 5mg tablet,Y,NEURO CNS,Benzodiazepines Derivative,Benzodiazepines,Treatment of Epilepsy/Seizures
clozepam 0.25mg tablet md,Y,NEURO CNS,Benzodiazepines Derivative,Benzodiazepines,Treatment of Anxiety disorder
codril syrup,Y,RESPIRATORY,NA,NA,Dry cough
cycloprox 10mg/325mg/50mg capsule,Y,GASTRO INTESTINAL,NA,NA,Treatment of Severe acute pain
cardimol cp 0.5 mg/20 mg tablet,Y,NEURO CNS,NA,NA,Treatment of Anxiety disorder
codex 4 mg/10 mg expectorant,Y,RESPIRATORY,NA,NA,Dry cough
czep cl tablet,Y,GASTRO INTESTINAL,NA,NA,Treatment of Irritable bowel syndrome
camdem 10mg tablet,Y,NEURO CNS,NA,NA,Treatment of Anxiety disorder
clotas eh 0.25mg/5mg tablet,Y,NEURO CNS,NA,NA,Treatment of Anxiety disorder
cipradep plus tablet,Y,NEURO CNS,NA,NA,Treatment of Anxiety disorder
clonex 0.25mg tablet,Y,NEURO CNS,Benzodiazepines Derivative,Benzodiazepines,Treatment of Anxiety disorder
cnz 0.5mg tablet,Y,NEURO CNS,Benzodiazepines Derivative,Benzodiazepines,Treatment of Anxiety disorder
clonogem 0.25 disintegrating tablet,Y,NEURO CNS,Benzodiazepines Derivative,Benzodiazepines,Treatment of Anxiety disorder
citajoy c 0.5 mg/5 mg tablet,Y,NEURO CNS,NA,NA,Treatment of Anxiety disorder
calmwin plus 0.5mg/10mg tablet,Y,NEURO CNS,NA,NA,Treatment of Anxiety disorder
cody syrup,Y,RESPIRATORY,NA,NA,Dry cough
clox 2mg tablet md,Y,NEURO CNS,Benzodiazepines Derivative,Benzodiazepines,Treatment of Anxiety disorder
c pram s plus 0.5 mg/10 mg tablet,Y,NEURO CNS,NA,NA,Treatment of Anxiety disorder
clidinorm 135mg/5mg tablet,Y,GASTRO INTESTINAL,NA,NA,Irritable bowel syndrome
cloze 1mg tablet,Y,NEURO CNS,Benzodiazepines Derivative,Benzodiazepines,Treatment of Anxiety disorder
codicon syrup,Y,RESPIRATORY,NA,NA,Dry cough
calmpose 5mg injection,Y,NEURO CNS,Benzodiazepine Derivative,Benzodiazepines,Treatment of Short term anxiety
clodus 5mg tablet,Y,NEURO CNS,Benzodiazepines Derivative,Benzodiazepines,Treatment of Epilepsy/Seizures
cax 25mg tablet,Y,NEURO CNS,Benzodiazepines Derivative,Benzodiazepines,Severe anxiety
clovas 0.5mg tablet,Y,NEURO CNS,Benzodiazepines Derivative,Benzodiazepines,Treatment of Anxiety disorder
cetadol 50mg/500mg tablet,Y,PAIN ANALGESICS,NA,NA,Moderate to severe pain
cloze 2mg tablet,Y,NEURO CNS,Benzodiazepines Derivative,Benzodiazepines,Treatment of Anxiety disorder
clotas e 0.5mg/10mg tablet,Y,NEURO CNS,NA,NA,Treatment of Anxiety disorder
cyrator ls 0.25mg/5mg tablet,Y,NEURO CNS,NA,NA,Treatment of Anxiety disorder
cilapam forte tablet,Y,NEURO CNS,NA,NA,Treatment of Anxiety disorder
czam 5mg tablet,Y,NEURO CNS,Benzodiazepines Derivative,Benzodiazepines,Treatment of Epilepsy/Seizures
calm beta 40 mg tablet,Y,NEURO CNS,NA,NA,Treatment of Anxiety disorder
cita s forte 0.5mg/10mg tablet,Y,NEURO CNS,NA,NA,Treatment of Anxiety disorder
clonaxyl 0.25mg tablet md,Y,NEURO CNS,Benzodiazepines Derivative,Benzodiazepines,Treatment of Anxiety disorder
clobator 5mg tablet,Y,NEURO CNS,Benzodiazepines Derivative,Benzodiazepines,Treatment of Epilepsy/Seizures
clozet plus tablet,Y,NEURO CNS,NA,NA,Treatment of Anxiety disorder
cofrex syrup,Y,RESPIRATORY,NA,NA,Dry cough
caspa 0.25mg tablet,Y,NEURO CNS,Benzodiazepines Derivative,Benzodiazepines,Treatment of Anxiety disorder
colona 0.5mg tablet,Y,NEURO CNS,Benzodiazepines Derivative,Benzodiazepines,Treatment of Anxiety disorder
clonapax 0.5mg tablet md,Y,NEURO CNS,Benzodiazepines Derivative,Benzodiazepines,Treatment of Anxiety disorder
clonapax p 0.5mg/20mg tablet,Y,NEURO CNS,NA,NA,Treatment of Anxiety disorder
cgmac 50mg tablet,Y,PAIN ANALGESICS,Anisole Derivative,Opioids,Moderate to severe pain
clopin 0.25mg tablet,Y,NEURO CNS,Benzodiazepines Derivative,Benzodiazepines,Treatment of Anxiety disorder
cilapam plus 0.5mg/5mg tablet,Y,NEURO CNS,NA,NA,Treatment of Anxiety disorder
concerta 54mg tablet,Y,NEURO CNS,Aralkylamine Derivative,Sympthatomimmetics-ADHD,Attention deficit hyperactivity disorder (ADHD)
citaford s plus tablet,Y,NEURO CNS,NA,NA,Treatment of Anxiety disorder
clirax d tablet,Y,GASTRO INTESTINAL,NA,NA,Treatment of Irritable bowel syndrome
codcalm 650mg/30mg tablet,Y,RESPIRATORY,NA,NA,Pain relief
cloba 20mg tablet,Y,NEURO CNS,Benzodiazepines Derivative,Benzodiazepines,Treatment of Epilepsy/Seizures
clodep 0.25mg tablet md,Y,NEURO CNS,Benzodiazepines Derivative,Benzodiazepines,Treatment of Anxiety disorder
cnz 0.25mg tablet,Y,NEURO CNS,Benzodiazepines Derivative,Benzodiazepines,Treatment of Anxiety disorder
clonetic es 0.5mg/10mg tablet,Y,NEURO CNS,NA,NA,Treatment of Anxiety disorder
cipradep-ls tablet,Y,NEURO CNS,NA,NA,Treatment of Anxiety disorder
control 0.5mg tablet,Y,NEURO CNS,Benzodiazepines Derivative,Benzodiazepines,Treatment of Anxiety disorder
clogis 0.25mg tablet,Y,NEURO CNS,Benzodiazepines Derivative,Benzodiazepines,Treatment of Anxiety disorder
clon 0.25mg tablet md,Y,NEURO CNS,Benzodiazepines Derivative,Benzodiazepines,Treatment of Anxiety disorder
clone md 0.25 tablet,Y,NEURO CNS,Benzodiazepines Derivative,Benzodiazepines,Treatment of Anxiety disorder
cnzep 0.5mg tablet,Y,NEURO CNS,Benzodiazepines Derivative,Benzodiazepines,Treatment of Anxiety disorder
clon 0.5mg tablet,Y,NEURO CNS,Benzodiazepines Derivative,Benzodiazepines,Treatment of Anxiety disorder
clocalm 0.5mg tablet,Y,NEURO CNS,Benzodiazepines Derivative,Benzodiazepines,Treatment of Anxiety disorder
cloma 0.25mg tablet,Y,NEURO CNS,Benzodiazepines Derivative,Benzodiazepines,Treatment of Anxiety disorder
clopam 0.25mg tablet,Y,NEURO CNS,Benzodiazepines Derivative,Benzodiazepines,Treatment of Anxiety disorder
cnzep 0.25mg tablet,Y,NEURO CNS,Benzodiazepines Derivative,Benzodiazepines,Treatment of Anxiety disorder
clo 0.5mg tablet md,Y,NEURO CNS,Benzodiazepines Derivative,Benzodiazepines,Treatment of Anxiety disorder
clopam 1mg tablet,Y,NEURO CNS,Benzodiazepines Derivative,Benzodiazepines,Treatment of Anxiety disorder
combitram d tablet,Y,PAIN ANALGESICS,NA,NA,Treatment of Severe acute pain
clonarest 0.5mg tablet,Y,NEURO CNS,Benzodiazepines Derivative,Benzodiazepines,Treatment of Anxiety disorder
coliwin 5mg/2.5mg tablet,Y,GASTRO INTESTINAL,NA,NA,Treatment of Irritable bowel syndrome
cloanxit 1 tablet dt,Y,NEURO CNS,Benzodiazepines Derivative,Benzodiazepines,Treatment of Anxiety disorder
corel tablet,Y,NEURO CNS,Benzodiazepines Derivative,Benzodiazepines,Severe anxiety
clampose 5mg tablet,Y,NEURO CNS,Benzodiazepine Derivative,Benzodiazepines,Short term anxiety
cyrator forte 0.5mg/10mg tablet,Y,NEURO CNS,NA,NA,Treatment of Anxiety disorder
calmtra 10mg tablet,Y,NEURO CNS,Benzodiazepines Derivative,Benzodiazepines,Treatment of Insomnia
closum 10mg tablet md,Y,NEURO CNS,Benzodiazepines Derivative,Benzodiazepines,Treatment of Epilepsy/Seizures
clovas 0.25mg tablet md,Y,NEURO CNS,Benzodiazepines Derivative,Benzodiazepines,Treatment of Anxiety disorder
cortex syrup,Y,RESPIRATORY,NA,NA,Dry cough
clozep 1mg tablet,Y,NEURO CNS,Benzodiazepines Derivative,Benzodiazepines,Treatment of Anxiety disorder
coscodin syrup,Y,RESPIRATORY,NA,NA,Dry cough
clonax-forte tablet,Y,NEURO CNS,NA,NA,Treatment of Anxiety disorder
cotrip-plus tablet,Y,NEURO CNS,NA,NA,Treatment of Depression
clopiz plus tablet,Y,NEURO CNS,NA,NA,Treatment of Anxiety disorder
clobanil 5mg tablet,Y,NEURO CNS,Benzodiazepines Derivative,Benzodiazepines,Treatment of Epilepsy/Seizures
cinzep 0.5mg tablet,Y,NEURO CNS,Benzodiazepines Derivative,Benzodiazepines,Treatment of Anxiety disorder
clonar 0.5mg tablet,Y,NEURO CNS,Benzodiazepines Derivative,Benzodiazepines,Treatment of Anxiety disorder
cloxide 10mg tablet,Y,NEURO CNS,Benzodiazepines Derivative,Benzodiazepines,Severe anxiety
calmpax es tablet,Y,NEURO CNS,NA,NA,Treatment of Anxiety disorder
cezur 0.5mg tablet,Y,NEURO CNS,Benzodiazepines Derivative,Benzodiazepines,Treatment of Anxiety disorder
clozid 0.25mg tablet,Y,NEURO CNS,Benzodiazepines Derivative,Benzodiazepines,Treatment of Anxiety disorder
clonav 0.5mg tablet,Y,NEURO CNS,Benzodiazepines Derivative,Benzodiazepines,Treatment of Anxiety disorder
cam plus 0.25mg/20mg tablet,Y,NEURO CNS,NA,NA,Anxiety disorder
czam 10mg tablet,Y,NEURO CNS,Benzodiazepines Derivative,Benzodiazepines,Treatment of Anxiety disorder
c pam 0.5mg tablet,Y,NEURO CNS,Benzodiazepines Derivative,Benzodiazepines,Treatment of Anxiety disorder
clonax-m tablet,Y,NEURO CNS,NA,NA,Treatment of Anxiety disorder
cyclon 2.5 mg/5 mg/10 mg tablet,Y,GASTRO INTESTINAL,NA,NA,Treatment of Irritable bowel syndrome
centra p 325 mg/37.5 mg tablet,Y,PAIN ANALGESICS,NA,NA,Pain relief
clam 0.5mg tablet,Y,NEURO CNS,Benzodiazepines Derivative,Benzodiazepines,Treatment of Anxiety disorder
coldax 2.5mg/5mg/10mg tablet,Y,GASTRO INTESTINAL,NA,NA,Treatment of Irritable bowel syndrome
cofstay syrup,Y,RESPIRATORY,NA,NA,Dry cough
chloramit h 12.5mg/5mg tablet,Y,NEURO CNS,NA,NA,Treatment of Depression
cleps 0.5mg tablet,Y,NEURO CNS,Benzodiazepines Derivative,Benzodiazepines,Treatment of Anxiety disorder
codin t syrup,Y,RESPIRATORY,NA,NA,Dry cough
chlozep plus 10 mg/1 mg/2 mg tablet,Y,NEURO CNS,NA,NA,Schizophrenia
clonasig plus tablet,Y,NEURO CNS,NA,NA,Treatment of Anxiety disorder
clonotril p 12.5mg/0.25mg tablet,Y,NEURO CNS,NA,NA,Depression
codicon 4 mg/10 mg syrup,Y,RESPIRATORY,NA,NA,Dry cough
calmpax-p tablet,Y,NEURO CNS,NA,NA,Treatment of Anxiety disorder
cazin-md 0.5 tablet,Y,NEURO CNS,Benzodiazepines Derivative,Benzodiazepines,Treatment of Anxiety disorder
clonasig 0.25mg tablet,Y,NEURO CNS,Benzodiazepines Derivative,Benzodiazepines,Treatment of Anxiety disorder
coryl tablet,Y,RESPIRATORY,NA,NA,Common cold
clo 0.25mg tablet md,Y,NEURO CNS,Benzodiazepines Derivative,Benzodiazepines,Treatment of Anxiety disorder
cazin 0.25mg tablet md,Y,NEURO CNS,Benzodiazepines Derivative,Benzodiazepines,Treatment of Anxiety disorder
codep 37 tablet,Y,NEURO CNS,NA,NA,Schizophrenia
chlorx 10mg tablet,Y,NEURO CNS,Benzodiazepines Derivative,Benzodiazepines,Severe anxiety
closeil 0.25 md tablet,Y,NEURO CNS,Benzodiazepines Derivative,Benzodiazepines,Treatment of Anxiety disorder
colipam forte tablet,Y,GASTRO INTESTINAL,NA,NA,Treatment of Irritable bowel syndrome
clonarest 0.25mg tablet,Y,NEURO CNS,Benzodiazepines Derivative,Benzodiazepines,Treatment of Anxiety disorder
codelite 4 mg/10 mg syrup,Y,RESPIRATORY,NA,NA,Dry cough
cloam 0.5mg tablet,Y,NEURO CNS,Benzodiazepines Derivative,Benzodiazepines,Treatment of Epilepsy/Seizures
codirex syrup,Y,RESPIRATORY,NA,NA,Dry cough
clone 2mg tablet,Y,NEURO CNS,Benzodiazepines Derivative,Benzodiazepines,Treatment of Anxiety disorder
clanz 0.5mg tablet,Y,NEURO CNS,Benzodiazepines Derivative,Benzodiazepines,Treatment of Anxiety disorder
celor hd 0.25mg/5mg tablet,Y,NEURO CNS,NA,NA,Treatment of Anxiety disorder
c freedo 0.25mg tablet,Y,NEURO CNS,Benzodiazepines Derivative,Benzodiazepines,Treatment of Anxiety disorder
colam 0.25mg tablet,Y,NEURO CNS,Benzodiazepines Derivative,Benzodiazepines,Treatment of Anxiety
colitol plus 135mg/5mg tablet,Y,GASTRO INTESTINAL,NA,NA,Irritable bowel syndrome
clonapax 1mg tablet md,Y,NEURO CNS,Benzodiazepines Derivative,Benzodiazepines,Treatment of Anxiety disorder
clonasig 0.5mg tablet,Y,NEURO CNS,Benzodiazepines Derivative,Benzodiazepines,Treatment of Anxiety disorder
cozin syrup,Y,RESPIRATORY,NA,NA,Dry cough
cloxpam 0.5mg tablet,Y,NEURO CNS,Benzodiazepines Derivative,Benzodiazepines,Treatment of Anxiety disorder
corel forte tablet,Y,NEURO CNS,NA,NA,Treatment of Depression
clonaz 0.5mg tablet,Y,NEURO CNS,Benzodiazepines Derivative,Benzodiazepines,Treatment of Anxiety disorder
clobex 10 tablet,Y,NEURO CNS,Benzodiazepines Derivative,Benzodiazepines,Treatment of Epilepsy/Seizures
clocalm 1mg tablet,Y,NEURO CNS,Benzodiazepines Derivative,Benzodiazepines,Treatment of Anxiety disorder
cardimol cph 0.25 mg/20 mg tablet,Y,NEURO CNS,NA,NA,Treatment of Anxiety disorder
cascorin syrup,Y,RESPIRATORY,NA,NA,Dry cough
clozio 0.5mg tablet md,Y,NEURO CNS,Benzodiazepines Derivative,Benzodiazepines,Treatment of Anxiety disorder
criszir syrup,Y,RESPIRATORY,NA,NA,Dry cough
cyclobid plus tablet,Y,GASTRO INTESTINAL,NA,NA,Treatment of Irritable bowel syndrome
clocit 0.5mg/10mg tablet,Y,NEURO CNS,NA,NA,Treatment of Anxiety disorder
ciprex c tablet,Y,NEURO CNS,NA,NA,Treatment of Anxiety disorder
clovas 1mg tablet,Y,NEURO CNS,Benzodiazepines Derivative,Benzodiazepines,Treatment of Anxiety disorder
clozet 0.5mg tablet,Y,NEURO CNS,Benzodiazepines Derivative,Benzodiazepines,Treatment of Anxiety disorder
calmbeta 20 tablet,Y,NEURO CNS,NA,NA,Treatment of Anxiety disorder
clozep 0.25mg tablet dt,Y,NEURO CNS,Benzodiazepines Derivative,Benzodiazepines,Treatment of Anxiety disorder
clonex 2mg tablet,Y,NEURO CNS,Benzodiazepines Derivative,Benzodiazepines,Treatment of Anxiety disorder
clozakin 0.5mg tablet,Y,NEURO CNS,Benzodiazepines Derivative,Benzodiazepines,Treatment of Anxiety disorder
chlormat 10mg tablet,Y,NEURO CNS,Benzodiazepines Derivative,Benzodiazepines,Severe anxiety
clonza 0.25mg tablet,Y,NEURO CNS,Benzodiazepines Derivative,Benzodiazepines,Treatment of Anxiety disorder
chlotrip 12.5mg/5mg tablet,Y,NEURO CNS,NA,NA,Treatment of Depression
clonofast 0.25mg tablet,Y,NEURO CNS,Benzodiazepines Derivative,Benzodiazepines,Treatment of Anxiety disorder
clonris 0.5mg tablet md,Y,NEURO CNS,Benzodiazepines Derivative,Benzodiazepines,Treatment of Anxiety disorder
clonix 0.5mg tablet,Y,NEURO CNS,Benzodiazepines Derivative,Benzodiazepines,Treatment of Anxiety disorder
clampose injection,Y,NEURO CNS,Benzodiazepine Derivative,Benzodiazepines,Treatment of Short term anxiety
clonazep 0.5mg tablet,Y,NEURO CNS,Benzodiazepines Derivative,Benzodiazepines,Treatment of Anxiety disorder
cadistar syrup,Y,RESPIRATORY,NA,NA,Dry cough
c freedo 0.5mg tablet,Y,NEURO CNS,Benzodiazepines Derivative,Benzodiazepines,Treatment of Anxiety disorder
clonatrix 0.5mg tablet,Y,NEURO CNS,Benzodiazepines Derivative,Benzodiazepines,Treatment of Anxiety disorder
clonris 0.25mg tablet md,Y,NEURO CNS,Benzodiazepines Derivative,Benzodiazepines,Treatment of Anxiety disorder
cufex syrup,Y,RESPIRATORY,NA,NA,Dry cough
clobanil 10mg tablet,Y,NEURO CNS,Benzodiazepines Derivative,Benzodiazepines,Treatment of Epilepsy/Seizures
closit-plus tablet,Y,NEURO CNS,NA,NA,Treatment of Anxiety disorder
clozep 2mg tablet,Y,NEURO CNS,Benzodiazepines Derivative,Benzodiazepines,Treatment of Anxiety disorder
clobon 10mg tablet,Y,NEURO CNS,Benzodiazepines Derivative,Benzodiazepines,Treatment of Epilepsy/Seizures
clonorest 1mg tablet,Y,NEURO CNS,Benzodiazepines Derivative,Benzodiazepines,Treatment of Anxiety disorder
clonotril p 12.5mg/0.5mg tablet,Y,NEURO CNS,NA,NA,Depression
cilentra plus 5 tablet,Y,NEURO CNS,NA,NA,Treatment of Anxiety disorder
clotweet 0.25mg tablet md,Y,NEURO CNS,Benzodiazepines Derivative,Benzodiazepines,Treatment of Anxiety disorder
convaclon 0.5mg tablet,Y,NEURO CNS,Benzodiazepines Derivative,Benzodiazepines,Treatment of Anxiety disorder
calm spas tablet,Y,GASTRO INTESTINAL,NA,NA,Treatment of Irritable bowel syndrome
clozmet 0.5mg tablet md,Y,NEURO CNS,Benzodiazepines Derivative,Benzodiazepines,Treatment of Anxiety disorder
clonopam 0.5mg tablet,Y,NEURO CNS,Benzodiazepines Derivative,Benzodiazepines,Treatment of Anxiety disorder
chlotrip ds 25mg/10mg tablet,Y,NEURO CNS,NA,NA,Treatment of Depression
chloramit 25mg/10mg tablet,Y,NEURO CNS,NA,NA,Treatment of Depression
clonaxyl plus 0.5 mg/10 mg tablet,Y,NEURO CNS,NA,NA,Treatment of Anxiety disorder
comtus linctus,Y,RESPIRATORY,NA,NA,Dry cough
clocest 0.5mg tablet md,Y,NEURO CNS,Benzodiazepines Derivative,Benzodiazepines,Treatment of Anxiety disorder
cebrum 10mg tablet,Y,NEURO CNS,Benzodiazepines Derivative,Benzodiazepines,Severe anxiety
cloniz 0.5mg tablet md,Y,NEURO CNS,Benzodiazepines Derivative,Benzodiazepines,Treatment of Anxiety disorder
ccd 2.5mg/5mg/10mg tablet,Y,GASTRO INTESTINAL,NA,NA,Treatment of Irritable bowel syndrome
clistarm tablet,Y,GASTRO INTESTINAL,NA,NA,Irritable bowel syndrome
clopam 2mg tablet,Y,NEURO CNS,Benzodiazepines Derivative,Benzodiazepines,Treatment of Anxiety disorder
copax 0.5mg tablet,Y,NEURO CNS,Benzodiazepines Derivative,Benzodiazepines,Treatment of Anxiety
clonax-ds tablet,Y,NEURO CNS,NA,NA,Treatment of Anxiety disorder
colinorm tablet,Y,GASTRO INTESTINAL,NA,NA,Treatment of Irritable bowel syndrome
clonam-ir 1mg tablet,Y,NEURO CNS,Benzodiazepines Derivative,Benzodiazepines,Treatment of Anxiety disorder
clonax 1mg tablet,Y,NEURO CNS,Benzodiazepines Derivative,Benzodiazepines,Treatment of Anxiety disorder
citafeel forte 0.5mg/10mg tablet,Y,NEURO CNS,NA,NA,Treatment of Anxiety disorder
codcof-nf syrup,Y,RESPIRATORY,NA,NA,Dry cough
c trika 0.5mg tablet,Y,NEURO CNS,Benzodiazepines Derivative,Benzodiazepines,Treatment of Anxiety disorder
closit-forte tablet,Y,NEURO CNS,NA,NA,Treatment of Anxiety disorder
closis plus tablet,Y,NEURO CNS,NA,NA,Treatment of Anxiety disorder
clonza 0.5mg tablet md,Y,NEURO CNS,Benzodiazepines Derivative,Benzodiazepines,Treatment of Anxiety disorder
codectuss 4mg/10mg syrup,Y,RESPIRATORY,NA,NA,Dry cough
calmwin 0.5mg tablet,Y,NEURO CNS,Benzodiazepines Derivative,Benzodiazepines,Treatment of Anxiety disorder
cilapam ls 0.25mg/10mg tablet,Y,NEURO CNS,NA,NA,Treatment of Anxiety disorder
clonabris 0.5 tablet dt,Y,NEURO CNS,Benzodiazepines Derivative,Benzodiazepines,Treatment of Anxiety disorder
cendol effervescent tablet,Y,PAIN ANALGESICS,NA,NA,Pain relief
clidox m 5 mg/2.5 mg tablet,Y,GASTRO INTESTINAL,NA,NA,Treatment of Irritable bowel syndrome
colipam plus tablet,Y,GASTRO INTESTINAL,NA,NA,Treatment of Irritable bowel syndrome
clonetic 0.25mg tablet,Y,NEURO CNS,Benzodiazepines Derivative,Benzodiazepines,Treatment of Anxiety disorder
cgmac p 37.5mg/325mg tablet,Y,PAIN ANALGESICS,NA,NA,Moderate to severe pain
clopiz 0.5mg tablet,Y,NEURO CNS,Benzodiazepines Derivative,Benzodiazepines,Treatment of Anxiety disorder
clone 1mg tablet,Y,NEURO CNS,Benzodiazepines Derivative,Benzodiazepines,Treatment of Anxiety disorder
clotas plus hd 0.25mg/10mg tablet,Y,NEURO CNS,NA,NA,Treatment of Anxiety disorder
codinol plus syrup,Y,RESPIRATORY,NA,NA,Dry cough
contragesic tablet,Y,PAIN ANALGESICS,NA,NA,Pain relief
conxit plus 0.5mg/10mg tablet,Y,NEURO CNS,NA,NA,Treatment of Anxiety disorder
cosydryl syrup,Y,RESPIRATORY,NA,NA,Dry cough
clopiz 0.25mg tablet,Y,NEURO CNS,Benzodiazepines Derivative,Benzodiazepines,Treatment of Anxiety disorder
czep 10mg tablet,Y,NEURO CNS,Benzodiazepines Derivative,Benzodiazepines,Severe anxiety
codicare syrup,Y,RESPIRATORY,NA,NA,Dry cough
clirax 5mg/2.5mg tablet,Y,GASTRO INTESTINAL,NA,NA,Treatment of Irritable bowel syndrome
clonogem plus 0.5 mg/10 mg tablet,Y,NEURO CNS,NA,NA,Treatment of Anxiety disorder
clonofast 0.5mg tablet,Y,NEURO CNS,Benzodiazepines Derivative,Benzodiazepines,Treatment of Anxiety disorder
clonax 2mg tablet,Y,NEURO CNS,Benzodiazepines Derivative,Benzodiazepines,Treatment of Anxiety disorder
clogen plus 0.5mg/20mg tablet,Y,NEURO CNS,NA,NA,Treatment of Anxiety disorder
clodep plus 0.5 mg/10 mg tablet,Y,NEURO CNS,NA,NA,Treatment of Anxiety disorder
cozac az 0.25mg/20mg tablet,Y,NEURO CNS,NA,NA,Depression
clion 10mg tablet,Y,NEURO CNS,Benzodiazepines Derivative,Benzodiazepines,Treatment of Epilepsy/Seizures
citograph plus 0.5mg/10mg tablet,Y,NEURO CNS,NA,NA,Treatment of Anxiety disorder
clono 0.5mg tablet,Y,NEURO CNS,Benzodiazepines Derivative,Benzodiazepines,Treatment of Anxiety disorder
ceyox 0.5mg tablet md,Y,NEURO CNS,Benzodiazepines Derivative,Benzodiazepines,Treatment of Anxiety disorder
cocof linctus,Y,RESPIRATORY,NA,NA,Dry cough
clocalm 0.25mg tablet,Y,NEURO CNS,Benzodiazepines Derivative,Benzodiazepines,Treatment of Anxiety disorder
cloril 0.25 tablet md,Y,NEURO CNS,Benzodiazepines Derivative,Benzodiazepines,Treatment of Anxiety disorder
codylex 4 mg/10 mg linctus,Y,RESPIRATORY,NA,NA,Dry cough
calm 0.25mg tablet,Y,NEURO CNS,Benzodiazepines Derivative,Benzodiazepines,Treatment of Anxiety
clotas 2mg tablet,Y,NEURO CNS,Benzodiazepines Derivative,Benzodiazepines,Treatment of Anxiety disorder
calmese 2mg injection,Y,RESPIRATORY,Benzodiazepines Derivative,Benzodiazepines,Treatment of Status epilepticus
closed 0.25mg tablet,Y,NEURO CNS,Benzodiazepines Derivative,Benzodiazepines,Treatment of Anxiety disorder
cloxide 25mg tablet,Y,NEURO CNS,Benzodiazepines Derivative,Benzodiazepines,Severe anxiety
clozio 0.25mg tablet md,Y,NEURO CNS,Benzodiazepines Derivative,Benzodiazepines,Treatment of Anxiety disorder
czap 0.5mg tablet,Y,NEURO CNS,Benzodiazepines Derivative,Benzodiazepines,Treatment of Anxiety disorder
codexia syrup,Y,RESPIRATORY,NA,NA,Dry cough
clobazap 5mg tablet,Y,NEURO CNS,Benzodiazepines Derivative,Benzodiazepines,Treatment of Epilepsy/Seizures
calm 1mg tablet md,Y,NEURO CNS,Benzodiazepines Derivative,Benzodiazepines,Treatment of Anxiety disorder
clonis 0.5mg tablet md,Y,NEURO CNS,Benzodiazepines Derivative,Benzodiazepines,Treatment of Anxiety disorder
cnpaxet plus 12.5mg/0.5mg tablet,Y,NEURO CNS,NA,NA,Depression
clone 0.5mg tablet md,Y,NEURO CNS,Benzodiazepines Derivative,Benzodiazepines,Treatment of Anxiety disorder
cebrum 25mg tablet,Y,NEURO CNS,Benzodiazepines Derivative,Benzodiazepines,Severe anxiety
clozil beta 0.5mg/20mg tablet,Y,NEURO CNS,NA,NA,Treatment of Anxiety disorder
clidore 5mg/2.5mg tablet,Y,GASTRO INTESTINAL,NA,NA,Treatment of Irritable bowel syndrome
clonanza plus 0.5mg/10mg tablet,Y,NEURO CNS,NA,NA,Treatment of Anxiety disorder
clomed es 0.5mg/10mg tablet,Y,NEURO CNS,NA,NA,Treatment of Anxiety disorder
codomolindon 500 mg/10 mg tablet,Y,RESPIRATORY,NA,NA,Pain relief
clonopam 1mg tablet,Y,NEURO CNS,Benzodiazepines Derivative,Benzodiazepines,Treatment of Anxiety disorder
c kof 4 mg/10 mg syrup,Y,RESPIRATORY,NA,NA,Dry cough
chlordize 10 tablet,Y,NEURO CNS,Benzodiazepines Derivative,Benzodiazepines,Severe anxiety
clops pr 0.25mg/20mg tablet,Y,NEURO CNS,NA,NA,Treatment of Anxiety disorder
clordise 25mg tablet,Y,NEURO CNS,Benzodiazepines Derivative,Benzodiazepines,Severe anxiety
clonaxyl 0.5 tablet,Y,NEURO CNS,Benzodiazepines Derivative,Benzodiazepines,Treatment of Anxiety disorder
clono 0.25mg tablet md,Y,NEURO CNS,Benzodiazepines Derivative,Benzodiazepines,Treatment of Anxiety disorder
cloxide plus 10 mg/1 mg tablet,Y,NEURO CNS,NA,NA,Schizophrenia
cloma 10mg tablet,Y,NEURO CNS,Benzodiazepines Derivative,Benzodiazepines,Treatment of Epilepsy/Seizures
clonza 0.25mg tablet md,Y,NEURO CNS,Benzodiazepines Derivative,Benzodiazepines,Treatment of Anxiety disorder
cloniz 0.25mg tablet md,Y,NEURO CNS,Benzodiazepines Derivative,Benzodiazepines,Treatment of Anxiety disorder
clonogem 0.5mg tablet,Y,NEURO CNS,Benzodiazepines Derivative,Benzodiazepines,Treatment of Anxiety disorder
closed plus 0.5 mg/10 mg tablet,Y,NEURO CNS,NA,NA,Treatment of Anxiety disorder
calmod 5mg tablet,Y,NEURO CNS,Benzodiazepine Derivative,Benzodiazepines,Short term anxiety
clidox 2.5 mg/5 mg/10 mg tablet,Y,GASTRO INTESTINAL,NA,NA,Treatment of Irritable bowel syndrome
clonzy 0.5mg tablet,Y,NEURO CNS,Benzodiazepines Derivative,Benzodiazepines,Treatment of Anxiety disorder
c pam 0.25mg tablet,Y,NEURO CNS,Benzodiazepines Derivative,Benzodiazepines,Treatment of Anxiety disorder
citaford-s plus tablet,Y,NEURO CNS,NA,NA,Treatment of Anxiety disorder
clotas 1mg tablet,Y,NEURO CNS,Benzodiazepines Derivative,Benzodiazepines,Treatment of Anxiety disorder
c baz 10mg tablet,Y,NEURO CNS,Benzodiazepines Derivative,Benzodiazepines,Treatment of Epilepsy/Seizures
cutric 10mg/1mg tablet,Y,NEURO CNS,NA,NA,Schizophrenia
chlosan plus 5mg/2.5mg tablet,Y,GASTRO INTESTINAL,NA,NA,Treatment of Irritable bowel syndrome
codorex 4 mg/10 mg syrup,Y,RESPIRATORY,NA,NA,Dry cough
clam 0.25mg tablet,Y,NEURO CNS,Benzodiazepines Derivative,Benzodiazepines,Treatment of Anxiety disorder
cozin forte 4 mg/30 mg tablet,Y,RESPIRATORY,NA,NA,Dry cough
codez syrup,Y,RESPIRATORY,NA,NA,Dry cough
celia 0.5mg/10mg tablet,Y,NEURO CNS,NA,NA,Treatment of Anxiety disorder
ceerex syrup,Y,RESPIRATORY,NA,NA,Dry cough
cheercet-lite tablet,Y,NEURO CNS,NA,NA,Treatment of Anxiety disorder
combitram 325mg/37.5mg tablet,Y,PAIN ANALGESICS,NA,NA,Pain relief
cotrip forte 25 mg/10 mg tablet,Y,NEURO CNS,NA,NA,Treatment of Depression
clonza 0.5mg tablet,Y,NEURO CNS,Benzodiazepines Derivative,Benzodiazepines,Treatment of Anxiety disorder
clopen 0.5mg tablet,Y,NEURO CNS,Benzodiazepines Derivative,Benzodiazepines,Treatment of Anxiety disorder
clobanig 10mg tablet,Y,NEURO CNS,Benzodiazepines Derivative,Benzodiazepines,Treatment of Epilepsy/Seizures
cloril 0.5 tablet md,Y,NEURO CNS,Benzodiazepines Derivative,Benzodiazepines,Treatment of Anxiety disorder
clozepam 2mg tablet,Y,NEURO CNS,Benzodiazepines Derivative,Benzodiazepines,Treatment of Anxiety disorder
cg-mac 50mg tablet,Y,PAIN ANALGESICS,Anisole Derivative,Opioids,Moderate to severe pain
calm 2mg tablet md,Y,NEURO CNS,Benzodiazepines Derivative,Benzodiazepines,Treatment of Anxiety disorder
clonis 0.25mg tablet md,Y,NEURO CNS,Benzodiazepines Derivative,Benzodiazepines,Treatment of Anxiety disorder
cipradep lite 0.25mg/10mg tablet,Y,NEURO CNS,NA,NA,Treatment of Anxiety disorder
clobacare 10mg tablet,Y,NEURO CNS,Benzodiazepines Derivative,Benzodiazepines,Treatment of Epilepsy/Seizures
copax 0.25mg tablet,Y,NEURO CNS,Benzodiazepines Derivative,Benzodiazepines,Treatment of Anxiety
cenact p 50mg/325mg tablet,Y,PAIN ANALGESICS,NA,NA,Moderate to severe pain
clonir 0.5mg tablet,Y,NEURO CNS,Benzodiazepines Derivative,Benzodiazepines,Treatment of Anxiety disorder
coderan 50 mg/50 mg tablet,Y,PAIN ANALGESICS,NA,NA,Pain relief
citofast x 0.5 mg/10 mg tablet,Y,NEURO CNS,NA,NA,Treatment of Anxiety disorder
czep f 25mg/10mg tablet,Y,NEURO CNS,NA,NA,Treatment of Depression
citadep plus 0.5mg/5mg tablet,Y,NEURO CNS,NA,NA,Treatment of Anxiety disorder
curerex 10mg tablet,Y,NEURO CNS,Benzodiazepines Derivative,Benzodiazepines,Severe anxiety
clobe 5 tablet,Y,NEURO CNS,Benzodiazepines Derivative,Benzodiazepines,Treatment of Epilepsy/Seizures
clidopil 5 mg/2.5 mg tablet,Y,GASTRO INTESTINAL,NA,NA,Treatment of Irritable bowel syndrome
calmzee-c tablet,Y,NEURO CNS,NA,NA,Treatment of Depression
cnpaxet plus 25mg/0.5mg tablet,Y,NEURO CNS,NA,NA,Depression
calmese 2mg tablet,Y,RESPIRATORY,Benzodiazepines Derivative,Benzodiazepines,Treatment of Short term anxiety
copa 0.5mg tablet,Y,NEURO CNS,Benzodiazepines Derivative,Benzodiazepines,Treatment of Anxiety disorder
czpam 0.25mg tablet,Y,NEURO CNS,Benzodiazepines Derivative,Benzodiazepines,Treatment of Anxiety disorder
closa 0.5mg tablet md,Y,NEURO CNS,Benzodiazepines Derivative,Benzodiazepines,Treatment of Anxiety disorder
cooltime 0.25mg/20mg tablet,Y,NEURO CNS,NA,NA,Depression
cloward syrup,Y,RESPIRATORY,NA,NA,Dry cough
clordise 10mg tablet,Y,NEURO CNS,Benzodiazepines Derivative,Benzodiazepines,Severe anxiety
codzi 4 mg/10 mg syrup,Y,RESPIRATORY,NA,NA,Dry cough
clocalm plus 0.5mg/5mg tablet,Y,NEURO CNS,NA,NA,Treatment of Anxiety disorder
closedep tablet,Y,NEURO CNS,NA,NA,Treatment of Anxiety disorder
clonatrix 2 tablet,Y,NEURO CNS,Benzodiazepines Derivative,Benzodiazepines,Treatment of Anxiety disorder
clh 0.5mg tablet md,Y,NEURO CNS,Benzodiazepines Derivative,Benzodiazepines,Treatment of Anxiety disorder
cenaze 0.5mg tablet md,Y,NEURO CNS,Benzodiazepines Derivative,Benzodiazepines,Treatment of Anxiety disorder
clocit l 0.25mg/5mg tablet,Y,NEURO CNS,NA,NA,Treatment of Anxiety disorder
c baz 5mg tablet,Y,NEURO CNS,Benzodiazepines Derivative,Benzodiazepines,Treatment of Epilepsy/Seizures
cz pex-5 md tablet,Y,NEURO CNS,Benzodiazepines Derivative,Benzodiazepines,Treatment of Epilepsy/Seizures
clanz 1mg tablet,Y,NEURO CNS,Benzodiazepines Derivative,Benzodiazepines,Treatment of Anxiety disorder
clonapax 1mg tablet,Y,NEURO CNS,Benzodiazepines Derivative,Benzodiazepines,Treatment of Anxiety disorder
codomolindon tablet,Y,RESPIRATORY,NA,NA,Pain relief
clonec 0.5 md tablet,Y,NEURO CNS,Benzodiazepines Derivative,Benzodiazepines,Treatment of Anxiety disorder
clozy 0.5mg tablet,Y,NEURO CNS,Benzodiazepines Derivative,Benzodiazepines,Treatment of Anxiety disorder
calmese 1mg tablet,Y,RESPIRATORY,Benzodiazepines Derivative,Benzodiazepines,Treatment of Short term anxiety
clonapax 2mg tablet md,Y,NEURO CNS,Benzodiazepines Derivative,Benzodiazepines,Treatment of Anxiety disorder
clonapik 0.5mg tablet,Y,NEURO CNS,Benzodiazepines Derivative,Benzodiazepines,Treatment of Anxiety disorder
claz 0.5mg tablet,Y,NEURO CNS,Benzodiazepines Derivative,Benzodiazepines,Treatment of Anxiety disorder
clonorest 2mg tablet,Y,NEURO CNS,Benzodiazepines Derivative,Benzodiazepines,Treatment of Anxiety disorder
codyl syrup,Y,RESPIRATORY,NA,NA,Dry cough
cofdyl syrup,Y,RESPIRATORY,NA,NA,Dry cough
citpam 0.5mg/10mg tablet,Y,NEURO CNS,NA,NA,Treatment of Anxiety disorder
cilentra plus lite tablet,Y,NEURO CNS,NA,NA,Treatment of Anxiety disorder
clotweet-md 0.5 tablet,Y,NEURO CNS,Benzodiazepines Derivative,Benzodiazepines,Treatment of Anxiety disorder
cloz plus 0.5mg/10mg tablet md,Y,NEURO CNS,NA,NA,Treatment of Anxiety disorder
clobalyf 10 tablet md,Y,NEURO CNS,Benzodiazepines Derivative,Benzodiazepines,Treatment of Epilepsy/Seizures
c trika 2mg tablet,Y,NEURO CNS,Benzodiazepines Derivative,Benzodiazepines,Treatment of Anxiety disorder
clobe 10 tablet,Y,NEURO CNS,Benzodiazepines Derivative,Benzodiazepines,Treatment of Epilepsy/Seizures
clogis 0.5mg tablet,Y,NEURO CNS,Benzodiazepines Derivative,Benzodiazepines,Treatment of Anxiety disorder
caspa 2mg tablet,Y,NEURO CNS,Benzodiazepines Derivative,Benzodiazepines,Treatment of Anxiety disorder
closeil 0.5 md tablet,Y,NEURO CNS,Benzodiazepines Derivative,Benzodiazepines,Treatment of Anxiety disorder
cz-pex 10 md tablet,Y,NEURO CNS,Benzodiazepines Derivative,Benzodiazepines,Treatment of Epilepsy/Seizures
chupp c 4mg/10mg syrup,Y,RESPIRATORY,NA,NA,Dry cough
clotrin 0.5mg tablet,Y,NEURO CNS,Benzodiazepines Derivative,Benzodiazepines,Treatment of Anxiety disorder
clonaxpax p 0.5 mg/20 mg tablet,Y,NEURO CNS,NA,NA,Treatment of Anxiety disorder
citacross 0.5mg/10mg tablet,Y,NEURO CNS,NA,NA,Treatment of Anxiety disorder
cedo t syrup,Y,RESPIRATORY,NA,NA,Dry cough
clozy 2mg tablet,Y,NEURO CNS,Benzodiazepines Derivative,Benzodiazepines,Treatment of Anxiety disorder
chlorest ah 25mg/10mg tablet,Y,NEURO CNS,NA,NA,Treatment of Depression
clonapik 0.25mg tablet,Y,NEURO CNS,Benzodiazepines Derivative,Benzodiazepines,Treatment of Anxiety disorder
codifem syrup,Y,RESPIRATORY,NA,NA,Dry cough
clonax 1mg tablet md,Y,NEURO CNS,Benzodiazepines Derivative,Benzodiazepines,Treatment of Anxiety disorder
citolex plus 0.5mg/10mg tablet,Y,NEURO CNS,NA,NA,Treatment of Anxiety disorder
clobacare 5mg tablet,Y,NEURO CNS,Benzodiazepines Derivative,Benzodiazepines,Treatment of Epilepsy/Seizures
chlosan forte 2.5mg/5mg/10mg tablet,Y,GASTRO INTESTINAL,NA,NA,Treatment of Irritable bowel syndrome
clonax 0.5mg tablet md,Y,NEURO CNS,Benzodiazepines Derivative,Benzodiazepines,Treatment of Anxiety disorder
clonarest-e tablet,Y,NEURO CNS,NA,NA,Treatment of Anxiety disorder
checkspas tablet,Y,GASTRO INTESTINAL,NA,NA,Treatment of Irritable bowel syndrome
clonatrix 1mg tablet,Y,NEURO CNS,Benzodiazepines Derivative,Benzodiazepines,Treatment of Anxiety disorder
clonam-ir 2mg tablet,Y,NEURO CNS,Benzodiazepines Derivative,Benzodiazepines,Treatment of Anxiety disorder
clozepam 1mg tablet,Y,NEURO CNS,Benzodiazepines Derivative,Benzodiazepines,Treatment of Anxiety disorder
critfen-tp tablet,Y,PAIN ANALGESICS,NA,NA,Pain relief
cazin-md 2 tablet,Y,NEURO CNS,Benzodiazepines Derivative,Benzodiazepines,Treatment of Anxiety disorder
clonaviz 0.5 tablet,Y,NEURO CNS,Benzodiazepines Derivative,Benzodiazepines,Treatment of Anxiety disorder
co terex syrup,Y,RESPIRATORY,NA,NA,Dry cough
clb 5mg tablet,Y,NEURO CNS,Benzodiazepines Derivative,Benzodiazepines,Treatment of Epilepsy/Seizures
celonz 0.5mg tablet,Y,NEURO CNS,Benzodiazepines Derivative,Benzodiazepines,Treatment of Anxiety disorder
clanxit 0.5 tablet md,Y,NEURO CNS,Benzodiazepines Derivative,Benzodiazepines,Treatment of Anxiety disorder
cadicoff lozenges,Y,RESPIRATORY,NA,NA,Dry cough
cyclozobid tablet,Y,GASTRO INTESTINAL,NA,NA,Treatment of Severe acute pain
calm 1mg/10mg tablet,Y,NEURO CNS,NA,NA,Schizophrenia
clobazaa 10mg tablet,Y,NEURO CNS,Benzodiazepines Derivative,Benzodiazepines,Treatment of Epilepsy/Seizures
cenaze 0.25mg tablet md,Y,NEURO CNS,Benzodiazepines Derivative,Benzodiazepines,Treatment of Anxiety disorder
clobastar 10mg tablet,Y,NEURO CNS,Benzodiazepines Derivative,Benzodiazepines,Treatment of Epilepsy/Seizures
clovas 2mg tablet,Y,NEURO CNS,Benzodiazepines Derivative,Benzodiazepines,Treatment of Anxiety disorder
cpine 5mg tablet,Y,NEURO CNS,Benzodiazepines Derivative,Benzodiazepines,Treatment of Epilepsy/Seizures
cobyzam 10 tablet md,Y,NEURO CNS,Benzodiazepines Derivative,Benzodiazepines,Treatment of Epilepsy/Seizures
clotas plus h 0.5mg/10mg tablet,Y,NEURO CNS,NA,NA,Treatment of Anxiety disorder
c.r.m linctus cherry,Y,RESPIRATORY,NA,NA,Treatment of Dry cough
coolam 0.25mg tablet,Y,NEURO CNS,Benzodiazepines Derivative,Benzodiazepines,Treatment of Anxiety
cyclones-td tablet,Y,PAIN ANALGESICS,NA,NA,Pain relief
clonage-s tablet,Y,NEURO CNS,NA,NA,Treatment of Anxiety disorder
cortex max syrup,Y,RESPIRATORY,NA,NA,Dry cough
codisum syrup,Y,RESPIRATORY,NA,NA,Dry cough
chlosan 25mg tablet,Y,NEURO CNS,Benzodiazepines Derivative,Benzodiazepines,Severe anxiety
clonopam 0.25mg tablet,Y,NEURO CNS,Benzodiazepines Derivative,Benzodiazepines,Treatment of Anxiety disorder
citograph lite 0.25mg/10mg tablet,Y,NEURO CNS,NA,NA,Treatment of Anxiety disorder
clanz 0.25mg tablet,Y,NEURO CNS,Benzodiazepines Derivative,Benzodiazepines,Treatment of Anxiety disorder
clifpred 4mg tablet,Y,NEURO CNS,Aralkylamine Derivative,Sympthatomimmetics-ADHD,Attention deficit hyperactivity disorder (ADHD)
closa 0.25mg tablet,Y,NEURO CNS,Benzodiazepines Derivative,Benzodiazepines,Treatment of Anxiety disorder
clogaba 10mg tablet,Y,NEURO CNS,Benzodiazepines Derivative,Benzodiazepines,Treatment of Epilepsy/Seizures
clonage 0.5mg tablet,Y,NEURO CNS,Benzodiazepines Derivative,Benzodiazepines,Treatment of Anxiety disorder
colinorm-d tablet,Y,GASTRO INTESTINAL,NA,NA,Treatment of Irritable bowel syndrome
conitram p 37.5mg/325mg tablet,Y,PAIN ANALGESICS,NA,NA,Moderate to severe pain
clozid 0.5mg tablet,Y,NEURO CNS,Benzodiazepines Derivative,Benzodiazepines,Treatment of Anxiety disorder
clozy 0.25mg tablet md,Y,NEURO CNS,Benzodiazepines Derivative,Benzodiazepines,Treatment of Anxiety disorder
clouse 0.25mg tablet,Y,NEURO CNS,Benzodiazepines Derivative,Benzodiazepines,Treatment of Anxiety disorder
clovik beta 0.25mg/10mg tablet,Y,NEURO CNS,NA,NA,Treatment of Anxiety disorder
carion 4 mg/10 mg syrup,Y,RESPIRATORY,NA,NA,Dry cough
clonabeta 0.5mg tablet,Y,NEURO CNS,Benzodiazepines Derivative,Benzodiazepines,Treatment of Anxiety disorder
cyclogun tablet,Y,GASTRO INTESTINAL,NA,NA,Treatment of Irritable bowel syndrome
celonz plus 0.5mg/10mg tablet,Y,NEURO CNS,NA,NA,Treatment of Anxiety disorder
czpam 0.5mg tablet,Y,NEURO CNS,Benzodiazepines Derivative,Benzodiazepines,Treatment of Anxiety disorder
clopz 0.50mg tablet md,Y,NEURO CNS,Benzodiazepines Derivative,Benzodiazepines,Treatment of Anxiety disorder
cozil 0.5mg tablet,Y,NEURO CNS,Benzodiazepines Derivative,Benzodiazepines,Treatment of Anxiety disorder
citonin plus 0.5mg/10mg tablet,Y,NEURO CNS,NA,NA,Treatment of Anxiety disorder
calmzee-c forte tablet,Y,NEURO CNS,NA,NA,Treatment of Depression
comore syrup,Y,RESPIRATORY,NA,NA,Dry cough
codelion syrup,Y,RESPIRATORY,NA,NA,Dry cough
clorite-beta tablet,Y,NEURO CNS,NA,NA,Treatment of Anxiety disorder
chlordize 25 tablet,Y,NEURO CNS,Benzodiazepines Derivative,Benzodiazepines,Severe anxiety
clocest 2mg tablet md,Y,NEURO CNS,Benzodiazepines Derivative,Benzodiazepines,Treatment of Anxiety disorder
clouse 0.5mg tablet,Y,NEURO CNS,Benzodiazepines Derivative,Benzodiazepines,Treatment of Anxiety disorder
corbutyl 650mg/65mg tablet,Y,PAIN ANALGESICS,NA,NA,Pain relief
clorite 0.5 md tablet,Y,NEURO CNS,Benzodiazepines Derivative,Benzodiazepines,Treatment of Anxiety disorder
control 2mg tablet,Y,NEURO CNS,Benzodiazepines Derivative,Benzodiazepines,Treatment of Anxiety disorder
clonaril 0.25mg tablet,Y,NEURO CNS,Benzodiazepines Derivative,Benzodiazepines,Treatment of Anxiety disorder
clodep 1mg tablet md,Y,NEURO CNS,Benzodiazepines Derivative,Benzodiazepines,Treatment of Anxiety disorder
clotrin 2mg tablet,Y,NEURO CNS,Benzodiazepines Derivative,Benzodiazepines,Treatment of Anxiety disorder
c fill 200mg tablet,Y,NEURO CNS,Diphenylmethane Derivative,Stimulant/ Drug for excessive sleepiness,Narcolepsy (Uncontrollable daytime sleepiness)
cojam 10mg tablet,Y,NEURO CNS,Benzodiazepines Derivative,Benzodiazepines,Treatment of Epilepsy/Seizures
clocalm 2mg tablet,Y,NEURO CNS,Benzodiazepines Derivative,Benzodiazepines,Treatment of Anxiety disorder
codys syrup,Y,RESPIRATORY,NA,NA,Dry cough
cobazep 10 tablet,Y,NEURO CNS,Benzodiazepines Derivative,Benzodiazepines,Treatment of Epilepsy/Seizures
cerekul 1 mg/10 mg tablet,Y,NEURO CNS,NA,NA,Schizophrenia
copax sr 1 tablet,Y,NEURO CNS,Benzodiazepines Derivative,Benzodiazepines,Treatment of Anxiety
carmez 0.25mg tablet,Y,NEURO CNS,Benzodiazepines Derivative,Benzodiazepines,Treatment of Anxiety disorder
clopsy 5mg tablet md,Y,NEURO CNS,Benzodiazepines Derivative,Benzodiazepines,Treatment of Epilepsy/Seizures
cergo 0.5 mg tablet md,Y,NEURO CNS,Benzodiazepines Derivative,Benzodiazepines,Treatment of Anxiety disorder
centradol 100mg injection,Y,PAIN ANALGESICS,Anisole Derivative,Opioids,Moderate to severe pain
cyclofit td tablet,Y,PAIN ANALGESICS,NA,NA,Pain relief
clopam el 0.5mg/10mg tablet,Y,NEURO CNS,NA,NA,Treatment of Anxiety disorder
clonec 0.25 md tablet,Y,NEURO CNS,Benzodiazepines Derivative,Benzodiazepines,Treatment of Anxiety disorder
clap 0.5mg tablet,Y,NEURO CNS,Benzodiazepines Derivative,Benzodiazepines,Treatment of Anxiety disorder
cdprex 5mg tablet,Y,NEURO CNS,Benzodiazepines Derivative,Benzodiazepines,Severe anxiety
cirazam 5mg tablet,Y,NEURO CNS,Benzodiazepines Derivative,Benzodiazepines,Treatment of Epilepsy/Seizures
cnl plus 0.25 mg/20 mg tablet,Y,NEURO CNS,NA,NA,Depression
c fill 100mg tablet,Y,NEURO CNS,Diphenylmethane Derivative,Stimulant/ Drug for excessive sleepiness,Narcolepsy (Uncontrollable daytime sleepiness)
clozop 5mg tablet,Y,NEURO CNS,Benzodiazepines Derivative,Benzodiazepines,Treatment of Epilepsy/Seizures
clotrin 0.25mg tablet,Y,NEURO CNS,Benzodiazepines Derivative,Benzodiazepines,Treatment of Anxiety disorder
clopsy 10mg tablet md,Y,NEURO CNS,Benzodiazepines Derivative,Benzodiazepines,Treatment of Epilepsy/Seizures
clorite 0.25mg tablet md,Y,NEURO CNS,Benzodiazepines Derivative,Benzodiazepines,Treatment of Anxiety disorder
clonacare ec 0.5mg/10mg tablet,Y,NEURO CNS,NA,NA,Treatment of Anxiety disorder
cloneepam 0.5mg tablet,Y,NEURO CNS,Benzodiazepines Derivative,Benzodiazepines,Treatment of Anxiety disorder
cqlam 0.5mg tablet,Y,NEURO CNS,Benzodiazepines Derivative,Benzodiazepines,Treatment of Anxiety
clobazap 10mg tablet,Y,NEURO CNS,Benzodiazepines Derivative,Benzodiazepines,Treatment of Epilepsy/Seizures
clozmet 1 md tablet,Y,NEURO CNS,Benzodiazepines Derivative,Benzodiazepines,Treatment of Anxiety disorder
clobaz 5mg tablet,Y,NEURO CNS,Benzodiazepines Derivative,Benzodiazepines,Treatment of Epilepsy/Seizures
closa plus 0.5mg/10mg tablet,Y,NEURO CNS,NA,NA,Treatment of Anxiety disorder
clonzy plus 0.5mg/10mg tablet,Y,NEURO CNS,NA,NA,Treatment of Anxiety disorder
clobastar 5mg tablet,Y,NEURO CNS,Benzodiazepines Derivative,Benzodiazepines,Treatment of Epilepsy/Seizures
clibtab d 2.5mg/5mg/10mg tablet,Y,GASTRO INTESTINAL,NA,NA,Treatment of Irritable bowel syndrome
c-van 2mg tablet,Y,RESPIRATORY,Benzodiazepines Derivative,Benzodiazepines,Treatment of Short term anxiety
codectuss gr syrup,Y,RESPIRATORY,NA,NA,Dry cough
corolex t syrup,Y,RESPIRATORY,NA,NA,Dry cough
clodep plus h 0.25 mg/10 mg tablet,Y,NEURO CNS,NA,NA,Treatment of Anxiety disorder
codyl 4 mg/10 mg syrup,Y,RESPIRATORY,NA,NA,Dry cough
chlormit tablet,Y,NEURO CNS,NA,NA,Treatment of Depression
clonajob plus 0.5mg/10mg tablet,Y,NEURO CNS,NA,NA,Treatment of Anxiety disorder
closis 0.25mg tablet,Y,NEURO CNS,Benzodiazepines Derivative,Benzodiazepines,Treatment of Anxiety disorder
clipoxt 2.5mg/5mg/10mg tablet,Y,GASTRO INTESTINAL,NA,NA,Treatment of Irritable bowel syndrome
coride 10mg tablet,Y,NEURO CNS,Benzodiazepines Derivative,Benzodiazepines,Severe anxiety
critidol 50mg injection,Y,PAIN ANALGESICS,Anisole Derivative,Opioids,Moderate to severe pain
cemadol 50mg tablet,Y,PAIN ANALGESICS,Anisole Derivative,Opioids,Moderate to severe pain
cotrip-h tablet,Y,NEURO CNS,NA,NA,Treatment of Depression
clonopam 2mg tablet,Y,NEURO CNS,Benzodiazepines Derivative,Benzodiazepines,Treatment of Anxiety disorder
cadrex syrup,Y,RESPIRATORY,NA,NA,Dry cough
clobator 20mg tablet,Y,NEURO CNS,Benzodiazepines Derivative,Benzodiazepines,Treatment of Epilepsy/Seizures
cobyzam 5 tablet md,Y,NEURO CNS,Benzodiazepines Derivative,Benzodiazepines,Treatment of Epilepsy/Seizures
cure spas 2.5mg/5mg/10mg tablet,Y,GASTRO INTESTINAL,NA,NA,Treatment of Irritable bowel syndrome
clanz 2mg tablet,Y,NEURO CNS,Benzodiazepines Derivative,Benzodiazepines,Treatment of Anxiety disorder
cuntrol 100mg tablet sr,Y,PAIN ANALGESICS,Anisole Derivative,Opioids,Moderate to severe pain
cdprex 25mg tablet,Y,NEURO CNS,Benzodiazepines Derivative,Benzodiazepines,Severe anxiety
clonax 2mg tablet md,Y,NEURO CNS,Benzodiazepines Derivative,Benzodiazepines,Treatment of Anxiety disorder
clonza 1mg tablet md,Y,NEURO CNS,Benzodiazepines Derivative,Benzodiazepines,Treatment of Anxiety disorder
cdcon 10mg tablet,Y,NEURO CNS,Benzodiazepines Derivative,Benzodiazepines,Severe anxiety
clobius 5mg tablet,Y,NEURO CNS,Benzodiazepines Derivative,Benzodiazepines,Treatment of Epilepsy/Seizures
clonaprix-ds tablet cr,Y,NEURO CNS,NA,NA,Depression
c trika 1mg tablet,Y,NEURO CNS,Benzodiazepines Derivative,Benzodiazepines,Treatment of Anxiety disorder
cdprex 10mg tablet,Y,NEURO CNS,Benzodiazepines Derivative,Benzodiazepines,Severe anxiety
clonovius 0.5mg tablet,Y,NEURO CNS,Benzodiazepines Derivative,Benzodiazepines,Treatment of Anxiety disorder
calmnir 0.5mg tablet md,Y,NEURO CNS,Benzodiazepines Derivative,Benzodiazepines,Treatment of Anxiety disorder
clozop 10mg tablet,Y,NEURO CNS,Benzodiazepines Derivative,Benzodiazepines,Treatment of Epilepsy/Seizures
clotrin 1mg tablet,Y,NEURO CNS,Benzodiazepines Derivative,Benzodiazepines,Treatment of Anxiety disorder
clonarey 0.5mg tablet,Y,NEURO CNS,Benzodiazepines Derivative,Benzodiazepines,Treatment of Anxiety disorder
c-van 1mg tablet,Y,RESPIRATORY,Benzodiazepines Derivative,Benzodiazepines,Treatment of Short term anxiety
clonamax 0.5mg tablet md,Y,NEURO CNS,Benzodiazepines Derivative,Benzodiazepines,Treatment of Anxiety disorder
clonam ir 1mg tablet md,Y,NEURO CNS,Benzodiazepines Derivative,Benzodiazepines,Treatment of Anxiety disorder
cyspas c tablet,Y,GASTRO INTESTINAL,NA,NA,Treatment of Irritable bowel syndrome
clonzafit tablet,Y,NEURO CNS,NA,NA,Treatment of Anxiety disorder
codetis syrup,Y,RESPIRATORY,NA,NA,Dry cough
chlormit h tablet,Y,NEURO CNS,NA,NA,Treatment of Depression
cloam 2mg tablet,Y,NEURO CNS,Benzodiazepines Derivative,Benzodiazepines,Treatment of Epilepsy/Seizures
clozmet 2 md tablet,Y,NEURO CNS,Benzodiazepines Derivative,Benzodiazepines,Treatment of Anxiety disorder
cirocod 4mg/10mg linctus,Y,RESPIRATORY,NA,NA,Dry cough
cizipam 0.5mg tablet,Y,NEURO CNS,Benzodiazepines Derivative,Benzodiazepines,Treatment of Anxiety disorder
colzep 0.5mg tablet md,Y,NEURO CNS,Benzodiazepines Derivative,Benzodiazepines,Treatment of Anxiety disorder
clone 2 tablet dt,Y,NEURO CNS,Benzodiazepines Derivative,Benzodiazepines,Treatment of Anxiety disorder
clopen esc 0.5mg/10mg tablet,Y,NEURO CNS,NA,NA,Treatment of Anxiety disorder
clonoz 0.5mg tablet md,Y,NEURO CNS,Benzodiazepines Derivative,Benzodiazepines,Treatment of Anxiety disorder
clopiz 2mg tablet,Y,NEURO CNS,Benzodiazepines Derivative,Benzodiazepines,Treatment of Anxiety disorder
cypremal tablet,Y,PAIN ANALGESICS,NA,NA,Pain relief
camadol 100mg injection,Y,PAIN ANALGESICS,Anisole Derivative,Opioids,Moderate to severe pain
codirax syrup,Y,RESPIRATORY,NA,NA,Dry cough
clozam 20mg tablet,Y,NEURO CNS,Benzodiazepines Derivative,Benzodiazepines,Treatment of Epilepsy/Seizures
cetapam 0.5mg/10mg tablet,Y,NEURO CNS,NA,NA,Treatment of Anxiety disorder
catier 0.25mg tablet,Y,NEURO CNS,Benzodiazepines Derivative,Benzodiazepines,Treatment of Anxiety disorder
clozmet 0.25mg tablet md,Y,NEURO CNS,Benzodiazepines Derivative,Benzodiazepines,Treatment of Anxiety disorder
calmstay 0.5mg tablet,Y,NEURO CNS,Benzodiazepines Derivative,Benzodiazepines,Treatment of Anxiety disorder
clonova 0.25mg tablet md,Y,NEURO CNS,Benzodiazepines Derivative,Benzodiazepines,Treatment of Anxiety disorder
clobazed 10mg tablet,Y,NEURO CNS,Benzodiazepines Derivative,Benzodiazepines,Treatment of Epilepsy/Seizures
clonadel 0.5mg tablet,Y,NEURO CNS,Benzodiazepines Derivative,Benzodiazepines,Treatment of Anxiety disorder
clobamet 10 tablet,Y,NEURO CNS,Benzodiazepines Derivative,Benzodiazepines,Treatment of Epilepsy/Seizures
clonam ir 2mg tablet md,Y,NEURO CNS,Benzodiazepines Derivative,Benzodiazepines,Treatment of Anxiety disorder
cizipam 0.25mg tablet,Y,NEURO CNS,Benzodiazepines Derivative,Benzodiazepines,Treatment of Anxiety disorder
citalviz plus 0.5mg/10mg tablet,Y,NEURO CNS,NA,NA,Treatment of Anxiety disorder
clobalyf 5 tablet md,Y,NEURO CNS,Benzodiazepines Derivative,Benzodiazepines,Treatment of Epilepsy/Seizures
clonaprix-ls tablet cr,Y,NEURO CNS,NA,NA,Depression
clonamust 0.5mg tablet,Y,NEURO CNS,Benzodiazepines Derivative,Benzodiazepines,Treatment of Anxiety disorder
clonzy 1mg tablet,Y,NEURO CNS,Benzodiazepines Derivative,Benzodiazepines,Treatment of Anxiety disorder
colidex 10mg/65mg/500mg tablet,Y,GASTRO INTESTINAL,NA,NA,Abdominal pain
conaril syrup,Y,RESPIRATORY,NA,NA,Dry cough
cinipox 5mg/2.5mg tablet,Y,GASTRO INTESTINAL,NA,NA,Treatment of Irritable bowel syndrome
cemadol 100mg tablet,Y,PAIN ANALGESICS,Anisole Derivative,Opioids,Moderate to severe pain
clobafit 10 tablet,Y,NEURO CNS,Benzodiazepines Derivative,Benzodiazepines,Treatment of Epilepsy/Seizures
clonatrac 0.5mg tablet,Y,NEURO CNS,Benzodiazepines Derivative,Benzodiazepines,Treatment of Anxiety disorder
clozorix 0.5mg tablet,Y,NEURO CNS,Benzodiazepines Derivative,Benzodiazepines,Treatment of Anxiety disorder
clonab plus 0.5mg/10mg tablet,Y,NEURO CNS,NA,NA,Treatment of Anxiety disorder
curerex 25mg tablet,Y,NEURO CNS,Benzodiazepines Derivative,Benzodiazepines,Severe anxiety
citcodec p 0.25mg/20mg tablet,Y,NEURO CNS,NA,NA,Depression
cloclo 0.5 tablet,Y,NEURO CNS,Benzodiazepines Derivative,Benzodiazepines,Treatment of Anxiety disorder
catier 0.5mg tablet,Y,NEURO CNS,Benzodiazepines Derivative,Benzodiazepines,Treatment of Anxiety disorder
clonzy 0.25mg tablet,Y,NEURO CNS,Benzodiazepines Derivative,Benzodiazepines,Treatment of Anxiety disorder
clonix 1mg tablet,Y,NEURO CNS,Benzodiazepines Derivative,Benzodiazepines,Treatment of Anxiety disorder
clonariv 0.5mg tablet,Y,NEURO CNS,Benzodiazepines Derivative,Benzodiazepines,Treatment of Anxiety disorder
coride 25mg tablet,Y,NEURO CNS,Benzodiazepines Derivative,Benzodiazepines,Severe anxiety
clonapril tablet dt,Y,NEURO CNS,Benzodiazepines Derivative,Benzodiazepines,Treatment of Anxiety disorder
cloxpam 1mg tablet,Y,NEURO CNS,Benzodiazepines Derivative,Benzodiazepines,Treatment of Anxiety disorder
calmstay 0.25mg tablet,Y,NEURO CNS,Benzodiazepines Derivative,Benzodiazepines,Treatment of Anxiety disorder
clozet 2mg tablet,Y,NEURO CNS,Benzodiazepines Derivative,Benzodiazepines,Treatment of Anxiety disorder
cloford 0.5mg tablet,Y,NEURO CNS,Benzodiazepines Derivative,Benzodiazepines,Treatment of Anxiety disorder
clonyl 50mg tablet md,Y,NEURO CNS,Benzodiazepines Derivative,Benzodiazepines,Treatment of Anxiety disorder
censof 10mg/1mg tablet,Y,NEURO CNS,NA,NA,Schizophrenia
clonoz 0.25mg tablet md,Y,NEURO CNS,Benzodiazepines Derivative,Benzodiazepines,Treatment of Anxiety disorder
closum 20mg tablet md,Y,NEURO CNS,Benzodiazepines Derivative,Benzodiazepines,Treatment of Epilepsy/Seizures
clono 0.5mg tablet md,Y,NEURO CNS,Benzodiazepines Derivative,Benzodiazepines,Treatment of Anxiety disorder
clonanza 0.5mg tablet,Y,NEURO CNS,Benzodiazepines Derivative,Benzodiazepines,Treatment of Anxiety disorder
clozup 0.5mg tablet,Y,NEURO CNS,Benzodiazepines Derivative,Benzodiazepines,Treatment of Anxiety disorder
calmtack 10mg injection,Y,NEURO CNS,Benzodiazepine Derivative,Benzodiazepines,Treatment of Short term anxiety
cambidol 50mg tablet,Y,PAIN ANALGESICS,Anisole Derivative,Opioids,Moderate to severe pain
cloma 1mg tablet,Y,NEURO CNS,Benzodiazepines Derivative,Benzodiazepines,Treatment of Anxiety disorder
clonris 1mg tablet md,Y,NEURO CNS,Benzodiazepines Derivative,Benzodiazepines,Treatment of Anxiety disorder
chlordize plus 5mg/1mg tablet,Y,NEURO CNS,NA,NA,Schizophrenia
cenaze 1mg tablet md,Y,NEURO CNS,Benzodiazepines Derivative,Benzodiazepines,Treatment of Anxiety disorder
clogaba 5mg tablet,Y,NEURO CNS,Benzodiazepines Derivative,Benzodiazepines,Treatment of Epilepsy/Seizures
clonova 0.5 tablet md,Y,NEURO CNS,Benzodiazepines Derivative,Benzodiazepines,Treatment of Anxiety disorder
clon 1mg tablet,Y,NEURO CNS,Benzodiazepines Derivative,Benzodiazepines,Treatment of Anxiety disorder
ciaz-sr 100 tablet,Y,PAIN ANALGESICS,Anisole Derivative,Opioids,Moderate to severe pain
clotweet 0.5mg tablet,Y,NEURO CNS,Benzodiazepines Derivative,Benzodiazepines,Treatment of Anxiety disorder
cradol p 50mg/500mg capsule,Y,PAIN ANALGESICS,NA,NA,Moderate to severe pain
cerpam 1mg tablet,Y,RESPIRATORY,Benzodiazepines Derivative,Benzodiazepines,Treatment of Short term anxiety
clonzecad 0.5mg tablet md,Y,NEURO CNS,Benzodiazepines Derivative,Benzodiazepines,Treatment of Anxiety disorder
clapy 0.25mg tablet md,Y,NEURO CNS,Benzodiazepines Derivative,Benzodiazepines,Treatment of Anxiety disorder
clonaxyl 2mg tablet,Y,NEURO CNS,Benzodiazepines Derivative,Benzodiazepines,Treatment of Anxiety disorder
clibtab 5mg/2.5mg tablet,Y,GASTRO INTESTINAL,NA,NA,Treatment of Irritable bowel syndrome
curotrip 12.5mg/5mg tablet,Y,NEURO CNS,NA,NA,Treatment of Depression
closis 0.5mg tablet,Y,NEURO CNS,Benzodiazepines Derivative,Benzodiazepines,Treatment of Anxiety disorder
cdcon 20mg tablet,Y,NEURO CNS,Benzodiazepines Derivative,Benzodiazepines,Severe anxiety
cobazep 5 tablet,Y,NEURO CNS,Benzodiazepines Derivative,Benzodiazepines,Treatment of Epilepsy/Seizures
copa p 0.5mg/20mg tablet,Y,NEURO CNS,NA,NA,Treatment of Anxiety disorder
clobakon 10mg tablet,Y,NEURO CNS,Benzodiazepines Derivative,Benzodiazepines,Treatment of Epilepsy/Seizures
clojoy 5mg tablet,Y,NEURO CNS,Benzodiazepines Derivative,Benzodiazepines,Treatment of Epilepsy/Seizures
citcodec fort 0.25mg/20mg tablet,Y,NEURO CNS,NA,NA,Anxiety disorder
clonovius 0.25mg tablet,Y,NEURO CNS,Benzodiazepines Derivative,Benzodiazepines,Treatment of Anxiety disorder
clogis 1mg tablet,Y,NEURO CNS,Benzodiazepines Derivative,Benzodiazepines,Treatment of Anxiety disorder
clonetic es 0.25mg/10mg tablet,Y,NEURO CNS,NA,NA,Treatment of Anxiety disorder
citajoy c 0.5 mg/10 mg tablet,Y,NEURO CNS,NA,NA,Treatment of Anxiety disorder
cesopram 0.5mg/10mg tablet,Y,NEURO CNS,NA,NA,Treatment of Anxiety disorder
cloblus 5mg tablet,Y,NEURO CNS,Benzodiazepines Derivative,Benzodiazepines,Treatment of Epilepsy/Seizures
cnzep 1mg tablet,Y,NEURO CNS,Benzodiazepines Derivative,Benzodiazepines,Treatment of Anxiety disorder
clonavish 0.5mg tablet md,Y,NEURO CNS,Benzodiazepines Derivative,Benzodiazepines,Treatment of Anxiety disorder
clonavish 0.25 tablet md,Y,NEURO CNS,Benzodiazepines Derivative,Benzodiazepines,Treatment of Anxiety disorder
contraflam p 37.5mg/325mg tablet,Y,PAIN ANALGESICS,NA,NA,Moderate to severe pain
clonamir 0.5mg tablet,Y,NEURO CNS,Benzodiazepines Derivative,Benzodiazepines,Treatment of Anxiety disorder
clovell 0.25mg tablet,Y,NEURO CNS,Benzodiazepines Derivative,Benzodiazepines,Treatment of Anxiety disorder
caybutyl 650 mg/65 mg tablet,Y,PAIN ANALGESICS,NA,NA,Pain relief
clonza 2mg tablet,Y,NEURO CNS,Benzodiazepines Derivative,Benzodiazepines,Treatment of Anxiety disorder
clonella 0.5mg tablet md,Y,NEURO CNS,Benzodiazepines Derivative,Benzodiazepines,Treatment of Anxiety disorder
closax 0.5mg/20mg tablet,Y,NEURO CNS,NA,NA,Treatment of Anxiety disorder
clonaone 0.25mg tablet md,Y,NEURO CNS,Benzodiazepines Derivative,Benzodiazepines,Treatment of Anxiety disorder
codimarc 4 mg/10 mg syrup,Y,RESPIRATORY,NA,NA,Dry cough
clotweet 2mg tablet,Y,NEURO CNS,Benzodiazepines Derivative,Benzodiazepines,Treatment of Anxiety disorder
clonosham 5mg tablet,Y,NEURO CNS,Benzodiazepines Derivative,Benzodiazepines,Treatment of Anxiety disorder
clonzy 2mg tablet,Y,NEURO CNS,Benzodiazepines Derivative,Benzodiazepines,Treatment of Anxiety disorder
clozamax 0.5mg tablet md,Y,NEURO CNS,Benzodiazepines Derivative,Benzodiazepines,Treatment of Anxiety disorder
codihit syrup,Y,RESPIRATORY,NA,NA,Dry cough
clonaviz-plus tablet,Y,NEURO CNS,NA,NA,Treatment of Anxiety disorder
copax 0.5mg tablet sr,Y,NEURO CNS,Benzodiazepines Derivative,Benzodiazepines,Treatment of Anxiety
codimarc t syrup,Y,RESPIRATORY,NA,NA,Dry cough
cynosleep 10mg/1mg tablet,Y,NEURO CNS,NA,NA,Schizophrenia
clonopam 0.5mg tablet md,Y,NEURO CNS,Benzodiazepines Derivative,Benzodiazepines,Treatment of Anxiety disorder
clodipam 0.5mg/10mg tablet,Y,NEURO CNS,NA,NA,Treatment of Anxiety disorder
clobafit 5 tablet,Y,NEURO CNS,Benzodiazepines Derivative,Benzodiazepines,Treatment of Epilepsy/Seizures
curotrip ds 25mg/10mg tablet,Y,NEURO CNS,NA,NA,Treatment of Depression
clobakon 5mg tablet,Y,NEURO CNS,Benzodiazepines Derivative,Benzodiazepines,Treatment of Epilepsy/Seizures
cutspas-c tablet,Y,GASTRO INTESTINAL,NA,NA,Treatment of Irritable bowel syndrome
clonabeta 0.25mg tablet,Y,NEURO CNS,Benzodiazepines Derivative,Benzodiazepines,Treatment of Anxiety disorder
calmtech 10mg/1mg tablet,Y,NEURO CNS,NA,NA,Schizophrenia
clovell 5mg tablet,Y,NEURO CNS,Benzodiazepines Derivative,Benzodiazepines,Treatment of Anxiety disorder
czpam 1mg tablet,Y,NEURO CNS,Benzodiazepines Derivative,Benzodiazepines,Treatment of Anxiety disorder
clonsa plus 0.5mg/10mg tablet,Y,NEURO CNS,NA,NA,Treatment of Anxiety disorder
codinir 4 mg/10 mg syrup,Y,RESPIRATORY,NA,NA,Dry cough
codybex syrup,Y,RESPIRATORY,NA,NA,Dry cough
cuzep 0.25mg tablet,Y,NEURO CNS,Benzodiazepines Derivative,Benzodiazepines,Treatment of Anxiety disorder
clonyl 25mg tablet mr,Y,NEURO CNS,Benzodiazepines Derivative,Benzodiazepines,Treatment of Anxiety disorder
clonapsy 0.25mg tablet md,Y,NEURO CNS,Benzodiazepines Derivative,Benzodiazepines,Treatment of Anxiety disorder
cezotrip h 12.5mg/5mg tablet,Y,NEURO CNS,NA,NA,Treatment of Depression
calmtec-p 0.25mg/20mg tablet,Y,NEURO CNS,NA,NA,Anxiety disorder
cocoryl 2mg/10mg tablet,Y,RESPIRATORY,NA,NA,Dry cough
corzolam 0.25mg tablet,Y,NEURO CNS,Benzodiazepines Derivative,Benzodiazepines,Treatment of Anxiety
combitram 50mg injection,Y,PAIN ANALGESICS,Anisole Derivative,Opioids,Moderate to severe pain
clouse 2mg tablet,Y,NEURO CNS,Benzodiazepines Derivative,Benzodiazepines,Treatment of Anxiety disorder
clojoy 10 tablet,Y,NEURO CNS,Benzodiazepines Derivative,Benzodiazepines,Treatment of Epilepsy/Seizures
clozamax plus 0.5mg/10mg tablet,Y,NEURO CNS,NA,NA,Treatment of Anxiety disorder
clonaviz 0.25 tablet,Y,NEURO CNS,Benzodiazepines Derivative,Benzodiazepines,Treatment of Anxiety disorder
copax 1.5mg tablet sr,Y,NEURO CNS,Benzodiazepines Derivative,Benzodiazepines,Treatment of Anxiety
catier 1mg tablet,Y,NEURO CNS,Benzodiazepines Derivative,Benzodiazepines,Treatment of Anxiety disorder
clonir 1mg tablet,Y,NEURO CNS,Benzodiazepines Derivative,Benzodiazepines,Treatment of Anxiety disorder
cit forte 0.5mg/10mg tablet,Y,NEURO CNS,NA,NA,Treatment of Anxiety disorder
clez 0.5mg tablet,Y,NEURO CNS,Benzodiazepines Derivative,Benzodiazepines,Treatment of Anxiety disorder
caxpam forte 0.5mg/10mg tablet,Y,NEURO CNS,NA,NA,Treatment of Anxiety disorder
colzep 1mg tablet md,Y,NEURO CNS,Benzodiazepines Derivative,Benzodiazepines,Treatment of Anxiety disorder
clonabeta 1mg tablet,Y,NEURO CNS,Benzodiazepines Derivative,Benzodiazepines,Treatment of Anxiety disorder
clonsyc 0.5 dt tablet,Y,NEURO CNS,Benzodiazepines Derivative,Benzodiazepines,Treatment of Anxiety disorder
censir forte 0.5mg/50mg tablet,Y,NEURO CNS,NA,NA,Depression
combitel 10mg/500mg/50mg tablet,Y,PAIN ANALGESICS,NA,NA,Treatment of Severe acute pain
cutram p 50mg/325mg tablet,Y,PAIN ANALGESICS,NA,NA,Moderate to severe pain
cloblus 10mg tablet,Y,NEURO CNS,Benzodiazepines Derivative,Benzodiazepines,Treatment of Epilepsy/Seizures
curerex 5mg/2.5mg tablet,Y,GASTRO INTESTINAL,NA,NA,Treatment of Irritable bowel syndrome
clonaric 0.5mg tablet,Y,NEURO CNS,Benzodiazepines Derivative,Benzodiazepines,Treatment of Anxiety disorder
clogis 2mg tablet,Y,NEURO CNS,Benzodiazepines Derivative,Benzodiazepines,Treatment of Anxiety disorder
cozin oral solution,Y,RESPIRATORY,NA,NA,Dry cough
cemadol 100mg injection,Y,PAIN ANALGESICS,Anisole Derivative,Opioids,Moderate to severe pain
czap 2mg tablet,Y,NEURO CNS,Benzodiazepines Derivative,Benzodiazepines,Treatment of Anxiety disorder
cloneepam 2mg tablet,Y,NEURO CNS,Benzodiazepines Derivative,Benzodiazepines,Treatment of Anxiety disorder
clonzecad 0.25mg tablet md,Y,NEURO CNS,Benzodiazepines Derivative,Benzodiazepines,Treatment of Anxiety disorder
clobaday 5mg tablet,Y,NEURO CNS,Benzodiazepines Derivative,Benzodiazepines,Treatment of Epilepsy/Seizures
codoric 4 mg/10 mg syrup,Y,RESPIRATORY,NA,NA,Dry cough
cuzcet 500mg/50mg tablet,Y,PAIN ANALGESICS,NA,NA,Pain relief
clonark 0.5mg tablet md,Y,NEURO CNS,Benzodiazepines Derivative,Benzodiazepines,Treatment of Anxiety disorder
cylenc 1mg tablet,Y,NEURO CNS,Benzodiazepines Derivative,Benzodiazepines,Treatment of Anxiety disorder
clobaday 20mg tablet,Y,NEURO CNS,Benzodiazepines Derivative,Benzodiazepines,Treatment of Epilepsy/Seizures
cylec 0.5mg tablet,Y,NEURO CNS,Benzodiazepines Derivative,Benzodiazepines,Treatment of Anxiety disorder
clonzep 0.25mg tablet,Y,NEURO CNS,Benzodiazepines Derivative,Benzodiazepines,Treatment of Anxiety disorder
clonella 0.25mg tablet md,Y,NEURO CNS,Benzodiazepines Derivative,Benzodiazepines,Treatment of Anxiety disorder
cyzax 2mg tablet,Y,NEURO CNS,Benzodiazepines Derivative,Benzodiazepines,Treatment of Anxiety disorder
clonza 2mg tablet md,Y,NEURO CNS,Benzodiazepines Derivative,Benzodiazepines,Treatment of Anxiety disorder
cylenc 2mg tablet,Y,NEURO CNS,Benzodiazepines Derivative,Benzodiazepines,Treatment of Anxiety disorder
clouse 1mg tablet,Y,NEURO CNS,Benzodiazepines Derivative,Benzodiazepines,Treatment of Anxiety disorder
calmnir 0.25mg tablet md,Y,NEURO CNS,Benzodiazepines Derivative,Benzodiazepines,Treatment of Anxiety disorder
calmstay 1mg tablet,Y,NEURO CNS,Benzodiazepines Derivative,Benzodiazepines,Treatment of Anxiety disorder
colzep 0.25mg tablet md,Y,NEURO CNS,Benzodiazepines Derivative,Benzodiazepines,Treatment of Anxiety disorder
clozet 1mg tablet,Y,NEURO CNS,Benzodiazepines Derivative,Benzodiazepines,Treatment of Anxiety disorder
cregesic p 37.5mg/325mg tablet,Y,PAIN ANALGESICS,NA,NA,Moderate to severe pain
clonris p 25mg/0.5mg tablet,Y,NEURO CNS,NA,NA,Depression
cyzax 0.5mg tablet,Y,NEURO CNS,Benzodiazepines Derivative,Benzodiazepines,Treatment of Anxiety disorder
cyzax 1mg tablet,Y,NEURO CNS,Benzodiazepines Derivative,Benzodiazepines,Treatment of Anxiety disorder
clogigo 10mg tablet,Y,NEURO CNS,Benzodiazepines Derivative,Benzodiazepines,Treatment of Epilepsy/Seizures
cypremal injection,Y,PAIN ANALGESICS,Anisole Derivative,Opioids,Moderate to severe pain
contradoc 50mg tablet,Y,PAIN ANALGESICS,Anisole Derivative,Opioids,Moderate to severe pain
cylenc 0.25mg tablet,Y,NEURO CNS,Benzodiazepines Derivative,Benzodiazepines,Treatment of Anxiety disorder
cloneepam 1mg tablet,Y,NEURO CNS,Benzodiazepines Derivative,Benzodiazepines,Treatment of Anxiety disorder
clonacare ap 0.25mg/20mg tablet,Y,NEURO CNS,NA,NA,Anxiety disorder
clonarey 2mg tablet,Y,NEURO CNS,Benzodiazepines Derivative,Benzodiazepines,Treatment of Anxiety disorder
casdol p 37.5mg/325mg tablet,Y,PAIN ANALGESICS,NA,NA,Moderate to severe pain
cezpro 0.25mg tablet,Y,NEURO CNS,Benzodiazepines Derivative,Benzodiazepines,Treatment of Anxiety disorder
calmef 0.5mg tablet,Y,NEURO CNS,Benzodiazepines Derivative,Benzodiazepines,Treatment of Anxiety
clozet 12.5mg tablet,Y,NEURO CNS,Benzodiazepines Derivative,Benzodiazepines,Treatment of Anxiety disorder
crazypam 0.25mg tablet md,Y,NEURO CNS,Benzodiazepines Derivative,Benzodiazepines,Treatment of Anxiety disorder
codeb syrup,Y,RESPIRATORY,NA,NA,Dry cough
clobazaa 5mg tablet,Y,NEURO CNS,Benzodiazepines Derivative,Benzodiazepines,Treatment of Epilepsy/Seizures
clodiaz plus 10mg/1mg tablet,Y,NEURO CNS,NA,NA,Schizophrenia
clonris 2mg tablet md,Y,NEURO CNS,Benzodiazepines Derivative,Benzodiazepines,Treatment of Anxiety disorder
clonaone 0.5mg tablet md,Y,NEURO CNS,Benzodiazepines Derivative,Benzodiazepines,Treatment of Anxiety disorder
calmpain 50mg injection,Y,PAIN ANALGESICS,Anisole Derivative,Opioids,Moderate to severe pain
crazypam 0.5 tablet,Y,NEURO CNS,Benzodiazepines Derivative,Benzodiazepines,Treatment of Anxiety disorder
clotweet 1mg tablet,Y,NEURO CNS,Benzodiazepines Derivative,Benzodiazepines,Treatment of Anxiety disorder
clonapik 2mg tablet,Y,NEURO CNS,Benzodiazepines Derivative,Benzodiazepines,Treatment of Anxiety disorder
clonanza 0.25mg tablet,Y,NEURO CNS,Benzodiazepines Derivative,Benzodiazepines,Treatment of Anxiety disorder
cemadol 50mg injection,Y,PAIN ANALGESICS,Anisole Derivative,Opioids,Moderate to severe pain
closis 1mg tablet,Y,NEURO CNS,Benzodiazepines Derivative,Benzodiazepines,Treatment of Anxiety disorder
clorite 1mg tablet md,Y,NEURO CNS,Benzodiazepines Derivative,Benzodiazepines,Treatment of Anxiety disorder
clonapsy 0.5mg tablet md,Y,NEURO CNS,Benzodiazepines Derivative,Benzodiazepines,Treatment of Anxiety disorder
cortram 50mg injection,Y,PAIN ANALGESICS,Anisole Derivative,Opioids,Moderate to severe pain
depran-l tablet,Y,NEURO CNS,NA,NA,Treatment of Anxiety disorder
depran 10 tablet,Y,NEURO CNS,NA,NA,Treatment of Anxiety disorder
d-venizep 50 tablet er,Y,NEURO CNS,NA,NA,Treatment of Depression
durapain 75mg/50mg tablet,Y,PAIN ANALGESICS,NA,NA,Pain relief
depran 5 tablet,Y,NEURO CNS,NA,NA,Treatment of Anxiety disorder
depran-h tablet,Y,NEURO CNS,NA,NA,Treatment of Anxiety disorder
dolobak tablet,Y,PAIN ANALGESICS,NA,NA,Moderate to severe pain
depran forte 0.5mg/20mg tablet,Y,NEURO CNS,NA,NA,Treatment of Anxiety disorder
dolonat tablet,Y,PAIN ANALGESICS,NA,NA,Pain relief
dolo-t tablet,Y,PAIN ANALGESICS,NA,NA,Moderate to severe pain
dialex dc 4 mg/10 mg syrup,Y,RESPIRATORY,NA,NA,Dry cough
domadol plus 325 mg/37.5 mg tablet,Y,PAIN ANALGESICS,NA,NA,Pain relief
d-venizep 100 tablet er,Y,NEURO CNS,NA,NA,Treatment of Depression
dizeral az 0.25mg/20mg tablet,Y,NEURO CNS,NA,NA,Anxiety disorder
dolomed t 100mg tablet sr,Y,PAIN ANALGESICS,Anisole Derivative,Opioids,Moderate to severe pain
domadol 50mg capsule,Y,PAIN ANALGESICS,Anisole Derivative,Opioids,Moderate to severe pain
durogesic 25mcg patch,Y,PAIN ANALGESICS,Phenylpiperidine Derivatives,Opioids,Severe chronic pain
domadol 100mg injection,Y,PAIN ANALGESICS,Anisole Derivative,Opioids,Moderate to severe pain
daslin cd 4 mg/10 mg syrup,Y,RESPIRATORY,NA,NA,Dry cough
duranzo 50 mg/50 mg tablet,Y,PAIN ANALGESICS,NA,NA,Pain relief
dolosafe d tablet,Y,PAIN ANALGESICS,NA,NA,Moderate to severe pain
dibol s tablet,Y,PAIN ANALGESICS,NA,NA,Pain relief
duracet 325mg/37.5mg tablet,Y,PAIN ANALGESICS,NA,NA,Pain relief
diclofon mr tablet,Y,PAIN ANALGESICS,NA,NA,Pain due to muscle spasm
dizeral cp 0.5 mg/20 mg tablet,Y,NEURO CNS,NA,NA,Treatment of Anxiety disorder
d fax plus 50mg/0.5mg tablet,Y,NEURO CNS,NA,NA,Treatment of Depression
d fax ls 50mg/0.5mg tablet,Y,NEURO CNS,NA,NA,Treatment of Depression
depaxil cr plus 12.5 tablet,Y,NEURO CNS,NA,NA,Depression
dipwell plus tablet,Y,NEURO CNS,NA,NA,Treatment of Anxiety disorder
domadol 100mg tablet sr,Y,PAIN ANALGESICS,Anisole Derivative,Opioids,Moderate to severe pain
destres-ec tablet,Y,NEURO CNS,NA,NA,Treatment of Anxiety disorder
depranil plus 5 mg/25 mg tablet,Y,NEURO CNS,NA,NA,Depression
d-max tablet,Y,GASTRO INTESTINAL,NA,NA,Treatment of Irritable bowel syndrome
decolic 2 mg/20 mg tablet,Y,GASTRO INTESTINAL,NA,NA,Abdominal pain
dibol 75 mg/50 mg tablet,Y,PAIN ANALGESICS,NA,NA,Pain relief
dizeral 2.5 mg/20 mg tablet,Y,NEURO CNS,NA,NA,Anxiety disorder
dolmundin 100mg tablet,Y,PAIN ANALGESICS,Anisole Derivative,Opioids,Moderate to severe pain
depsonil dz 2 mg/25 mg tablet,Y,NEURO CNS,NA,NA,Depression
dologen tablet,Y,PAIN ANALGESICS,NA,NA,Moderate to severe pain
depsol plus 2 mg/25 mg tablet,Y,NEURO CNS,NA,NA,Depression
dr best clonazepam 0.5 tablet,Y,NEURO CNS,Benzodiazepines Derivative,Benzodiazepines,Treatment of Anxiety disorder
decolic ibs 5mg/2.5mg tablet,Y,GASTRO INTESTINAL,NA,NA,Treatment of Irritable bowel syndrome
dizeral az m 0.25 mg/10 mg tablet,Y,NEURO CNS,NA,NA,Anxiety disorder
dolnac p 50mg/325mg tablet,Y,PAIN ANALGESICS,NA,NA,Moderate to severe pain
d ventin plus 100mg/0.5mg tablet,Y,NEURO CNS,NA,NA,Treatment of Depression
depstalo plus tablet,Y,NEURO CNS,NA,NA,Treatment of Anxiety disorder
desilam plus tablet,Y,NEURO CNS,NA,NA,Treatment of Anxiety disorder
dolodol p tablet,Y,PAIN ANALGESICS,NA,NA,Pain relief
durogesic 50mcg patch,Y,PAIN ANALGESICS,Phenylpiperidine Derivatives,Opioids,Severe chronic pain
ditryp h tablet,Y,NEURO CNS,NA,NA,Treatment of Depression
durapain capsule,Y,PAIN ANALGESICS,NA,NA,Pain relief
d fax plus 100mg/0.5mg tablet,Y,NEURO CNS,NA,NA,Treatment of Depression
depline plus 12.5 mg/5 mg tablet,Y,NEURO CNS,NA,NA,Treatment of Depression
diamin plus 2 mg/25 mg tablet,Y,NEURO CNS,NA,NA,Depression
depoxit plus 0.25mg/20mg tablet,Y,NEURO CNS,NA,NA,Depression
deplo plus 0.5mg/10mg tablet,Y,NEURO CNS,NA,NA,Treatment of Anxiety disorder
dr best alprazolam 0.25 tablet,Y,NEURO CNS,Benzodiazepines Derivative,Benzodiazepines,Treatment of Anxiety
diacalm 5mg tablet,Y,NEURO CNS,Benzodiazepine Derivative,Benzodiazepines,Short term anxiety
dexanil-l tablet,Y,NEURO CNS,NA,NA,Treatment of Anxiety disorder
damadol 50mg injection,Y,PAIN ANALGESICS,Anisole Derivative,Opioids,Moderate to severe pain
dreamer 0.5mg tablet,Y,NEURO CNS,Benzodiazepines Derivative,Benzodiazepines,Treatment of Anxiety
dizox 10mg tablet,Y,NEURO CNS,Benzodiazepine Derivative,Benzodiazepines,Short term anxiety
duramor 10mg tablet,Y,PAIN ANALGESICS,Phenanthrenes Derivative,Opioids,Moderate to severe pain
diozam 10mg tablet,Y,NEURO CNS,Benzodiazepines Derivative,Benzodiazepines,Treatment of Epilepsy/Seizures
didol p tablet,Y,PAIN ANALGESICS,NA,NA,Moderate to severe pain
dolfre plus 325 mg/37.5 mg tablet,Y,PAIN ANALGESICS,NA,NA,Pain relief
diclofon tablet,Y,PAIN ANALGESICS,NA,NA,Pain relief
dolokoff syrup,Y,RESPIRATORY,NA,NA,Dry cough
deepex 100 mg/400 mg/32.5 mg tablet,Y,PAIN ANALGESICS,NA,NA,Pain relief
dicodin 500mg/10mg tablet,Y,RESPIRATORY,NA,NA,Pain relief
dolop plus 325mg/37.5mg tablet,Y,PAIN ANALGESICS,NA,NA,Pain relief
dizeral m 2.5 mg/20 mg tablet,Y,NEURO CNS,NA,NA,Anxiety disorder
dactive 5mg tablet,Y,NEURO CNS,Imidazopyridine Derivative,Non-benzodiazepine hypnotics (Z Compounds),Treatment of Insomnia
dpm injection,Y,NEURO CNS,Benzodiazepine Derivative,Benzodiazepines,Treatment of Short term anxiety
dicodyl t syrup,Y,RESPIRATORY,NA,NA,Dry cough
dolin plus tablet,Y,PAIN ANALGESICS,NA,NA,Moderate to severe pain
depkey-ch 12.5 tablet,Y,NEURO CNS,NA,NA,Treatment of Depression
dizeral c hd tablet,Y,NEURO CNS,NA,NA,Treatment of Anxiety disorder
duramor 30mg tablet,Y,PAIN ANALGESICS,Phenanthrenes Derivative,Opioids,Moderate to severe pain
dpm tablet,Y,NEURO CNS,Benzodiazepine Derivative,Benzodiazepines,Short term anxiety
depsol forte 5 mg/25 mg tablet,Y,NEURO CNS,NA,NA,Depression
domadol 50mg injection,Y,PAIN ANALGESICS,Anisole Derivative,Opioids,Moderate to severe pain
dolodol 50mg capsule,Y,PAIN ANALGESICS,Anisole Derivative,Opioids,Moderate to severe pain
destres-ech tablet,Y,NEURO CNS,NA,NA,Treatment of Anxiety disorder
defmind plus tablet er,Y,NEURO CNS,NA,NA,Treatment of Depression
deprid plus 2 mg/25 mg tablet,Y,NEURO CNS,NA,NA,Depression
depran l 0.5mg/10mg tablet,Y,NEURO CNS,NA,NA,Treatment of Anxiety disorder
dutramol 37.5mg/325mg tablet,Y,PAIN ANALGESICS,NA,NA,Moderate to severe pain
d fax ls 100 tablet sr,Y,NEURO CNS,NA,NA,Treatment of Depression
dr best alprazolam 0.5 tablet,Y,NEURO CNS,Benzodiazepines Derivative,Benzodiazepines,Treatment of Anxiety
decolic 80 mg/na tablet,Y,GASTRO INTESTINAL,NA,NA,Abdominal pain
dvn ibs tablet,Y,GASTRO INTESTINAL,NA,NA,Irritable bowel syndrome
dexanil-m tablet,Y,NEURO CNS,NA,NA,Treatment of Anxiety disorder
dolram plus 37.5mg/325mg tablet,Y,PAIN ANALGESICS,NA,NA,Moderate to severe pain
didol d tablet,Y,PAIN ANALGESICS,NA,NA,Treatment of Severe acute pain
dolfre 50mg tablet,Y,PAIN ANALGESICS,Anisole Derivative,Opioids,Moderate to severe pain
dorapam 0.5mg/10mg tablet,Y,NEURO CNS,NA,NA,Treatment of Anxiety disorder
dicodine cough syrup,Y,RESPIRATORY,NA,NA,Dry cough
diaze 5mg tablet,Y,NEURO CNS,Benzodiazepine Derivative,Benzodiazepines,Short term anxiety
depout-c tablet,Y,NEURO CNS,NA,NA,Treatment of Depression
dolex tablet dt,Y,PAIN ANALGESICS,Anisole Derivative,Opioids,Moderate to severe pain
desvelaf plus 50mg/0.5mg tablet er,Y,NEURO CNS,NA,NA,Treatment of Depression
dotcam p 0.25mg/20mg tablet,Y,NEURO CNS,NA,NA,Anxiety disorder
dolosafe 37.5mg/325mg tablet,Y,PAIN ANALGESICS,NA,NA,Moderate to severe pain
deptune plus tablet,Y,NEURO CNS,NA,NA,Treatment of Anxiety disorder
dolospan p tablet,Y,PAIN ANALGESICS,NA,NA,Pain relief
desrina plus 50mg/0.25mg tablet,Y,NEURO CNS,NA,NA,Treatment of Depression
diastat 10mg tablet,Y,NEURO CNS,Benzodiazepine Derivative,Benzodiazepines,Short term anxiety
dolgesic forte 400 mg/500 mg tablet,Y,PAIN ANALGESICS,NA,NA,Pain relief
dolosal p 37.5mg/325mg tablet,Y,PAIN ANALGESICS,NA,NA,Moderate to severe pain
dolbest p 50mg/500mg tablet,Y,PAIN ANALGESICS,NA,NA,Moderate to severe pain
diprex 0.5mg tablet,Y,NEURO CNS,Benzodiazepines Derivative,Benzodiazepines,Treatment of Anxiety
ditryp plus tablet,Y,NEURO CNS,NA,NA,Treatment of Depression
diphecol cough syrup,Y,RESPIRATORY,NA,NA,Dry cough
depline forte 25 mg/10 mg tablet,Y,NEURO CNS,NA,NA,Treatment of Depression
diazepox-t tablet,Y,NEURO CNS,NA,NA,Schizophrenia
dizox 10 tablet,Y,NEURO CNS,Benzodiazepine Derivative,Benzodiazepines,Short term anxiety
dipax 10mg tablet,Y,NEURO CNS,Benzodiazepine Derivative,Benzodiazepines,Short term anxiety
dolofirst 325 mg/37.5 mg tablet,Y,PAIN ANALGESICS,NA,NA,Pain relief
d fax ls 100mg/0.5mg tablet,Y,NEURO CNS,NA,NA,Treatment of Depression
dizeral cpm tablet,Y,NEURO CNS,NA,NA,Anxiety disorder
d-cuf syrup,Y,RESPIRATORY,NA,NA,Dry cough
dolve 325 mg/37.5 mg tablet,Y,PAIN ANALGESICS,NA,NA,Pain relief
duram-c 0.5mg/10mg tablet,Y,NEURO CNS,NA,NA,Treatment of Anxiety disorder
deprid forte 5 mg/25 mg tablet,Y,NEURO CNS,NA,NA,Depression
depwell 0.25mg/20mg tablet,Y,NEURO CNS,NA,NA,Depression
davaindia clobazam 10mg tablet,Y,NEURO CNS,Benzodiazepines Derivative,Benzodiazepines,Treatment of Epilepsy/Seizures
dizep 5mg tablet,Y,NEURO CNS,Benzodiazepine Derivative,Benzodiazepines,Short term anxiety
dalipam plus 0.5mg/10mg tablet,Y,NEURO CNS,NA,NA,Treatment of Anxiety disorder
dial 0.5mg tablet,Y,NEURO CNS,Benzodiazepines Derivative,Benzodiazepines,Treatment of Anxiety
diamin plus 5 mg/25 mg tablet,Y,NEURO CNS,NA,NA,Depression
dactive 12.5mg tablet,Y,NEURO CNS,Imidazopyridine Derivative,Non-benzodiazepine hypnotics (Z Compounds),Treatment of Insomnia
dpm 5mg tablet,Y,NEURO CNS,Benzodiazepine Derivative,Benzodiazepines,Short term anxiety
dolorest 37.5mg/325mg tablet,Y,PAIN ANALGESICS,NA,NA,Moderate to severe pain
damol-p 37.5mg/325mg tablet,Y,PAIN ANALGESICS,NA,NA,Moderate to severe pain
destres 0.25mg/3mg tablet,Y,NEURO CNS,NA,NA,Treatment of Insomnia
diacalm 10mg tablet,Y,NEURO CNS,Benzodiazepine Derivative,Benzodiazepines,Short term anxiety
dolopax d capsule,Y,PAIN ANALGESICS,NA,NA,Pain relief
dolzero 325 mg/37.5 mg tablet,Y,PAIN ANALGESICS,NA,NA,Pain relief
didol injection,Y,PAIN ANALGESICS,Anisole Derivative,Opioids,Moderate to severe pain
dem 10mg tablet,Y,NEURO CNS,Imidazopyridine Derivative,Non-benzodiazepine hypnotics (Z Compounds),Treatment of Insomnia
dolphen p 50mg/325mg tablet dt,Y,PAIN ANALGESICS,NA,NA,Moderate to severe pain
dualpain 75mg/50mg tablet,Y,PAIN ANALGESICS,NA,NA,Pain relief
diprop tablet,Y,NEURO CNS,NA,NA,Anxiety disorder
dolfen-p 50mg/500mg tablet,Y,PAIN ANALGESICS,NA,NA,Moderate to severe pain
dolinsta tablet,Y,PAIN ANALGESICS,NA,NA,Pain relief
diazeco 10mg tablet,Y,NEURO CNS,Benzodiazepine Derivative,Benzodiazepines,Short term anxiety
depsin plus 2mg/25mg tablet,Y,NEURO CNS,NA,NA,Depression
depten az 0.25mg/20mg tablet,Y,NEURO CNS,NA,NA,Depression
dolotram 50mg capsule,Y,PAIN ANALGESICS,Anisole Derivative,Opioids,Moderate to severe pain
dexorin tablet,Y,PAIN ANALGESICS,NA,NA,Pain relief
diapyrin 250 mg/250 mg/5 mg tablet,Y,PAIN ANALGESICS,NA,NA,Treatment of Pain relief
depitame plus 0.5 mg/10 mg tablet,Y,NEURO CNS,NA,NA,Treatment of Anxiety disorder
d.d.lam 0.25mg tablet,Y,NEURO CNS,Benzodiazepines Derivative,Benzodiazepines,Treatment of Anxiety
deplam f 0.25mg/20mg tablet,Y,NEURO CNS,NA,NA,Depression
dizep 10mg injection,Y,NEURO CNS,Benzodiazepine Derivative,Benzodiazepines,Treatment of Short term anxiety
duradol dp 10mg/325mg/37.5mg tablet,Y,PAIN ANALGESICS,NA,NA,Treatment of Severe acute pain
diaztric a 25mg/10mg tablet,Y,NEURO CNS,NA,NA,Treatment of Depression
dalipam plus 0.5mg/5mg tablet,Y,NEURO CNS,NA,NA,Treatment of Anxiety disorder
delpodol p 325mg/37.5mg tablet,Y,PAIN ANALGESICS,NA,NA,Pain relief
dotri-az tablet,Y,NEURO CNS,NA,NA,Anxiety disorder
dicodyl 4 mg/10 mg syrup,Y,RESPIRATORY,NA,NA,Dry cough
daxipam 0.25 tablet,Y,NEURO CNS,Benzodiazepines Derivative,Benzodiazepines,Treatment of Anxiety disorder
dolram 50mg tablet,Y,PAIN ANALGESICS,Anisole Derivative,Opioids,Moderate to severe pain
dactive 10mg tablet,Y,NEURO CNS,Imidazopyridine Derivative,Non-benzodiazepine hypnotics (Z Compounds),Treatment of Insomnia
dolmol tablet,Y,PAIN ANALGESICS,NA,NA,Moderate to severe pain
desteyn forte 50mg/0.5mg tablet er,Y,NEURO CNS,NA,NA,Treatment of Depression
daxipam 0.5 tablet,Y,NEURO CNS,Benzodiazepines Derivative,Benzodiazepines,Treatment of Anxiety disorder
dolout p 325 mg/37.5 mg tablet,Y,PAIN ANALGESICS,NA,NA,Pain relief
dristan expectorant,Y,RESPIRATORY,NA,NA,Dry cough
dolosal 100mg injection,Y,PAIN ANALGESICS,Anisole Derivative,Opioids,Moderate to severe pain
d.d.lam 0.5mg tablet,Y,NEURO CNS,Benzodiazepines Derivative,Benzodiazepines,Treatment of Anxiety
dismol dp 10 mg/325 mg/37.5 mg tablet,Y,PAIN ANALGESICS,NA,NA,Treatment of Severe acute pain
d p m 10mg tablet,Y,NEURO CNS,Benzodiazepine Derivative,Benzodiazepines,Short term anxiety
depkey ch 25mg/10mg tablet,Y,NEURO CNS,NA,NA,Treatment of Depression
depnil plus 2 mg/25 mg tablet,Y,NEURO CNS,NA,NA,Depression
dormin 5mg capsule,Y,NEURO CNS,Benzodiazepines Derivative,Benzodiazepines,Treatment of Insomnia
defispas cd 2.5mg/5mg/10mg tablet,Y,GASTRO INTESTINAL,NA,NA,Treatment of Irritable bowel syndrome
dipax 5mg tablet,Y,NEURO CNS,Benzodiazepine Derivative,Benzodiazepines,Short term anxiety
dizepax m tablet,Y,NEURO CNS,NA,NA,Anxiety disorder
delpodol tablet,Y,PAIN ANALGESICS,NA,NA,Pain relief
dolinsta p tablet,Y,PAIN ANALGESICS,NA,NA,Pain relief
dial 2mg tablet,Y,NEURO CNS,Benzodiazepines Derivative,Benzodiazepines,Treatment of Anxiety
destres-ec 0.25mg/20mg tablet,Y,NEURO CNS,NA,NA,Anxiety disorder
dolospan dp 10mg/325mg/37.5mg tablet,Y,PAIN ANALGESICS,NA,NA,Treatment of Severe acute pain
domrex t tablet,Y,PAIN ANALGESICS,NA,NA,Treatment of Severe acute pain
deponyx tablet,Y,NEURO CNS,NA,NA,Treatment of Anxiety disorder
diaztric a 12.5mg/5mg tablet,Y,NEURO CNS,NA,NA,Treatment of Depression
dexanil forte 0.5mg/20mg tablet,Y,NEURO CNS,NA,NA,Treatment of Anxiety disorder
depout ch 12.5mg/5mg tablet,Y,NEURO CNS,NA,NA,Treatment of Depression
dizepax 2.5 mg/20 mg tablet,Y,NEURO CNS,NA,NA,Anxiety disorder
dizep t 10mg/1mg tablet,Y,NEURO CNS,NA,NA,Schizophrenia
destab c 50mg/0.5mg tablet,Y,NEURO CNS,NA,NA,Treatment of Depression
desteyn plus 100mg/0.5mg tablet er,Y,NEURO CNS,NA,NA,Treatment of Depression
dtryp 12.5 mg/5 mg tablet,Y,NEURO CNS,NA,NA,Treatment of Depression
dolosec tablet,Y,PAIN ANALGESICS,NA,NA,Treatment of Severe acute pain
damol 100mg tablet sr,Y,PAIN ANALGESICS,Anisole Derivative,Opioids,Moderate to severe pain
depsodep 25 mg/10 mg tablet,Y,NEURO CNS,NA,NA,Depression
dreamer 0.25mg tablet,Y,NEURO CNS,Benzodiazepines Derivative,Benzodiazepines,Treatment of Anxiety
dolex 50mg injection,Y,PAIN ANALGESICS,Anisole Derivative,Opioids,Moderate to severe pain
dep tablet,Y,NEURO CNS,NA,NA,Schizophrenia
duradol 100mg injection,Y,PAIN ANALGESICS,Anisole Derivative,Opioids,Moderate to severe pain
dolmundin 200mg tablet,Y,PAIN ANALGESICS,Anisole Derivative,Opioids,Moderate to severe pain
d-clob 10 tablet,Y,NEURO CNS,Benzodiazepines Derivative,Benzodiazepines,Treatment of Epilepsy/Seizures
dolfre 100mg tablet sr,Y,PAIN ANALGESICS,Anisole Derivative,Opioids,Moderate to severe pain
dolwell t 37.5mg/325mg tablet,Y,PAIN ANALGESICS,NA,NA,Moderate to severe pain
dutramol 100mg injection,Y,PAIN ANALGESICS,Anisole Derivative,Opioids,Moderate to severe pain
divapam lite 0.25mg/10mg tablet,Y,NEURO CNS,NA,NA,Treatment of Anxiety disorder
dolofort 50mg injection,Y,PAIN ANALGESICS,Anisole Derivative,Opioids,Moderate to severe pain
doloset injection,Y,PAIN ANALGESICS,Anisole Derivative,Opioids,Moderate to severe pain
dulozep 1 tablet,Y,RESPIRATORY,Benzodiazepines Derivative,Benzodiazepines,Treatment of Short term anxiety
darvocet 650 mg/65 mg tablet,Y,PAIN ANALGESICS,NA,NA,Pain relief
diprex 0.25mg tablet,Y,NEURO CNS,Benzodiazepines Derivative,Benzodiazepines,Treatment of Anxiety
dismol p 500 mg/50 mg injection,Y,PAIN ANALGESICS,NA,NA,Pain relief
depcon tablet,Y,GASTRO INTESTINAL,NA,NA,Treatment of Irritable bowel syndrome
domaspas tablet,Y,PAIN ANALGESICS,NA,NA,Colicky pain
dexanil-h tablet,Y,NEURO CNS,NA,NA,Treatment of Anxiety disorder
dolowin old tablet,Y,PAIN ANALGESICS,Benzomorphan Derivatives,Opioids,Moderate to severe pain
decotram pd tablet,Y,PAIN ANALGESICS,NA,NA,Treatment of Severe acute pain
dolotrol 50mg tablet,Y,PAIN ANALGESICS,Anisole Derivative,Opioids,Moderate to severe pain
dol a 325 mg/37.5 mg tablet,Y,PAIN ANALGESICS,NA,NA,Pain relief
dolowin t 50mg/500mg tablet,Y,PAIN ANALGESICS,NA,NA,Moderate to severe pain
deprid m 2mg/12.5mg tablet,Y,NEURO CNS,NA,NA,Depression
detra p 500 mg/37.5 mg tablet,Y,PAIN ANALGESICS,NA,NA,Pain relief
dazolam 0.25mg tablet,Y,NEURO CNS,Benzodiazepines Derivative,Benzodiazepines,Treatment of Anxiety
dotcam 0.25mg tablet,Y,NEURO CNS,Benzodiazepines Derivative,Benzodiazepines,Treatment of Anxiety
depjoy 0.5mg/10mg tablet,Y,NEURO CNS,NA,NA,Treatment of Anxiety disorder
diazeco 5mg tablet,Y,NEURO CNS,Benzodiazepine Derivative,Benzodiazepines,Short term anxiety
dekopam 5mg tablet,Y,NEURO CNS,Benzodiazepine Derivative,Benzodiazepines,Short term anxiety
davaindia clobazam 5mg tablet,Y,NEURO CNS,Benzodiazepines Derivative,Benzodiazepines,Treatment of Epilepsy/Seizures
dolwall-t tablet,Y,PAIN ANALGESICS,NA,NA,Moderate to severe pain
detalo-c 0.5mg/10mg tablet,Y,NEURO CNS,NA,NA,Treatment of Anxiety disorder
dotcam 0.5mg tablet,Y,NEURO CNS,Benzodiazepines Derivative,Benzodiazepines,Treatment of Anxiety
dolfre 100mg injection,Y,PAIN ANALGESICS,Anisole Derivative,Opioids,Moderate to severe pain
dolus 100mg injection,Y,PAIN ANALGESICS,Anisole Derivative,Opioids,Moderate to severe pain
dolpic p 37.5mg/325mg tablet,Y,PAIN ANALGESICS,NA,NA,Moderate to severe pain
dolospan p fizz tablet,Y,PAIN ANALGESICS,NA,NA,Pain relief
dactive 6.25mg tablet,Y,NEURO CNS,Imidazopyridine Derivative,Non-benzodiazepine hypnotics (Z Compounds),Treatment of Insomnia
dazolam-p 0.25mg/20mg tablet,Y,NEURO CNS,NA,NA,Anxiety disorder
descilex cz 0.5mg/10mg tablet,Y,NEURO CNS,NA,NA,Treatment of Anxiety disorder
desstar forte 100mg/0.5mg tablet,Y,NEURO CNS,NA,NA,Treatment of Depression
dizep injection,Y,NEURO CNS,Benzodiazepine Derivative,Benzodiazepines,Treatment of Short term anxiety
diazewok 5mg injection,Y,NEURO CNS,Benzodiazepine Derivative,Benzodiazepines,Treatment of Short term anxiety
deproz 0.5mg tablet,Y,NEURO CNS,Benzodiazepines Derivative,Benzodiazepines,Treatment of Anxiety
damed 50mg injection,Y,PAIN ANALGESICS,Anisole Derivative,Opioids,Moderate to severe pain
dolark p 37.5mg/325mg tablet,Y,PAIN ANALGESICS,NA,NA,Moderate to severe pain
dismol p 500 mg/50 mg tablet,Y,PAIN ANALGESICS,NA,NA,Pain relief
delto 0.5mg tablet,Y,NEURO CNS,Benzodiazepines Derivative,Benzodiazepines,Treatment of Anxiety
dolriz 50mg injection,Y,PAIN ANALGESICS,Anisole Derivative,Opioids,Moderate to severe pain
diazewok 5mg tablet,Y,NEURO CNS,Benzodiazepine Derivative,Benzodiazepines,Short term anxiety
dolzac p 500 mg/50 mg tablet,Y,PAIN ANALGESICS,NA,NA,Pain relief
daznil plus 12.5mg/5mg tablet,Y,NEURO CNS,NA,NA,Treatment of Depression
depsolam 0.25 mg/25 mg tablet,Y,NEURO CNS,NA,NA,Depression
depresom-id 5mg/0.25mg tablet,Y,NEURO CNS,NA,NA,Depression
dolex p 325mg/37.5mg tablet,Y,PAIN ANALGESICS,NA,NA,Pain relief
duradol 37.5mg/325mg tablet,Y,PAIN ANALGESICS,NA,NA,Moderate to severe pain
dukoff syrup,Y,RESPIRATORY,NA,NA,Dry cough
depnil forte 5 mg/25 mg tablet,Y,NEURO CNS,NA,NA,Depression
dial 0.25mg tablet,Y,NEURO CNS,Benzodiazepines Derivative,Benzodiazepines,Treatment of Anxiety
dipra 0.5mg tablet,Y,NEURO CNS,Benzodiazepines Derivative,Benzodiazepines,Treatment of Anxiety
dizep-p 5mg injection,Y,NEURO CNS,Benzodiazepine Derivative,Benzodiazepines,Treatment of Short term anxiety
dazolam-f 0.25mg/20mg tablet,Y,NEURO CNS,NA,NA,Depression
duradol plus 75mg/50mg tablet sr,Y,PAIN ANALGESICS,NA,NA,Pain relief
d kam 0.25mg tablet,Y,NEURO CNS,Benzodiazepines Derivative,Benzodiazepines,Treatment of Anxiety
deplam 0.25 mg/25 mg tablet,Y,NEURO CNS,NA,NA,Depression
divapam 0.25mg tablet,Y,NEURO CNS,Benzodiazepines Derivative,Benzodiazepines,Treatment of Anxiety disorder
dulocent 325 mg/37.5 mg tablet,Y,PAIN ANALGESICS,NA,NA,Pain relief
dewyday 2mg tablet,Y,RESPIRATORY,Benzodiazepines Derivative,Benzodiazepines,Treatment of Short term anxiety
dize 5mg tablet,Y,NEURO CNS,Benzodiazepine Derivative,Benzodiazepines,Short term anxiety
dize 10mg tablet,Y,NEURO CNS,Benzodiazepine Derivative,Benzodiazepines,Short term anxiety
dibol ld 75mg/18.75mg tablet,Y,PAIN ANALGESICS,NA,NA,Pain relief
dolvel p 37.5mg/325mg tablet,Y,PAIN ANALGESICS,NA,NA,Moderate to severe pain
dolofort 100mg injection,Y,PAIN ANALGESICS,Anisole Derivative,Opioids,Moderate to severe pain
d.d.lam 1mg tablet,Y,NEURO CNS,Benzodiazepines Derivative,Benzodiazepines,Treatment of Anxiety
dolakan p 37.5mg/325mg tablet,Y,PAIN ANALGESICS,NA,NA,Moderate to severe pain
dolmark 100mg injection,Y,PAIN ANALGESICS,Anisole Derivative,Opioids,Moderate to severe pain
dolfre 50mg injection,Y,PAIN ANALGESICS,Anisole Derivative,Opioids,Moderate to severe pain
dexolam 0.5mg tablet,Y,NEURO CNS,Benzodiazepines Derivative,Benzodiazepines,Treatment of Anxiety
darol 50mg injection,Y,PAIN ANALGESICS,Anisole Derivative,Opioids,Moderate to severe pain
d-clob 5 tablet,Y,NEURO CNS,Benzodiazepines Derivative,Benzodiazepines,Treatment of Epilepsy/Seizures
doltrac 325mg/50mg tablet,Y,PAIN ANALGESICS,NA,NA,Pain relief
diazecalm 5mg tablet,Y,NEURO CNS,Benzodiazepine Derivative,Benzodiazepines,Short term anxiety
dolzorix 100mg injection,Y,PAIN ANALGESICS,Anisole Derivative,Opioids,Moderate to severe pain
depik plus 2 mg/25 mg tablet,Y,NEURO CNS,NA,NA,Depression
dolwin-t 37.5mg/325mg tablet,Y,PAIN ANALGESICS,NA,NA,Moderate to severe pain
dratram 100mg injection,Y,PAIN ANALGESICS,Anisole Derivative,Opioids,Moderate to severe pain
dolatom ap 100mg/325mg/37.5mg tablet,Y,PAIN ANALGESICS,NA,NA,Pain relief
dolphen 100mg injection,Y,PAIN ANALGESICS,Anisole Derivative,Opioids,Moderate to severe pain
depriwell 0.5 tablet md,Y,NEURO CNS,Benzodiazepines Derivative,Benzodiazepines,Treatment of Anxiety disorder
d kam 0.5mg tablet,Y,NEURO CNS,Benzodiazepines Derivative,Benzodiazepines,Treatment of Anxiety
doff td tablet,Y,PAIN ANALGESICS,NA,NA,Treatment of Severe acute pain
dolpus injection,Y,PAIN ANALGESICS,Anisole Derivative,Opioids,Moderate to severe pain
dolosac-trp 325mg/37.5mg tablet,Y,PAIN ANALGESICS,NA,NA,Pain relief
deparis fort 5mg/25mg tablet,Y,NEURO CNS,NA,NA,Depression
dactive 6.5mg tablet sr,Y,NEURO CNS,Imidazopyridine Derivative,Non-benzodiazepine hypnotics (Z Compounds),Treatment of Insomnia
dinax t 500 mg/50 mg tablet,Y,PAIN ANALGESICS,NA,NA,Pain relief
dolotram 50mg injection,Y,PAIN ANALGESICS,Anisole Derivative,Opioids,Moderate to severe pain
depik forte 5 mg/25 mg tablet,Y,NEURO CNS,NA,NA,Depression
doltrum p 37.5mg/325mg tablet,Y,PAIN ANALGESICS,NA,NA,Moderate to severe pain
dalp la 0.5mg tablet,Y,NEURO CNS,Benzodiazepines Derivative,Benzodiazepines,Treatment of Anxiety
dolma 50mg injection,Y,PAIN ANALGESICS,Anisole Derivative,Opioids,Moderate to severe pain
dolohit p 37.5mg/325mg tablet,Y,PAIN ANALGESICS,NA,NA,Moderate to severe pain
dizy 5mg tablet,Y,NEURO CNS,Benzodiazepine Derivative,Benzodiazepines,Short term anxiety
dolta 50mg injection,Y,PAIN ANALGESICS,Anisole Derivative,Opioids,Moderate to severe pain
dizy plus 5mg/25mg tablet,Y,NEURO CNS,NA,NA,Depression
divapam 0.5mg tablet,Y,NEURO CNS,Benzodiazepines Derivative,Benzodiazepines,Treatment of Anxiety disorder
dolsun 50mg injection,Y,PAIN ANALGESICS,Anisole Derivative,Opioids,Moderate to severe pain
delto 0.25mg tablet,Y,NEURO CNS,Benzodiazepines Derivative,Benzodiazepines,Treatment of Anxiety
drobit 50mg tablet,Y,PAIN ANALGESICS,Anisole Derivative,Opioids,Moderate to severe pain
dolset 100mg injection,Y,PAIN ANALGESICS,Anisole Derivative,Opioids,Moderate to severe pain
dolatune p 37.5mg/325mg tablet,Y,PAIN ANALGESICS,NA,NA,Moderate to severe pain
dexolam 0.25mg tablet,Y,NEURO CNS,Benzodiazepines Derivative,Benzodiazepines,Treatment of Anxiety
d prim 2mg/25mg tablet,Y,NEURO CNS,NA,NA,Depression
domtra-p tablet,Y,PAIN ANALGESICS,NA,NA,Treatment of Severe acute pain
dolpic 100mg injection,Y,PAIN ANALGESICS,Anisole Derivative,Opioids,Moderate to severe pain
denzy a 0.5mg/50mg tablet,Y,NEURO CNS,NA,NA,Depression
dolatom p 37.5mg/325mg tablet,Y,PAIN ANALGESICS,NA,NA,Moderate to severe pain
duram plus 0.5mg/10mg tablet,Y,NEURO CNS,NA,NA,Treatment of Anxiety disorder
dolus 50mg injection,Y,PAIN ANALGESICS,Anisole Derivative,Opioids,Moderate to severe pain
depriwell-plus tablet,Y,NEURO CNS,NA,NA,Treatment of Anxiety disorder
durazipam-plus tablet,Y,NEURO CNS,NA,NA,Treatment of Anxiety disorder
dratram p 37.5mg/325mg tablet,Y,PAIN ANALGESICS,NA,NA,Moderate to severe pain
dolroz 100mg injection,Y,PAIN ANALGESICS,Anisole Derivative,Opioids,Moderate to severe pain
dactive 6.25mg tablet sr,Y,NEURO CNS,Imidazopyridine Derivative,Non-benzodiazepine hypnotics (Z Compounds),Treatment of Insomnia
dolstar injection,Y,PAIN ANALGESICS,Anisole Derivative,Opioids,Moderate to severe pain
depndnce plus 37.5mg/325mg tablet,Y,PAIN ANALGESICS,NA,NA,Moderate to severe pain
dolvel 50mg injection,Y,PAIN ANALGESICS,Anisole Derivative,Opioids,Moderate to severe pain
dtrama p 37.5mg/325mg tablet,Y,PAIN ANALGESICS,NA,NA,Moderate to severe pain
decotram 100mg injection,Y,PAIN ANALGESICS,Anisole Derivative,Opioids,Moderate to severe pain
dewyday 1mg tablet,Y,RESPIRATORY,Benzodiazepines Derivative,Benzodiazepines,Treatment of Short term anxiety
dolset p 37.5mg/325mg tablet,Y,PAIN ANALGESICS,NA,NA,Moderate to severe pain
dolohit 50mg injection,Y,PAIN ANALGESICS,Anisole Derivative,Opioids,Moderate to severe pain
damol 50mg injection,Y,PAIN ANALGESICS,Anisole Derivative,Opioids,Moderate to severe pain
dolbest 100mg injection,Y,PAIN ANALGESICS,Anisole Derivative,Opioids,Moderate to severe pain
doliriz p 37.5mg/325mg tablet,Y,PAIN ANALGESICS,NA,NA,Moderate to severe pain
equirex tablet,Y,GASTRO INTESTINAL,NA,NA,Treatment of Irritable bowel syndrome
escitalent plus tablet,Y,NEURO CNS,NA,NA,Treatment of Anxiety disorder
epitril 0.5mg tablet md,Y,NEURO CNS,Benzodiazepines Derivative,Benzodiazepines,Treatment of Anxiety disorder
equilibrium 10mg tablet,Y,NEURO CNS,Benzodiazepines Derivative,Benzodiazepines,Severe anxiety
essita plus tablet,Y,NEURO CNS,NA,NA,Treatment of Anxiety disorder
ezeepam plus 5 tablet,Y,NEURO CNS,NA,NA,Treatment of Anxiety disorder
esipram plus tablet,Y,NEURO CNS,NA,NA,Treatment of Anxiety disorder
epitril 0.25mg tablet md,Y,NEURO CNS,Benzodiazepines Derivative,Benzodiazepines,Treatment of Anxiety disorder
escigress cz 0.25 tablet,Y,NEURO CNS,NA,NA,Treatment of Anxiety disorder
ezeepam plus 10 tablet,Y,NEURO CNS,NA,NA,Treatment of Anxiety disorder
estilo-plus tablet,Y,NEURO CNS,NA,NA,Treatment of Anxiety disorder
esclo plus 0.25 mg/5 mg tablet,Y,NEURO CNS,NA,NA,Treatment of Anxiety disorder
esta plus 0.5 mg/10 mg tablet,Y,NEURO CNS,NA,NA,Treatment of Anxiety disorder
escigress cz 0.5mg/10mg tablet,Y,NEURO CNS,NA,NA,Treatment of Anxiety disorder
escitapax plus 0.5 mg/10 mg tablet,Y,NEURO CNS,NA,NA,Treatment of Anxiety disorder
emotrip 12.5 mg/5 mg tablet,Y,NEURO CNS,NA,NA,Treatment of Depression
essita lite tablet,Y,NEURO CNS,NA,NA,Treatment of Anxiety disorder
ephrilime forte syrup,Y,RESPIRATORY,NA,NA,Dry cough
esclo forte 0.5 mg/10 mg tablet,Y,NEURO CNS,NA,NA,Treatment of Anxiety disorder
epitril 0.5mg tablet,Y,NEURO CNS,Benzodiazepines Derivative,Benzodiazepines,Treatment of Anxiety disorder
estopam plus 0.5mg/10mg tablet,Y,NEURO CNS,NA,NA,Treatment of Anxiety disorder
ecit-plus tablet,Y,NEURO CNS,NA,NA,Treatment of Anxiety disorder
exiplon syrup,Y,RESPIRATORY,NA,NA,Dry cough
esopam plus 0.5mg/10mg tablet,Y,NEURO CNS,NA,NA,Treatment of Anxiety disorder
epilong 0.5mg tablet,Y,NEURO CNS,Benzodiazepines Derivative,Benzodiazepines,Treatment of Anxiety disorder
estomine-zee tablet,Y,NEURO CNS,NA,NA,Treatment of Anxiety disorder
epcon 0.5mg tablet,Y,NEURO CNS,Benzodiazepines Derivative,Benzodiazepines,Treatment of Anxiety disorder
epitril 2mg tablet,Y,NEURO CNS,Benzodiazepines Derivative,Benzodiazepines,Treatment of Anxiety disorder
esitamat plus 0.5mg/10mg tablet,Y,NEURO CNS,NA,NA,Treatment of Anxiety disorder
epilong 0.25mg tablet,Y,NEURO CNS,Benzodiazepines Derivative,Benzodiazepines,Treatment of Anxiety disorder
escitalent-ls 0.25mg/10mg tablet,Y,NEURO CNS,NA,NA,Treatment of Anxiety disorder
esta ls 0.25mg/10mg tablet,Y,NEURO CNS,NA,NA,Treatment of Anxiety disorder
epizam 0.25mg tablet md,Y,NEURO CNS,Benzodiazepines Derivative,Benzodiazepines,Treatment of Anxiety disorder
emilep 5mg tablet,Y,NEURO CNS,Benzodiazepines Derivative,Benzodiazepines,Treatment of Epilepsy/Seizures
escnx plus 0.5mg/5mg tablet,Y,NEURO CNS,NA,NA,Treatment of Anxiety disorder
esciren-plus tablet,Y,NEURO CNS,NA,NA,Treatment of Anxiety disorder
estavin-plus 0.5mg/10mg tablet,Y,NEURO CNS,NA,NA,Treatment of Anxiety disorder
egrex tablet,Y,GASTRO INTESTINAL,NA,NA,Treatment of Irritable bowel syndrome
esopam lite 0.25mg/10mg tablet,Y,NEURO CNS,NA,NA,Treatment of Anxiety disorder
erito-plus tablet,Y,NEURO CNS,NA,NA,Treatment of Anxiety disorder
etdone 25mg tablet,Y,NEURO CNS,Barbituric Acid Derivative,Barbiturate,Epilepsy/Seizures
ection ls 0.25mg/5mg tablet,Y,NEURO CNS,NA,NA,Treatment of Anxiety disorder
escipex-forte tablet,Y,NEURO CNS,NA,NA,Treatment of Anxiety disorder
epcon 0.25mg tablet,Y,NEURO CNS,Benzodiazepines Derivative,Benzodiazepines,Treatment of Anxiety disorder
estadep plus tablet,Y,NEURO CNS,NA,NA,Treatment of Anxiety disorder
ex spa m 135mg/5mg tablet,Y,GASTRO INTESTINAL,NA,NA,Irritable bowel syndrome
ezinite-cz tablet,Y,NEURO CNS,NA,NA,Treatment of Anxiety disorder
esipam plus tablet,Y,NEURO CNS,NA,NA,Treatment of Anxiety disorder
esteem 0.25mg tablet,Y,NEURO CNS,Benzodiazepines Derivative,Benzodiazepines,Treatment of Anxiety
esnax plus tablet,Y,NEURO CNS,NA,NA,Treatment of Anxiety disorder
epiford 10mg tablet,Y,NEURO CNS,Benzodiazepines Derivative,Benzodiazepines,Treatment of Epilepsy/Seizures
escipix-cz 0.5 tablet,Y,NEURO CNS,NA,NA,Treatment of Anxiety disorder
espram plus tablet,Y,NEURO CNS,NA,NA,Treatment of Anxiety disorder
estomin sf 0.25 mg/5 mg tablet,Y,NEURO CNS,NA,NA,Treatment of Anxiety disorder
enzycare plus 0.5mg/10mg tablet,Y,NEURO CNS,NA,NA,Treatment of Anxiety disorder
esitor forte tablet,Y,NEURO CNS,NA,NA,Treatment of Anxiety disorder
esciptal plus 0.5mg/10mg tablet,Y,NEURO CNS,NA,NA,Treatment of Anxiety disorder
enzoflam tp 325 mg/37.5 mg tablet,Y,PAIN ANALGESICS,NA,NA,Pain relief
ecitalop c 0.5mg/10mg tablet,Y,NEURO CNS,NA,NA,Treatment of Anxiety disorder
escident lite 0.25mg/10mg tablet,Y,NEURO CNS,NA,NA,Treatment of Anxiety disorder
eseil-ls tablet,Y,NEURO CNS,NA,NA,Treatment of Anxiety disorder
escitapax plus l 0.25mg/5mg tablet,Y,NEURO CNS,NA,NA,Treatment of Anxiety disorder
esjoy plus 0.5mg/10mg tablet,Y,NEURO CNS,NA,NA,Treatment of Anxiety disorder
escada plus 0.5mg/10mg tablet,Y,NEURO CNS,NA,NA,Treatment of Anxiety disorder
epiad 25mg tablet,Y,NEURO CNS,Barbituric Acid Derivative,Barbiturate,Epilepsy/Seizures
etzic plus 5 tablet,Y,NEURO CNS,NA,NA,Treatment of Anxiety disorder
epitril-beta 0.5 tablet,Y,NEURO CNS,NA,NA,Treatment of Anxiety disorder
escam plus 0.5mg/10mg tablet,Y,NEURO CNS,NA,NA,Treatment of Anxiety disorder
escirest plus 0.5mg/10mg tablet,Y,NEURO CNS,NA,NA,Treatment of Anxiety disorder
esyza-plus 0.5mg/5mg tablet,Y,NEURO CNS,NA,NA,Treatment of Anxiety disorder
ebirax 5mg/2.5mg tablet,Y,GASTRO INTESTINAL,NA,NA,Treatment of Irritable bowel syndrome
escita plus 0.5mg/10mg tablet,Y,NEURO CNS,NA,NA,Treatment of Anxiety disorder
escilam plus 0.5mg/10mg tablet,Y,NEURO CNS,NA,NA,Treatment of Anxiety disorder
elcita plus tablet,Y,NEURO CNS,NA,NA,Treatment of Anxiety disorder
emotrip 25 mg/10 mg tablet,Y,NEURO CNS,NA,NA,Treatment of Depression
enzycare lc 0.25mg/10mg tablet,Y,NEURO CNS,NA,NA,Treatment of Anxiety disorder
estalor plus 10 tablet,Y,NEURO CNS,NA,NA,Treatment of Anxiety disorder
escipix-cz 0.25 tablet,Y,NEURO CNS,NA,NA,Treatment of Anxiety disorder
esilex forte tablet,Y,NEURO CNS,NA,NA,Treatment of Anxiety disorder
escnx ls 0.25mg/10mg tablet,Y,NEURO CNS,NA,NA,Treatment of Anxiety disorder
epitril 1mg tablet,Y,NEURO CNS,Benzodiazepines Derivative,Benzodiazepines,Treatment of Anxiety disorder
epiz 0.5mg tablet md,Y,NEURO CNS,Benzodiazepines Derivative,Benzodiazepines,Treatment of Anxiety disorder
estop forte 0.5mg/10mg tablet,Y,NEURO CNS,NA,NA,Treatment of Anxiety disorder
equlok c 0.25 mg/5 mg tablet,Y,NEURO CNS,NA,NA,Treatment of Anxiety disorder
esizol plus 0.5mg/10mg tablet,Y,NEURO CNS,NA,NA,Treatment of Anxiety disorder
escimax cz 0.5mg/10mg tablet,Y,NEURO CNS,NA,NA,Treatment of Anxiety disorder
escnx plus 0.5mg/10mg tablet,Y,NEURO CNS,NA,NA,Treatment of Anxiety disorder
exito-plus tablet,Y,NEURO CNS,NA,NA,Treatment of Anxiety disorder
esredep plus tablet,Y,NEURO CNS,NA,NA,Treatment of Anxiety disorder
epitril 0.25mg tablet,Y,NEURO CNS,Benzodiazepines Derivative,Benzodiazepines,Treatment of Anxiety disorder
equinil 10mg tablet,Y,NEURO CNS,Benzodiazepines Derivative,Benzodiazepines,Severe anxiety
escirite plus tablet,Y,NEURO CNS,NA,NA,Treatment of Anxiety disorder
elpram c 10mg/0.5mg tablet,Y,NEURO CNS,NA,NA,Treatment of Anxiety disorder
escnx ls 0.25mg/5mg tablet,Y,NEURO CNS,NA,NA,Treatment of Anxiety disorder
epizam 5mg tablet,Y,NEURO CNS,Benzodiazepines Derivative,Benzodiazepines,Treatment of Epilepsy/Seizures
escident plus 0.5mg/10mg tablet,Y,NEURO CNS,NA,NA,Treatment of Anxiety disorder
ebrium 10mg tablet,Y,NEURO CNS,Benzodiazepines Derivative,Benzodiazepines,Severe anxiety
esilo plus 0.5mg/5mg tablet,Y,NEURO CNS,NA,NA,Treatment of Anxiety disorder
escapro plus 10 tablet,Y,NEURO CNS,NA,NA,Treatment of Anxiety disorder
ecexa-plus tablet,Y,NEURO CNS,NA,NA,Treatment of Anxiety disorder
equicalm 10mg/1mg tablet,Y,NEURO CNS,NA,NA,Schizophrenia
ephrilime 7.5 mg/2 mg syrup,Y,RESPIRATORY,NA,NA,Dry cough
elpam 5mg tablet,Y,NEURO CNS,Benzodiazepine Derivative,Benzodiazepines,Short term anxiety
ecitelo forte 0.5mg/10mg tablet,Y,NEURO CNS,NA,NA,Treatment of Anxiety disorder
esta forte 0.5mg/20mg tablet,Y,NEURO CNS,NA,NA,Treatment of Anxiety disorder
epcon 1mg tablet,Y,NEURO CNS,Benzodiazepines Derivative,Benzodiazepines,Treatment of Anxiety disorder
enton 2.5mg/5mg/10mg tablet,Y,GASTRO INTESTINAL,NA,NA,Treatment of Irritable bowel syndrome
eseil plus tablet,Y,NEURO CNS,NA,NA,Treatment of Anxiety disorder
esopam mini plus tablet,Y,NEURO CNS,NA,NA,Treatment of Anxiety disorder
exiplon 4 mg/10 mg syrup,Y,RESPIRATORY,NA,NA,Dry cough
esentra 1mg tablet,Y,NEURO CNS,Cyclopyrrolone Derivative,Non-benzodiazepine hypnotics (Z Compounds),Insomnia
escibliss plus 0.25mg/10mg tablet,Y,NEURO CNS,NA,NA,Treatment of Anxiety disorder
esitamat plus 0.5mg/5mg tablet,Y,NEURO CNS,NA,NA,Treatment of Anxiety disorder
esilo forte 0.5mg/10mg tablet,Y,NEURO CNS,NA,NA,Treatment of Anxiety disorder
ection 0.5 mg/10 mg tablet,Y,NEURO CNS,NA,NA,Treatment of Anxiety disorder
esitac 0.5 mg/10 mg tablet,Y,NEURO CNS,NA,NA,Treatment of Anxiety disorder
escopam forte 0.5mg/10mg tablet,Y,NEURO CNS,NA,NA,Treatment of Anxiety disorder
esinex-plus tablet,Y,NEURO CNS,NA,NA,Treatment of Anxiety disorder
estam plus 0.25mg/10mg tablet,Y,NEURO CNS,NA,NA,Treatment of Anxiety disorder
escitapax plus h 0.25 mg/10 mg tablet,Y,NEURO CNS,NA,NA,Treatment of Anxiety disorder
esben-c tablet,Y,NEURO CNS,NA,NA,Treatment of Anxiety disorder
estaram es forte 0.5mg/10mg tablet,Y,NEURO CNS,NA,NA,Treatment of Anxiety disorder
eltram 50mg tablet,Y,PAIN ANALGESICS,Anisole Derivative,Opioids,Moderate to severe pain
ecotril 0.5mg tablet,Y,NEURO CNS,Benzodiazepines Derivative,Benzodiazepines,Treatment of Anxiety disorder
escalm 10 tablet,Y,NEURO CNS,NA,NA,Treatment of Anxiety disorder
escident mini 0.25mg/5mg tablet,Y,NEURO CNS,NA,NA,Treatment of Anxiety disorder
erito-forte tablet,Y,NEURO CNS,NA,NA,Treatment of Anxiety disorder
esula plus 0.25mg/5mg tablet,Y,NEURO CNS,NA,NA,Treatment of Anxiety disorder
escisure plus 0.5mg/20mg tablet,Y,NEURO CNS,NA,NA,Treatment of Anxiety disorder
epilong 1mg tablet,Y,NEURO CNS,Benzodiazepines Derivative,Benzodiazepines,Treatment of Anxiety disorder
esease-plus tablet,Y,NEURO CNS,NA,NA,Treatment of Anxiety disorder
esyza -forte tablet,Y,NEURO CNS,NA,NA,Treatment of Anxiety disorder
esix cl 0.5mg/20mg tablet,Y,NEURO CNS,NA,NA,Treatment of Anxiety disorder
etdone 50mg tablet,Y,NEURO CNS,Barbituric Acid Derivative,Barbiturate,Epilepsy/Seizures
escepam 0.5mg/5mg tablet,Y,NEURO CNS,NA,NA,Treatment of Anxiety disorder
escert cz 0.5mg/10mg tablet,Y,NEURO CNS,NA,NA,Treatment of Anxiety disorder
eluga plus 0.25mg/5mg tablet,Y,NEURO CNS,NA,NA,Treatment of Anxiety disorder
esipro plus 0.5mg/10mg tablet,Y,NEURO CNS,NA,NA,Treatment of Anxiety disorder
epiad 50mg tablet,Y,NEURO CNS,Barbituric Acid Derivative,Barbiturate,Epilepsy/Seizures
exiten plus 0.25 mg/20 mg tablet,Y,NEURO CNS,NA,NA,Depression
eslopam plus 0.5mg/10mg tablet,Y,NEURO CNS,NA,NA,Treatment of Anxiety disorder
exdol p 37.5mg/325mg tablet,Y,PAIN ANALGESICS,NA,NA,Moderate to severe pain
epiad 12.5mg tablet,Y,NEURO CNS,Barbituric Acid Derivative,Barbiturate,Epilepsy/Seizures
esipam ls 0.25mg/5mg tablet,Y,NEURO CNS,NA,NA,Treatment of Anxiety disorder
ecopam-plus tablet,Y,NEURO CNS,NA,NA,Treatment of Anxiety disorder
estokem plus 0.5mg/10 mg tablet,Y,NEURO CNS,NA,NA,Treatment of Anxiety disorder
esticlo 0.5mg/10mg tablet,Y,NEURO CNS,NA,NA,Treatment of Anxiety disorder
estomine forte 0.5mg/20mg tablet,Y,NEURO CNS,NA,NA,Treatment of Anxiety disorder
escirest plus ls 0.25mg/10mg tablet,Y,NEURO CNS,NA,NA,Treatment of Anxiety disorder
exazam 10mg tablet,Y,NEURO CNS,Benzodiazepines Derivative,Benzodiazepines,Treatment of Epilepsy/Seizures
escivi plus 0.5mg/10mg tablet,Y,NEURO CNS,NA,NA,Treatment of Anxiety disorder
escsta plus-h tablet,Y,NEURO CNS,NA,NA,Treatment of Anxiety disorder
epizam 10mg tablet,Y,NEURO CNS,Benzodiazepines Derivative,Benzodiazepines,Treatment of Epilepsy/Seizures
epiz plus 0.5mg/10mg tablet,Y,NEURO CNS,NA,NA,Treatment of Anxiety disorder
epizam 0.5mg tablet,Y,NEURO CNS,Benzodiazepines Derivative,Benzodiazepines,Treatment of Anxiety disorder
esredep forte 0.5 mg/10 mg tablet,Y,NEURO CNS,NA,NA,Treatment of Anxiety disorder
epcon 2mg tablet,Y,NEURO CNS,Benzodiazepines Derivative,Benzodiazepines,Treatment of Anxiety disorder
espan forte 0.5mg/10mg tablet,Y,NEURO CNS,NA,NA,Treatment of Anxiety disorder
equiliser 10mg tablet,Y,NEURO CNS,Benzodiazepines Derivative,Benzodiazepines,Severe anxiety
epilong 2mg tablet,Y,NEURO CNS,Benzodiazepines Derivative,Benzodiazepines,Treatment of Anxiety disorder
escitrac-cz tablet,Y,NEURO CNS,NA,NA,Treatment of Anxiety disorder
ecexa-ls tablet,Y,NEURO CNS,NA,NA,Treatment of Anxiety disorder
esizol plus ls 0.25mg/10mg tablet,Y,NEURO CNS,NA,NA,Treatment of Anxiety disorder
eszee-plus tablet,Y,NEURO CNS,NA,NA,Treatment of Anxiety disorder
erazol 0.25mg tablet,Y,NEURO CNS,Benzodiazepines Derivative,Benzodiazepines,Treatment of Anxiety
enzycare plus 0.5mg/5mg tablet,Y,NEURO CNS,NA,NA,Treatment of Anxiety disorder
epitril 1 mg tablet md,Y,NEURO CNS,Benzodiazepines Derivative,Benzodiazepines,Treatment of Anxiety disorder
epiba 5mg tablet,Y,NEURO CNS,Benzodiazepines Derivative,Benzodiazepines,Treatment of Epilepsy/Seizures
equlok c 0.5 mg/10 mg tablet,Y,NEURO CNS,NA,NA,Treatment of Anxiety disorder
elpram plus 0.5mg/10mg tablet,Y,NEURO CNS,NA,NA,Treatment of Anxiety disorder
etzic plus 10 tablet,Y,NEURO CNS,NA,NA,Treatment of Anxiety disorder
e-dol plus 50mg/500mg tablet,Y,PAIN ANALGESICS,NA,NA,Moderate to severe pain
estropam plus 0.5mg/10mg tablet,Y,NEURO CNS,NA,NA,Treatment of Anxiety disorder
es citaphar 0.5mg/10mg tablet,Y,NEURO CNS,NA,NA,Treatment of Anxiety disorder
esiclon 0.5mg/10mg tablet,Y,NEURO CNS,NA,NA,Treatment of Anxiety disorder
espar cl 0.5mg/10mg tablet,Y,NEURO CNS,NA,NA,Treatment of Anxiety disorder
escer plus 0.5mg/5mg tablet,Y,NEURO CNS,NA,NA,Treatment of Anxiety disorder
esgipyrin t 325 mg/37.5 mg tablet,Y,PAIN ANALGESICS,NA,NA,Pain relief
ecitom plus 0.5mg/10mg tablet,Y,NEURO CNS,NA,NA,Treatment of Anxiety disorder
egpam plus 0.5mg/20mg tablet,Y,NEURO CNS,NA,NA,Treatment of Anxiety disorder
eleva 0.25mg tablet md,Y,NEURO CNS,Benzodiazepines Derivative,Benzodiazepines,Treatment of Anxiety disorder
erazol 0.5mg tablet,Y,NEURO CNS,Benzodiazepines Derivative,Benzodiazepines,Treatment of Anxiety
ecitom ls 0.5mg/5mg tablet,Y,NEURO CNS,NA,NA,Treatment of Anxiety disorder
e-dol p 50mg/500mg tablet,Y,PAIN ANALGESICS,NA,NA,Moderate to severe pain
es plus 0.5mg/10mg tablet,Y,NEURO CNS,NA,NA,Treatment of Anxiety disorder
espam plus 0.5mg/10mg tablet,Y,NEURO CNS,NA,NA,Treatment of Anxiety disorder
exitopam ls 0.25mg/5mg tablet,Y,NEURO CNS,NA,NA,Treatment of Anxiety disorder
escitlocad plus tablet,Y,NEURO CNS,NA,NA,Treatment of Anxiety disorder
escilyf plus 10 tablet,Y,NEURO CNS,NA,NA,Treatment of Anxiety disorder
exinus plus 0.5mg/10mg tablet,Y,NEURO CNS,NA,NA,Treatment of Anxiety disorder
exitopam plus 0.5mg/10mg tablet,Y,NEURO CNS,NA,NA,Treatment of Anxiety disorder
ecilop plus 0.5mg/10mg tablet,Y,NEURO CNS,NA,NA,Treatment of Anxiety disorder
ecitom forte 0.5mg/20mg tablet,Y,NEURO CNS,NA,NA,Treatment of Anxiety disorder
esipro lite 0.25mg/10mg tablet,Y,NEURO CNS,NA,NA,Treatment of Anxiety disorder
esicalm plus 0.5mg/10mg tablet,Y,NEURO CNS,NA,NA,Treatment of Anxiety disorder
ecentopam plus 0.5mg/10mg tablet,Y,NEURO CNS,NA,NA,Treatment of Anxiety disorder
epitan 60mg tablet,Y,NEURO CNS,Barbituric Acid Derivative,Barbiturate,Epilepsy/Seizures
escipram-c 0.5mg/10mg tablet,Y,NEURO CNS,NA,NA,Treatment of Anxiety disorder
eleva 1mg tablet md,Y,NEURO CNS,Benzodiazepines Derivative,Benzodiazepines,Treatment of Anxiety disorder
esipram plus 0.25mg/10mg tablet,Y,NEURO CNS,NA,NA,Treatment of Anxiety disorder
escibliss ls 0.25mg/5mg tablet,Y,NEURO CNS,NA,NA,Treatment of Anxiety disorder
epigon 10mg tablet,Y,NEURO CNS,Benzodiazepines Derivative,Benzodiazepines,Treatment of Epilepsy/Seizures
emcloz 0.5mg tablet,Y,NEURO CNS,Benzodiazepines Derivative,Benzodiazepines,Treatment of Anxiety disorder
esentra 2mg tablet,Y,NEURO CNS,Cyclopyrrolone Derivative,Non-benzodiazepine hypnotics (Z Compounds),Insomnia
etdone 100 tablet,Y,NEURO CNS,Barbituric Acid Derivative,Barbiturate,Epilepsy/Seizures
esentra 3mg tablet,Y,NEURO CNS,Cyclopyrrolone Derivative,Non-benzodiazepine hypnotics (Z Compounds),Insomnia
escitlocad plus 0.25mg/10mg tablet,Y,NEURO CNS,NA,NA,Treatment of Anxiety disorder
eltram 50mg tablet dt,Y,PAIN ANALGESICS,Anisole Derivative,Opioids,Moderate to severe pain
enclo 0.5mg tablet,Y,NEURO CNS,Benzodiazepines Derivative,Benzodiazepines,Treatment of Anxiety disorder
ezvio plus 0.5mg/5mg tablet,Y,NEURO CNS,NA,NA,Treatment of Anxiety disorder
esria c 0.5mg/10mg tablet,Y,NEURO CNS,NA,NA,Treatment of Anxiety disorder
etopam c 0.25mg/10mg tablet,Y,NEURO CNS,NA,NA,Treatment of Anxiety disorder
ellium lc 0.25mg/10mg tablet,Y,NEURO CNS,NA,NA,Treatment of Anxiety disorder
ellium plus 0.5mg/10mg tablet,Y,NEURO CNS,NA,NA,Treatment of Anxiety disorder
easyfeel 0.5mg tablet,Y,NEURO CNS,Benzodiazepines Derivative,Benzodiazepines,Treatment of Anxiety disorder
escilostar plus tablet md,Y,NEURO CNS,NA,NA,Treatment of Anxiety disorder
eci 0.25mg tablet,Y,NEURO CNS,Benzodiazepines Derivative,Benzodiazepines,Treatment of Anxiety
epikon 30mg tablet,Y,NEURO CNS,Barbituric Acid Derivative,Barbiturate,Epilepsy/Seizures
epitan 30mg tablet,Y,NEURO CNS,Barbituric Acid Derivative,Barbiturate,Epilepsy/Seizures
escoda plus 0.5mg/10mg tablet,Y,NEURO CNS,NA,NA,Treatment of Anxiety disorder
escibliss forte 0.5mg/10mg tablet,Y,NEURO CNS,NA,NA,Treatment of Anxiety disorder
elspas tablet,Y,GASTRO INTESTINAL,NA,NA,Treatment of Irritable bowel syndrome
eltram p 50mg/500mg tablet,Y,PAIN ANALGESICS,NA,NA,Moderate to severe pain
elidep forte tablet,Y,NEURO CNS,NA,NA,Depression
esirac plus 0.5mg/10mg tablet,Y,NEURO CNS,NA,NA,Treatment of Anxiety disorder
escten-plus tablet,Y,NEURO CNS,NA,NA,Treatment of Anxiety disorder
ecitom forte 0.5mg/10mg tablet md,Y,NEURO CNS,NA,NA,Treatment of Anxiety disorder
equblam 10mg tablet,Y,NEURO CNS,Benzodiazepines Derivative,Benzodiazepines,Severe anxiety
equipam 5mg tablet,Y,NEURO CNS,Benzodiazepine Derivative,Benzodiazepines,Short term anxiety
equinorm tablet,Y,GASTRO INTESTINAL,NA,NA,Treatment of Irritable bowel syndrome
exal 0.5mg tablet,Y,NEURO CNS,Benzodiazepines Derivative,Benzodiazepines,Treatment of Anxiety
elcodin syrup,Y,RESPIRATORY,NA,NA,Dry cough
eldep plus 2 mg/25 mg tablet,Y,NEURO CNS,NA,NA,Depression
esidep plus 0.5mg/10mg tablet,Y,NEURO CNS,NA,NA,Treatment of Anxiety disorder
epikon 60mg tablet,Y,NEURO CNS,Barbituric Acid Derivative,Barbiturate,Epilepsy/Seizures
es forte 0.5mg/10mg tablet,Y,NEURO CNS,NA,NA,Treatment of Anxiety disorder
escizam tablet,Y,NEURO CNS,NA,NA,Treatment of Anxiety disorder
es ok plus 0.5 mg/5 mg tablet,Y,NEURO CNS,NA,NA,Treatment of Anxiety disorder
emgard 60mg tablet,Y,NEURO CNS,Barbituric Acid Derivative,Barbiturate,Epilepsy/Seizures
eltram plus tablet,Y,PAIN ANALGESICS,NA,NA,Treatment of Severe acute pain
enzitan 0.5mg tablet,Y,NEURO CNS,Benzodiazepines Derivative,Benzodiazepines,Treatment of Anxiety
esride-plus tablet,Y,NEURO CNS,NA,NA,Treatment of Anxiety disorder
ecitom sf 0.25mg/5mg tablet,Y,NEURO CNS,NA,NA,Treatment of Anxiety disorder
escitacalm plus 0.5mg/10mg tablet,Y,NEURO CNS,NA,NA,Treatment of Anxiety disorder
esula forte 0.5mg/10mg tablet,Y,NEURO CNS,NA,NA,Treatment of Anxiety disorder
emofexine plus 50mg/0.5mg tablet,Y,NEURO CNS,NA,NA,Treatment of Depression
escitlocad plus 0.5mg/5mg tablet,Y,NEURO CNS,NA,NA,Treatment of Anxiety disorder
ecpam 0.25mg/5mg tablet,Y,NEURO CNS,NA,NA,Treatment of Anxiety disorder
enzed 10mg tablet,Y,NEURO CNS,Benzodiazepines Derivative,Benzodiazepines,Treatment of Insomnia
enxito plus tablet,Y,NEURO CNS,NA,NA,Treatment of Anxiety disorder
elpose 10mg tablet,Y,NEURO CNS,Benzodiazepine Derivative,Benzodiazepines,Short term anxiety
escipeace-plus tablet,Y,NEURO CNS,NA,NA,Treatment of Anxiety disorder
esonite-plus tablet,Y,NEURO CNS,NA,NA,Treatment of Anxiety disorder
emgard 30mg tablet,Y,NEURO CNS,Barbituric Acid Derivative,Barbiturate,Epilepsy/Seizures
expergesic 500mg/15mg tablet,Y,PAIN ANALGESICS,NA,NA,Pain relief
equiliser 5mg tablet,Y,NEURO CNS,Benzodiazepines Derivative,Benzodiazepines,Severe anxiety
esitrust plus tablet,Y,NEURO CNS,NA,NA,Treatment of Anxiety disorder
escigold plus 0.5mg/10mg tablet,Y,NEURO CNS,NA,NA,Treatment of Anxiety disorder
edol 37.5mg/325mg tablet,Y,PAIN ANALGESICS,NA,NA,Moderate to severe pain
esxidar plus 0.5mg/10mg tablet,Y,NEURO CNS,NA,NA,Treatment of Anxiety disorder
essiclopam tablet,Y,NEURO CNS,NA,NA,Treatment of Anxiety disorder
eldezolam 0.5mg tablet,Y,NEURO CNS,Benzodiazepines Derivative,Benzodiazepines,Treatment of Anxiety
escisure cz 0.5mg/10mg tablet,Y,NEURO CNS,NA,NA,Treatment of Anxiety disorder
escipram-c 0.5mg/5mg tablet,Y,NEURO CNS,NA,NA,Treatment of Anxiety disorder
est 0.25mg/10mg tablet,Y,NEURO CNS,NA,NA,Treatment of Anxiety disorder
egret forte 50 mg/5 mg/2 mg tablet,Y,NEURO CNS,NA,NA,Schizophrenia
ezirest plus 0.5mg/10mg tablet,Y,NEURO CNS,NA,NA,Treatment of Anxiety disorder
exal 0.25mg tablet,Y,NEURO CNS,Benzodiazepines Derivative,Benzodiazepines,Treatment of Anxiety
exine 2.5mg/5mg/10mg tablet,Y,GASTRO INTESTINAL,NA,NA,Treatment of Irritable bowel syndrome
escitmar c 0.5mg/10mg tablet,Y,NEURO CNS,NA,NA,Treatment of Anxiety disorder
exclo tp 37.5mg/325mg tablet,Y,PAIN ANALGESICS,NA,NA,Moderate to severe pain
eslocarm tablet,Y,NEURO CNS,NA,NA,Treatment of Anxiety disorder
estalozam 0.5mg/10mg tablet,Y,NEURO CNS,NA,NA,Treatment of Anxiety disorder
etcoo plus 0.5mg/5mg tablet,Y,NEURO CNS,NA,NA,Treatment of Anxiety disorder
endep 0.50mg tablet,Y,NEURO CNS,Benzodiazepines Derivative,Benzodiazepines,Treatment of Anxiety
escin plus 0.5mg/10mg tablet,Y,NEURO CNS,NA,NA,Treatment of Anxiety disorder
esichem plus tablet,Y,NEURO CNS,NA,NA,Treatment of Anxiety disorder
ezadol 325mg/37.5mg effervescent tablet,Y,PAIN ANALGESICS,NA,NA,Pain relief
eurotram 50mg capsule,Y,PAIN ANALGESICS,Anisole Derivative,Opioids,Moderate to severe pain
eltram 37.5mg/325mg tablet,Y,PAIN ANALGESICS,NA,NA,Moderate to severe pain
esmood plus 0.5mg/10mg tablet,Y,NEURO CNS,NA,NA,Treatment of Anxiety disorder
ezilopam 0.5mg/5mg tablet,Y,NEURO CNS,NA,NA,Treatment of Anxiety disorder
eluga forte 0.5mg/10mg tablet,Y,NEURO CNS,NA,NA,Treatment of Anxiety disorder
euroest 0.25mg tablet,Y,NEURO CNS,Benzodiazepines Derivative,Benzodiazepines,Treatment of Anxiety
ecitom ds 0.5mg/20mg tablet,Y,NEURO CNS,NA,NA,Treatment of Anxiety disorder
etinip plus 0.5mg/10mg tablet,Y,NEURO CNS,NA,NA,Treatment of Anxiety disorder
emoxide 25mg tablet,Y,NEURO CNS,Benzodiazepines Derivative,Benzodiazepines,Severe anxiety
emcloz 0.25mg tablet,Y,NEURO CNS,Benzodiazepines Derivative,Benzodiazepines,Treatment of Anxiety disorder
esiwel plus 0.5mg/10mg tablet,Y,NEURO CNS,NA,NA,Treatment of Anxiety disorder
enpram plus 0.5mg/10mg tablet,Y,NEURO CNS,NA,NA,Treatment of Anxiety disorder
espro cz 0.5mg/10mg tablet,Y,NEURO CNS,NA,NA,Treatment of Anxiety disorder
elcion 10mg tablet cr,Y,NEURO CNS,Benzodiazepine Derivative,Benzodiazepines,Short term anxiety
exitopam ls 0.5mg/5mg tablet,Y,NEURO CNS,NA,NA,Treatment of Anxiety disorder
eminaz 0.5mg tablet,Y,NEURO CNS,Benzodiazepines Derivative,Benzodiazepines,Treatment of Anxiety disorder
eurolam 0.5mg tablet,Y,NEURO CNS,Benzodiazepines Derivative,Benzodiazepines,Treatment of Anxiety
esodep plus 0.5mg/10mg tablet,Y,NEURO CNS,NA,NA,Treatment of Anxiety disorder
elpose 5mg tablet,Y,NEURO CNS,Benzodiazepine Derivative,Benzodiazepines,Short term anxiety
elidep plus 2mg/25mg tablet,Y,NEURO CNS,NA,NA,Depression
equipam 10mg tablet,Y,NEURO CNS,Benzodiazepine Derivative,Benzodiazepines,Short term anxiety
estagrap plus 0.5mg/10mg tablet,Y,NEURO CNS,NA,NA,Treatment of Anxiety disorder
eminaz 0.25mg tablet,Y,NEURO CNS,Benzodiazepines Derivative,Benzodiazepines,Treatment of Anxiety disorder
endax 0.5mg tablet,Y,NEURO CNS,Benzodiazepines Derivative,Benzodiazepines,Treatment of Anxiety
esio plus lite 0.25mg/10mg tablet,Y,NEURO CNS,NA,NA,Treatment of Anxiety disorder
endolam 0.5mg tablet,Y,NEURO CNS,Benzodiazepines Derivative,Benzodiazepines,Treatment of Anxiety
esirock-lite tablet,Y,NEURO CNS,NA,NA,Treatment of Anxiety disorder
equipam 2mg tablet,Y,NEURO CNS,Benzodiazepine Derivative,Benzodiazepines,Short term anxiety
etotric a 0.25mg/20mg tablet,Y,NEURO CNS,NA,NA,Depression
ericlob 10 tablet,Y,NEURO CNS,Benzodiazepines Derivative,Benzodiazepines,Treatment of Epilepsy/Seizures
ericlob 5mg tablet,Y,NEURO CNS,Benzodiazepines Derivative,Benzodiazepines,Treatment of Epilepsy/Seizures
excodin syrup,Y,RESPIRATORY,NA,NA,Dry cough
eltram 100mg injection,Y,PAIN ANALGESICS,Anisole Derivative,Opioids,Moderate to severe pain
eurolam 0.25mg tablet,Y,NEURO CNS,Benzodiazepines Derivative,Benzodiazepines,Treatment of Anxiety
escepam 0.5mg/10mg tablet,Y,NEURO CNS,NA,NA,Treatment of Anxiety disorder
elflu 0.25 mg/20 mg tablet,Y,NEURO CNS,NA,NA,Depression
escirise cz 0.5mg/10mg tablet,Y,NEURO CNS,NA,NA,Treatment of Anxiety disorder
extracet 500mg/50mg tablet,Y,PAIN ANALGESICS,NA,NA,Pain relief
ezilopam 0.5mg/10mg tablet,Y,NEURO CNS,NA,NA,Treatment of Anxiety disorder
etiprime c 0.5mg/10mg tablet,Y,NEURO CNS,NA,NA,Treatment of Anxiety disorder
estiric cz 0.5mg/10mg tablet,Y,NEURO CNS,NA,NA,Treatment of Anxiety disorder
es ok plus 0.5 mg/10 mg tablet,Y,NEURO CNS,NA,NA,Treatment of Anxiety disorder
epizam 20mg tablet,Y,NEURO CNS,Benzodiazepines Derivative,Benzodiazepines,Treatment of Epilepsy/Seizures
escirise cz 0.5mg/5mg tablet,Y,NEURO CNS,NA,NA,Treatment of Anxiety disorder
escidant plus tablet,Y,NEURO CNS,NA,NA,Treatment of Anxiety disorder
etlas cz 0.5mg/10mg tablet,Y,NEURO CNS,NA,NA,Treatment of Anxiety disorder
ecitolix c 0.5mg/10mg tablet,Y,NEURO CNS,NA,NA,Treatment of Anxiety disorder
eleva 2mg tablet md,Y,NEURO CNS,Benzodiazepines Derivative,Benzodiazepines,Treatment of Anxiety disorder
eci 0.5mg tablet,Y,NEURO CNS,Benzodiazepines Derivative,Benzodiazepines,Treatment of Anxiety
estam forte 0.5mg/10mg tablet,Y,NEURO CNS,NA,NA,Treatment of Anxiety disorder
estalonix cl 0.5mg/10mg tablet,Y,NEURO CNS,NA,NA,Treatment of Anxiety disorder
ecsflam 50 mg/325 mg/32.5 mg tablet,Y,PAIN ANALGESICS,NA,NA,Pain relief
estajoy plus 0.5 mg/10 mg tablet,Y,NEURO CNS,NA,NA,Treatment of Anxiety disorder
excloten 10mg/1mg tablet,Y,NEURO CNS,NA,NA,Schizophrenia
elu cd 4 mg/10 mg syrup,Y,RESPIRATORY,NA,NA,Dry cough
equiliser 25mg tablet,Y,NEURO CNS,Benzodiazepines Derivative,Benzodiazepines,Severe anxiety
eramadol tablet,Y,PAIN ANALGESICS,NA,NA,Moderate to severe pain
esiden forte 0.5mg/10mg tablet,Y,NEURO CNS,NA,NA,Treatment of Anxiety disorder
escivell plus 0.5mg/10mg tablet,Y,NEURO CNS,NA,NA,Treatment of Anxiety disorder
emlol a 0.25mg/20mg tablet,Y,NEURO CNS,NA,NA,Anxiety disorder
estaclo 0.5mg/10mg tablet,Y,NEURO CNS,NA,NA,Treatment of Anxiety disorder
endax 0.25mg tablet,Y,NEURO CNS,Benzodiazepines Derivative,Benzodiazepines,Treatment of Anxiety
ezirest 0.5mg tablet md,Y,NEURO CNS,Benzodiazepines Derivative,Benzodiazepines,Treatment of Anxiety disorder
establish plus 0.5mg/10mg tablet,Y,NEURO CNS,NA,NA,Treatment of Anxiety disorder
eminaz 2mg tablet,Y,NEURO CNS,Benzodiazepines Derivative,Benzodiazepines,Treatment of Anxiety disorder
esio plus 0.5mg/10mg tablet,Y,NEURO CNS,NA,NA,Treatment of Anxiety disorder
extragesic 37.5mg/375mg tablet,Y,PAIN ANALGESICS,NA,NA,Moderate to severe pain
ethitram p 37.5mg/325mg tablet,Y,PAIN ANALGESICS,NA,NA,Moderate to severe pain
encodin syrup,Y,RESPIRATORY,NA,NA,Dry cough
equnil 5mg tablet,Y,NEURO CNS,Benzodiazepines Derivative,Benzodiazepines,Severe anxiety
e-dol 100mg injection,Y,PAIN ANALGESICS,Anisole Derivative,Opioids,Moderate to severe pain
eleflu 0.25 mg/20 mg tablet,Y,NEURO CNS,NA,NA,Depression
elspas c 2.5mg/5mg/10mg tablet,Y,GASTRO INTESTINAL,NA,NA,Treatment of Irritable bowel syndrome
esirock-forte tablet,Y,NEURO CNS,NA,NA,Treatment of Anxiety disorder
eurelax 0.25mg tablet,Y,NEURO CNS,Benzodiazepines Derivative,Benzodiazepines,Treatment of Anxiety
elatrip c 12.5mg/5mg tablet,Y,NEURO CNS,NA,NA,Treatment of Depression
etcoo plus 0.5mg/10mg tablet,Y,NEURO CNS,NA,NA,Treatment of Anxiety disorder
elzopam 0.25mg tablet,Y,NEURO CNS,Benzodiazepines Derivative,Benzodiazepines,Treatment of Anxiety
euphosil 12.5mg/5mg tablet,Y,NEURO CNS,NA,NA,Treatment of Depression
exal 0.125mg tablet,Y,NEURO CNS,Benzodiazepines Derivative,Benzodiazepines,Treatment of Anxiety
endopax 2mg/25mg tablet,Y,NEURO CNS,NA,NA,Depression
esotril 0.5mg/10mg tablet,Y,NEURO CNS,NA,NA,Treatment of Anxiety disorder
epozic 0.5mg/10mg tablet,Y,NEURO CNS,NA,NA,Treatment of Anxiety disorder
easyfeel 1mg tablet,Y,NEURO CNS,Benzodiazepines Derivative,Benzodiazepines,Treatment of Anxiety disorder
evatram p 50mg/500mg tablet,Y,PAIN ANALGESICS,NA,NA,Moderate to severe pain
emgard 15mg tablet,Y,NEURO CNS,Barbituric Acid Derivative,Barbiturate,Epilepsy/Seizures
euroest 0.5mg tablet,Y,NEURO CNS,Benzodiazepines Derivative,Benzodiazepines,Treatment of Anxiety
exdol 100mg injection,Y,PAIN ANALGESICS,Anisole Derivative,Opioids,Moderate to severe pain
euphodol 50mg injection,Y,PAIN ANALGESICS,Anisole Derivative,Opioids,Moderate to severe pain
eurolam 1mg tablet sr,Y,NEURO CNS,Benzodiazepines Derivative,Benzodiazepines,Treatment of Anxiety
esfany-cz 0.5mg/10mg tablet,Y,NEURO CNS,NA,NA,Treatment of Anxiety disorder
eedol 100mg injection,Y,PAIN ANALGESICS,Anisole Derivative,Opioids,Moderate to severe pain
enlik d 50 mg/325 mg/32.5 mg tablet,Y,PAIN ANALGESICS,NA,NA,Pain relief
esonet-c 0.5mg/10mg tablet,Y,NEURO CNS,NA,NA,Treatment of Anxiety disorder
frisium 5 tablet,Y,NEURO CNS,Benzodiazepines Derivative,Benzodiazepines,Treatment of Epilepsy/Seizures
fortwin 30mg injection,Y,PAIN ANALGESICS,Benzomorphan Derivatives,Opioids,Moderate to severe pain
frisium 10mg tablet,Y,NEURO CNS,Benzodiazepines Derivative,Benzodiazepines,Treatment of Epilepsy/Seizures
feliz s plus tablet,Y,NEURO CNS,NA,NA,Treatment of Anxiety disorder
fortwin 1ml injection,Y,PAIN ANALGESICS,Benzomorphan Derivatives,Opioids,Moderate to severe pain
frisium jr 5 tablet,Y,NEURO CNS,Benzodiazepines Derivative,Benzodiazepines,Treatment of Epilepsy/Seizures
fent 50mcg injection,Y,PAIN ANALGESICS,Phenylpiperidine Derivatives,Opioids,Pain relief
fluwel 0.25 mg/20 mg tablet,Y,NEURO CNS,NA,NA,Depression
feliz-s lite tablet,Y,NEURO CNS,NA,NA,Treatment of Anxiety disorder
feliz s plus 0.5 mg/5 mg tablet,Y,NEURO CNS,NA,NA,Treatment of Anxiety disorder
fit 10 mg/1 mg tablet,Y,NEURO CNS,NA,NA,Schizophrenia
fulnite 2mg tablet,Y,NEURO CNS,Cyclopyrrolone Derivative,Non-benzodiazepine hypnotics (Z Compounds),Insomnia
flumusa 20mg tablet,Y,NEURO CNS,NA,NA,Depression
fentrans 25mcg transdermal patch,Y,PAIN ANALGESICS,Phenylpiperidine Derivatives,Opioids,Severe chronic pain
fs plus tablet,Y,PAIN ANALGESICS,NA,NA,Pain relief
fenstud 50mcg injection,Y,PAIN ANALGESICS,Phenylpiperidine Derivatives,Opioids,Pain relief
fortwin 25mg tablet,Y,PAIN ANALGESICS,Benzomorphan Derivatives,Opioids,Moderate to severe pain
flumusa forte 0.5mg/20mg tablet,Y,NEURO CNS,NA,NA,Depression
frisium 20mg tablet,Y,NEURO CNS,Benzodiazepines Derivative,Benzodiazepines,Treatment of Epilepsy/Seizures
fenobarb 200mg injection,Y,NEURO CNS,Barbituric Acid Derivative,Barbiturate,Epilepsy/Seizures
freedo tablet,Y,NEURO CNS,NA,NA,Treatment of Anxiety disorder
firsito plus 0.5 mg/10 mg tablet,Y,NEURO CNS,NA,NA,Treatment of Anxiety disorder
fulsed 1mg injection,Y,NEURO CNS,Benzodiazepines Derivative,Benzodiazepines,Conscious sedation during diagnostic or therapeutic procedures
fendrop 25mcg patch,Y,PAIN ANALGESICS,Phenylpiperidine Derivatives,Opioids,Severe chronic pain
fulstrch-tp tablet,Y,PAIN ANALGESICS,NA,NA,Pain relief
fuldream 10mg tablet,Y,NEURO CNS,Imidazopyridine Derivative,Non-benzodiazepine hypnotics (Z Compounds),Treatment of Insomnia
freshika px 12.5mg/0.5mg tablet,Y,NEURO CNS,NA,NA,Depression
fortagesic tablet,Y,PAIN ANALGESICS,NA,NA,Pain relief
flutax al tablet,Y,NEURO CNS,NA,NA,Depression
fordep plus 12.5mg/0.5mg tablet,Y,NEURO CNS,NA,NA,Depression
floxin plus tablet,Y,NEURO CNS,NA,NA,Depression
fulnite 1 mg tablet,Y,NEURO CNS,Cyclopyrrolone Derivative,Non-benzodiazepine hypnotics (Z Compounds),Insomnia
fluraz 15mg capsule,Y,NEURO CNS,Benzodiazepines Derivative,Benzodiazepines,Insomnia
fulsleep 10mg tablet,Y,NEURO CNS,Imidazopyridine Derivative,Non-benzodiazepine hypnotics (Z Compounds),Treatment of Insomnia
fendrop 50mcg patch,Y,PAIN ANALGESICS,Phenylpiperidine Derivatives,Opioids,Severe chronic pain
freze 325 mg/37.5 mg tablet,Y,PAIN ANALGESICS,NA,NA,Pain relief
flocitop plus 0.5mg/10mg tablet,Y,NEURO CNS,NA,NA,Treatment of Anxiety disorder
fentrans 50mcg transdermal patch,Y,PAIN ANALGESICS,Phenylpiperidine Derivatives,Opioids,Severe chronic pain
freshup 10mg tablet,Y,NEURO CNS,Imidazopyridine Derivative,Non-benzodiazepine hypnotics (Z Compounds),Treatment of Insomnia
franxit o 25mg/10mg tablet,Y,NEURO CNS,NA,NA,Treatment of Depression
fladol p 325mg/37.5mg tablet,Y,PAIN ANALGESICS,NA,NA,Pain relief
franxit o 12.5mg/5mg tablet,Y,NEURO CNS,NA,NA,Treatment of Depression
forcedol plus 50mg/500mg tablet,Y,PAIN ANALGESICS,NA,NA,Moderate to severe pain
famish tablet,Y,GASTRO INTESTINAL,NA,NA,Treatment of Irritable bowel syndrome
fedmol-p tablet,Y,PAIN ANALGESICS,NA,NA,Moderate to severe pain
fluxy-a tablet,Y,NEURO CNS,NA,NA,Depression
f & a forte sr tablet,Y,NEURO CNS,NA,NA,Depression
flylor 2.5mg tablet,Y,RESPIRATORY,Benzodiazepines Derivative,Benzodiazepines,Treatment of Short term anxiety
foracet 500mg/15mg tablet,Y,PAIN ANALGESICS,NA,NA,Pain relief
flanx 10 mg/1 mg tablet,Y,NEURO CNS,NA,NA,Schizophrenia
feb czr 2.5mg suppository,Y,NEURO CNS,Benzodiazepine Derivative,Benzodiazepines,Epilepsy/Seizures
faa plus 0.25mg/20mg tablet,Y,NEURO CNS,NA,NA,Depression
feni 100mg tablet,Y,NEURO CNS,Barbituric Acid Derivative,Barbiturate,Epilepsy/Seizures
fit 10mg/1mg tablet,Y,NEURO CNS,NA,NA,Schizophrenia
fordep forte 25mg/0.5mg tablet,Y,NEURO CNS,NA,NA,Depression
fastdol 325mg/37.5mg tablet,Y,PAIN ANALGESICS,NA,NA,Pain relief
f & a 0.25 mg/20 mg tablet,Y,NEURO CNS,NA,NA,Depression
fastram 325 mg/37.5 mg tablet,Y,PAIN ANALGESICS,NA,NA,Pain relief
freemol tp 100mg/325mg/37.5mg tablet,Y,PAIN ANALGESICS,NA,NA,Pain relief
fibrispa-x tablet,Y,GASTRO INTESTINAL,NA,NA,Irritable bowel syndrome
fezydol p 37.5mg/325mg tablet,Y,PAIN ANALGESICS,NA,NA,Moderate to severe pain
fortstar 30mg injection,Y,PAIN ANALGESICS,Benzomorphan Derivatives,Opioids,Moderate to severe pain
feelaha 100 mg/325 mg/37.5 mg tablet,Y,PAIN ANALGESICS,NA,NA,Pain relief
febl forte 25mg/10mg tablet,Y,NEURO CNS,NA,NA,Treatment of Depression
frenac tp 100 mg/500 mg/50 mg tablet,Y,PAIN ANALGESICS,NA,NA,Pain relief
femdol p tablet,Y,PAIN ANALGESICS,NA,NA,Moderate to severe pain
faxtin a 0.25 mg/20 mg tablet,Y,NEURO CNS,NA,NA,Depression
favidol 37.5mcg/325mg tablet,Y,PAIN ANALGESICS,NA,NA,Moderate to severe pain
faringodyl 4 mg/10 mg syrup,Y,RESPIRATORY,NA,NA,Dry cough
febrinil t 37.5mg/325mg tablet,Y,PAIN ANALGESICS,NA,NA,Moderate to severe pain
freze semi 18.75mg/162.5mg tablet,Y,PAIN ANALGESICS,NA,NA,Moderate to severe pain
gardenal 60 tablet,Y,NEURO CNS,Barbituric Acid Derivative,Barbiturate,Epilepsy/Seizures
gardenal 30 tablet,Y,NEURO CNS,Barbituric Acid Derivative,Barbiturate,Epilepsy/Seizures
gardenal 20mg/5ml syrup,Y,NEURO CNS,Barbituric Acid Derivative,Barbiturate,Epilepsy/Seizures
gudril tablet,Y,PAIN ANALGESICS,NA,NA,Pain relief
gospas tablet,Y,GASTRO INTESTINAL,NA,NA,Treatment of Irritable bowel syndrome
gutrex d 2.5mg/5mg/10mg tablet,Y,GASTRO INTESTINAL,NA,NA,Treatment of Irritable bowel syndrome
galop plus 10 tablet,Y,NEURO CNS,NA,NA,Treatment of Anxiety disorder
grilinctus cd syrup,Y,RESPIRATORY,NA,NA,Dry cough
gutrex 5mg/2.5mg tablet,Y,GASTRO INTESTINAL,NA,NA,Treatment of Irritable bowel syndrome
gutsooth tablet,Y,GASTRO INTESTINAL,NA,NA,Treatment of Irritable bowel syndrome
galop plus 5mg tablet,Y,NEURO CNS,NA,NA,Treatment of Anxiety disorder
galop ls 0.25mg/10mg tablet,Y,NEURO CNS,NA,NA,Treatment of Anxiety disorder
genflam-mv tablet,Y,GASTRO INTESTINAL,NA,NA,Irritable bowel syndrome
glycodin plus syrup,Y,RESPIRATORY,NA,NA,Dry cough
gb cita plus 0.5mg/10mg tablet,Y,NEURO CNS,NA,NA,Treatment of Anxiety disorder
gericalm plus 0.5mg/10mg tablet,Y,NEURO CNS,NA,NA,Treatment of Anxiety disorder
griftam plus 0.5mg/10mg tablet,Y,NEURO CNS,NA,NA,Treatment of Anxiety disorder
geopam lite tablet,Y,NEURO CNS,NA,NA,Treatment of Anxiety disorder
gutbest 5mg/2.5mg tablet,Y,GASTRO INTESTINAL,NA,NA,Treatment of Irritable bowel syndrome
glaridep plus tablet,Y,NEURO CNS,NA,NA,Treatment of Anxiety disorder
glencoff c syrup,Y,RESPIRATORY,NA,NA,Dry cough
geopam plus tablet,Y,NEURO CNS,NA,NA,Treatment of Anxiety disorder
genericart clobazam 5mg tablet,Y,NEURO CNS,Benzodiazepines Derivative,Benzodiazepines,Treatment of Epilepsy/Seizures
gutrex plus capsule,Y,GASTRO INTESTINAL,NA,NA,Irritable bowel syndrome
gemkof 4 mg/10 mg syrup,Y,RESPIRATORY,NA,NA,Dry cough
g dol 37.5mg/325mg tablet,Y,PAIN ANALGESICS,NA,NA,Moderate to severe pain
gudcalm plus tablet,Y,NEURO CNS,NA,NA,Treatment of Anxiety disorder
getrest 10mg tablet,Y,NEURO CNS,Imidazopyridine Derivative,Non-benzodiazepine hypnotics (Z Compounds),Treatment of Insomnia
gabaplus 10mg tablet,Y,NEURO CNS,Benzodiazepines Derivative,Benzodiazepines,Treatment of Epilepsy/Seizures
gentravit 10mg tablet,Y,NEURO CNS,Benzodiazepines Derivative,Benzodiazepines,Treatment of Insomnia
genericart clobazam 10mg tablet,Y,NEURO CNS,Benzodiazepines Derivative,Benzodiazepines,Treatment of Epilepsy/Seizures
glaridep forte tablet,Y,NEURO CNS,NA,NA,Treatment of Anxiety disorder
gutbest d tablet,Y,GASTRO INTESTINAL,NA,NA,Treatment of Irritable bowel syndrome
g prax 0.5mg tablet,Y,NEURO CNS,Benzodiazepines Derivative,Benzodiazepines,Treatment of Anxiety
genosedyl syrup,Y,RESPIRATORY,NA,NA,Dry cough
get 1mg tablet,Y,RESPIRATORY,Benzodiazepines Derivative,Benzodiazepines,Treatment of Short term anxiety
gudnite 0.25mg tablet md,Y,NEURO CNS,Benzodiazepines Derivative,Benzodiazepines,Treatment of Anxiety disorder
gufidol 100mg injection,Y,PAIN ANALGESICS,Anisole Derivative,Opioids,Moderate to severe pain
godep plus 0.25mg/5mg tablet,Y,NEURO CNS,NA,NA,Treatment of Anxiety disorder
giganite 2mg tablet,Y,NEURO CNS,Cyclopyrrolone Derivative,Non-benzodiazepine hypnotics (Z Compounds),Insomnia
gabazam 10mg tablet,Y,NEURO CNS,Benzodiazepines Derivative,Benzodiazepines,Treatment of Epilepsy/Seizures
gemodol 50mg injection,Y,PAIN ANALGESICS,Anisole Derivative,Opioids,Moderate to severe pain
giganite 3mg tablet,Y,NEURO CNS,Cyclopyrrolone Derivative,Non-benzodiazepine hypnotics (Z Compounds),Insomnia
gradol 100mg injection,Y,PAIN ANALGESICS,Anisole Derivative,Opioids,Moderate to severe pain
galprex 0.25mg tablet,Y,NEURO CNS,Benzodiazepines Derivative,Benzodiazepines,Treatment of Anxiety
golprax 0.5mg tablet,Y,NEURO CNS,Benzodiazepines Derivative,Benzodiazepines,Treatment of Anxiety
goodnoct 12.5mg tablet xl,Y,NEURO CNS,Imidazopyridine Derivative,Non-benzodiazepine hypnotics (Z Compounds),Treatment of Insomnia
g prax 0.25mg tablet,Y,NEURO CNS,Benzodiazepines Derivative,Benzodiazepines,Treatment of Anxiety
godep plus 0.5mg/10mg tablet,Y,NEURO CNS,NA,NA,Treatment of Anxiety disorder
gramadol p 37.5mg/325mg tablet,Y,PAIN ANALGESICS,NA,NA,Moderate to severe pain
goodnoct 6.25mg tablet xr,Y,NEURO CNS,Imidazopyridine Derivative,Non-benzodiazepine hypnotics (Z Compounds),Treatment of Insomnia
gdolovoid tablet,Y,PAIN ANALGESICS,NA,NA,Moderate to severe pain
gabazam 5mg tablet,Y,NEURO CNS,Benzodiazepines Derivative,Benzodiazepines,Treatment of Epilepsy/Seizures
gabapus 10mg tablet,Y,NEURO CNS,Benzodiazepines Derivative,Benzodiazepines,Treatment of Epilepsy/Seizures
gotens 0.25mg/20mg tablet,Y,NEURO CNS,NA,NA,Anxiety disorder
getrest 5mg tablet,Y,NEURO CNS,Imidazopyridine Derivative,Non-benzodiazepine hypnotics (Z Compounds),Treatment of Insomnia
gabapus 5mg tablet,Y,NEURO CNS,Benzodiazepines Derivative,Benzodiazepines,Treatment of Epilepsy/Seizures
gesispas ac 2.5mg/5mg/10mg tablet,Y,GASTRO INTESTINAL,NA,NA,Treatment of Irritable bowel syndrome
gramadol 100mg injection,Y,PAIN ANALGESICS,Anisole Derivative,Opioids,Moderate to severe pain
golprax 0.25mg tablet,Y,NEURO CNS,Benzodiazepines Derivative,Benzodiazepines,Treatment of Anxiety
getdol 100mg injection,Y,PAIN ANALGESICS,Anisole Derivative,Opioids,Moderate to severe pain
getdol-p tablet,Y,PAIN ANALGESICS,NA,NA,Moderate to severe pain
getpar 500mg/50mg tablet,Y,PAIN ANALGESICS,NA,NA,Pain relief
glonac tp 37.5mg/325mg tablet,Y,PAIN ANALGESICS,NA,NA,Moderate to severe pain
gutmint 5mg/2.5mg tablet,Y,GASTRO INTESTINAL,NA,NA,Treatment of Irritable bowel syndrome
glitmol t 37.5mg/325mg tablet,Y,PAIN ANALGESICS,NA,NA,Moderate to severe pain
hope 0.5mg tablet,Y,NEURO CNS,Benzodiazepines Derivative,Benzodiazepines,Treatment of Anxiety disorder
histolate tablet,Y,RESPIRATORY,NA,NA,Dry cough
hicalm plus tablet,Y,NEURO CNS,NA,NA,Treatment of Anxiety disorder
hifenac ta 100mg/325mg/37.5mg tablet,Y,PAIN ANALGESICS,NA,NA,Pain relief
hypnoril 10mg tablet,Y,NEURO CNS,Benzodiazepines Derivative,Benzodiazepines,Treatment of Insomnia
hypnite 2 tablet,Y,NEURO CNS,Cyclopyrrolone Derivative,Non-benzodiazepine hypnotics (Z Compounds),Insomnia
hope 0.25mg tablet md,Y,NEURO CNS,Benzodiazepines Derivative,Benzodiazepines,Treatment of Anxiety disorder
histolate syrup,Y,RESPIRATORY,NA,NA,Dry cough
halopam 0.5mg tablet,Y,NEURO CNS,Benzodiazepines Derivative,Benzodiazepines,Treatment of Anxiety disorder
hycalm plus tablet,Y,NEURO CNS,NA,NA,Treatment of Anxiety disorder
hypnoril 5mg tablet,Y,NEURO CNS,Benzodiazepines Derivative,Benzodiazepines,Treatment of Insomnia
hd a 0.25 mg/20 mg tablet,Y,NEURO CNS,NA,NA,Anxiety disorder
halotil plus tablet,Y,NEURO CNS,NA,NA,Treatment of Anxiety disorder
hifenac tl 100mg/37.5mg tablet,Y,PAIN ANALGESICS,NA,NA,Pain relief
hypnite 3mg tablet,Y,NEURO CNS,Cyclopyrrolone Derivative,Non-benzodiazepine hypnotics (Z Compounds),Insomnia
hepinz plus 0.5mg/10mg tablet,Y,NEURO CNS,NA,NA,Treatment of Anxiety disorder
hyplon 10mg capsule,Y,NEURO CNS,Pyrazolopyrimidine Derivative,Non-benzodiazepine hypnotics (Z Compounds),Insomnia
haledol-sp tablet,Y,PAIN ANALGESICS,NA,NA,Pain relief
hipzol 0.5 sr tablet,Y,NEURO CNS,Benzodiazepines Derivative,Benzodiazepines,Treatment of Anxiety
hypnite 1mg tablet,Y,NEURO CNS,Cyclopyrrolone Derivative,Non-benzodiazepine hypnotics (Z Compounds),Insomnia
hope 2mg tablet,Y,NEURO CNS,Benzodiazepines Derivative,Benzodiazepines,Treatment of Anxiety disorder
halonite 5mg tablet,Y,NEURO CNS,Benzodiazepines Derivative,Benzodiazepines,Treatment of Insomnia
hipose 0.5mg tablet sr,Y,NEURO CNS,Benzodiazepines Derivative,Benzodiazepines,Treatment of Anxiety
halozam 0.25mg tablet,Y,NEURO CNS,Benzodiazepines Derivative,Benzodiazepines,Treatment of Anxiety
hipzol-plus tablet,Y,NEURO CNS,NA,NA,Depression
hytram 100mg tablet,Y,PAIN ANALGESICS,Anisole Derivative,Opioids,Moderate to severe pain
hope 1mg tablet,Y,NEURO CNS,Benzodiazepines Derivative,Benzodiazepines,Treatment of Anxiety disorder
hyplon 5mg capsule,Y,NEURO CNS,Pyrazolopyrimidine Derivative,Non-benzodiazepine hypnotics (Z Compounds),Insomnia
hiprazole 0.25mg tablet,Y,NEURO CNS,Benzodiazepines Derivative,Benzodiazepines,Treatment of Anxiety
hypnopam plus 10mg tablet,Y,NEURO CNS,Benzodiazepines Derivative,Benzodiazepines,Treatment of Insomnia
hemidap plus tablet,Y,NEURO CNS,NA,NA,Depression
hypnocent 10mg tablet,Y,NEURO CNS,Benzodiazepines Derivative,Benzodiazepines,Treatment of Insomnia
hyperdol 50mg injection,Y,PAIN ANALGESICS,Anisole Derivative,Opioids,Moderate to severe pain
haldol p 50mg/500mg tablet,Y,PAIN ANALGESICS,NA,NA,Moderate to severe pain
hi pram c 0.5mg/10mg tablet,Y,NEURO CNS,NA,NA,Treatment of Anxiety disorder
hypnonex 10mg capsule,Y,NEURO CNS,Benzodiazepines Derivative,Benzodiazepines,Treatment of Insomnia
haledol-p 37.5mg/325mg tablet,Y,PAIN ANALGESICS,NA,NA,Moderate to severe pain
hypose 5mg tablet,Y,NEURO CNS,Benzodiazepine Derivative,Benzodiazepines,Short term anxiety
histolate 4mg/10mg drop,Y,RESPIRATORY,NA,NA,Dry cough
hypnonex 5mg capsule,Y,NEURO CNS,Benzodiazepines Derivative,Benzodiazepines,Treatment of Insomnia
hipzol 1 sr tablet,Y,NEURO CNS,Benzodiazepines Derivative,Benzodiazepines,Treatment of Anxiety
hitdol-p tablet,Y,PAIN ANALGESICS,NA,NA,Moderate to severe pain
himadol 325mg/37.5mg tablet,Y,PAIN ANALGESICS,NA,NA,Pain relief
hextradol p tablet 325 mg/37.5 mg,Y,PAIN ANALGESICS,NA,NA,Pain relief
hypnopam 5mg tablet,Y,NEURO CNS,Benzodiazepines Derivative,Benzodiazepines,Treatment of Insomnia
hextradol 100 mg injection,Y,PAIN ANALGESICS,Anisole Derivative,Opioids,Moderate to severe pain
hitram 50mg injection,Y,PAIN ANALGESICS,Anisole Derivative,Opioids,Moderate to severe pain
hoxatram 50mg tablet,Y,PAIN ANALGESICS,Anisole Derivative,Opioids,Moderate to severe pain
hitram p 37.5mg/325mg tablet,Y,PAIN ANALGESICS,NA,NA,Moderate to severe pain
haledol 100mg injection,Y,PAIN ANALGESICS,Anisole Derivative,Opioids,Moderate to severe pain
hydol 100mg injection,Y,PAIN ANALGESICS,Anisole Derivative,Opioids,Moderate to severe pain
hiprazole 0.5mg tablet,Y,NEURO CNS,Benzodiazepines Derivative,Benzodiazepines,Treatment of Anxiety
himzolam 0.5mg tablet,Y,NEURO CNS,Benzodiazepines Derivative,Benzodiazepines,Treatment of Anxiety
hoxatram 100mg tablet sr,Y,PAIN ANALGESICS,Anisole Derivative,Opioids,Moderate to severe pain
hypnocent 5mg tablet,Y,NEURO CNS,Benzodiazepines Derivative,Benzodiazepines,Treatment of Insomnia
hyvon spas hg 10mg/65mg/400mg tablet,Y,GASTRO INTESTINAL,NA,NA,Abdominal pain
haldotram 100mg injection,Y,PAIN ANALGESICS,Anisole Derivative,Opioids,Moderate to severe pain
hoxatram plus 50mg/325mg tablet,Y,PAIN ANALGESICS,NA,NA,Moderate to severe pain
hiprazole 1mg tablet sr,Y,NEURO CNS,Benzodiazepines Derivative,Benzodiazepines,Treatment of Anxiety
hytram 100mg injection,Y,PAIN ANALGESICS,Anisole Derivative,Opioids,Moderate to severe pain
himzolam 0.25mg tablet,Y,NEURO CNS,Benzodiazepines Derivative,Benzodiazepines,Treatment of Anxiety
haldotram 50mg injection,Y,PAIN ANALGESICS,Anisole Derivative,Opioids,Moderate to severe pain
inspiral 10mg tablet sr,Y,NEURO CNS,Aralkylamine Derivative,Sympthatomimmetics-ADHD,Attention deficit hyperactivity disorder (ADHD)
inzofresh 10 tablet,Y,NEURO CNS,Imidazopyridine Derivative,Non-benzodiazepine hypnotics (Z Compounds),Treatment of Insomnia
inspiral 5mg tablet,Y,NEURO CNS,Aralkylamine Derivative,Sympthatomimmetics-ADHD,Attention deficit hyperactivity disorder (ADHD)
ibs tablet,Y,GASTRO INTESTINAL,NA,NA,Treatment of Irritable bowel syndrome
inspiral 20mg tablet,Y,NEURO CNS,Aralkylamine Derivative,Sympthatomimmetics-ADHD,Attention deficit hyperactivity disorder (ADHD)
insed 0.5mg nasal spray,Y,NEURO CNS,Benzodiazepines Derivative,Benzodiazepines,Conscious sedation during diagnostic or therapeutic procedures
inspiral 20mg tablet sr,Y,NEURO CNS,Aralkylamine Derivative,Sympthatomimmetics-ADHD,Attention deficit hyperactivity disorder (ADHD)
indikof c syrup,Y,RESPIRATORY,NA,NA,Dry cough
inspiral 10mg tablet,Y,NEURO CNS,Aralkylamine Derivative,Sympthatomimmetics-ADHD,Attention deficit hyperactivity disorder (ADHD)
itcalms plus 5 tablet,Y,NEURO CNS,NA,NA,Treatment of Anxiety disorder
insed plus atomiser,Y,NEURO CNS,Benzodiazepines Derivative,Benzodiazepines,Conscious sedation during diagnostic or therapeutic procedures
itcalms plus 10 tablet,Y,NEURO CNS,NA,NA,Treatment of Anxiety disorder
ibirest 5mg/2.5mg tablet,Y,GASTRO INTESTINAL,NA,NA,Treatment of Irritable bowel syndrome
inzofresh 5mg tablet,Y,NEURO CNS,Imidazopyridine Derivative,Non-benzodiazepine hypnotics (Z Compounds),Treatment of Insomnia
imidiaz 10 tablet,Y,NEURO CNS,NA,NA,Depression
instacodin syrup,Y,RESPIRATORY,NA,NA,Dry cough
imipam 2 mg/25 mg tablet,Y,NEURO CNS,NA,NA,Depression
ibolib tablet,Y,GASTRO INTESTINAL,NA,NA,Treatment of Irritable bowel syndrome
iboverin 135mg/5mg tablet,Y,GASTRO INTESTINAL,NA,NA,Irritable bowel syndrome
italin plus 0.5mg/10mg tablet,Y,NEURO CNS,NA,NA,Treatment of Anxiety disorder
insomin forte 10mg tablet,Y,NEURO CNS,Benzodiazepines Derivative,Benzodiazepines,Treatment of Insomnia
italtric forte 0.5mg/10mg tablet,Y,NEURO CNS,NA,NA,Treatment of Anxiety disorder
imiz 5 mg/25 mg tablet,Y,NEURO CNS,NA,NA,Depression
ibudol 400 mg/50 mg tablet,Y,PAIN ANALGESICS,NA,NA,Pain relief
ibsol tablet,Y,GASTRO INTESTINAL,NA,NA,Irritable bowel syndrome
ibs 5mg/2.5mg tablet,Y,GASTRO INTESTINAL,NA,NA,Treatment of Irritable bowel syndrome
ivacet semi 162.5mg/18.75mg tablet,Y,PAIN ANALGESICS,NA,NA,Pain relief
ibotris 135mg/5mg tablet,Y,GASTRO INTESTINAL,NA,NA,Irritable bowel syndrome
ibsheal tablet,Y,GASTRO INTESTINAL,NA,NA,Treatment of Irritable bowel syndrome
italtric plus 0.25mg/10mg tablet,Y,NEURO CNS,NA,NA,Treatment of Anxiety disorder
inmax 375mg/37.5mg tablet,Y,PAIN ANALGESICS,NA,NA,Pain relief
ibonish 135mg/5mg tablet,Y,GASTRO INTESTINAL,NA,NA,Irritable bowel syndrome
iodol 100mg tablet,Y,PAIN ANALGESICS,Anisole Derivative,Opioids,Moderate to severe pain
imicalm 2mg/25mg tablet,Y,NEURO CNS,NA,NA,Depression
isorest 0.5mg tablet,Y,NEURO CNS,Benzodiazepines Derivative,Benzodiazepines,Treatment of Anxiety
isorex syrup,Y,RESPIRATORY,NA,NA,Dry cough
ibudol mr tablet,Y,PAIN ANALGESICS,NA,NA,Pain due to muscle spasm
idiazepam 2 injection,Y,NEURO CNS,Benzodiazepine Derivative,Benzodiazepines,Treatment of Short term anxiety
integrol p 37.5mg/325mg tablet,Y,PAIN ANALGESICS,NA,NA,Moderate to severe pain
impress a 0.25 mg/25 mg tablet,Y,NEURO CNS,NA,NA,Depression
integrol 100mg injection,Y,PAIN ANALGESICS,Anisole Derivative,Opioids,Moderate to severe pain
italin lite 0.25mg/10mg tablet,Y,NEURO CNS,NA,NA,Treatment of Anxiety disorder
imiz 2 mg/25 mg tablet,Y,NEURO CNS,NA,NA,Depression
isedaz injection,Y,NEURO CNS,Benzodiazepines Derivative,Benzodiazepines,Conscious sedation during diagnostic or therapeutic procedures
infizep 0.5mg tablet md,Y,NEURO CNS,Benzodiazepines Derivative,Benzodiazepines,Treatment of Anxiety disorder
ivydol 100mg tablet sr,Y,PAIN ANALGESICS,Anisole Derivative,Opioids,Moderate to severe pain
imodep 2 mg/25 mg tablet,Y,NEURO CNS,NA,NA,Depression
iberin 2.5mg/5mg/10mg tablet,Y,GASTRO INTESTINAL,NA,NA,Treatment of Irritable bowel syndrome
ishtram tablet,Y,PAIN ANALGESICS,NA,NA,Moderate to severe pain
imizep tablet,Y,NEURO CNS,NA,NA,Depression
igcl 0.25mg tablet,Y,NEURO CNS,Benzodiazepines Derivative,Benzodiazepines,Treatment of Anxiety disorder
idiazepam 10 injection,Y,NEURO CNS,Benzodiazepine Derivative,Benzodiazepines,Treatment of Short term anxiety
imicalm 5mg/25mg tablet,Y,NEURO CNS,NA,NA,Depression
ibu proxyvon 400 mg/65 mg capsule,Y,PAIN ANALGESICS,NA,NA,Pain relief
intraval sodium injection,Y,PAIN ANALGESICS,Ultrashort-Acting Barbituric Acid Derivative,Barbiturate,Anesthesia
incetram p 37.5mg/325mg tablet,Y,PAIN ANALGESICS,NA,NA,Moderate to severe pain
isorest 0.25mg tablet,Y,NEURO CNS,Benzodiazepines Derivative,Benzodiazepines,Treatment of Anxiety
indiaflam tps tablet,Y,PAIN ANALGESICS,NA,NA,Pain relief
idol 50mg injection,Y,PAIN ANALGESICS,Anisole Derivative,Opioids,Moderate to severe pain
icerfast p tablet,Y,PAIN ANALGESICS,NA,NA,Moderate to severe pain
itrocet-p tablet,Y,PAIN ANALGESICS,NA,NA,Moderate to severe pain
infizep 1mg tablet md,Y,NEURO CNS,Benzodiazepines Derivative,Benzodiazepines,Treatment of Anxiety disorder
impress plus 2 mg/25 mg tablet,Y,NEURO CNS,NA,NA,Depression
insonia 5mg tablet,Y,NEURO CNS,Imidazopyridine Derivative,Non-benzodiazepine hypnotics (Z Compounds),Treatment of Insomnia
iminza id 2 mg/25 mg tablet,Y,NEURO CNS,NA,NA,Depression
imprim plus 5mg/25mg tablet,Y,NEURO CNS,NA,NA,Depression
ig-calm 0.25 tablet,Y,NEURO CNS,Benzodiazepines Derivative,Benzodiazepines,Treatment of Anxiety
imprax 0.25 mg/25 mg tablet,Y,NEURO CNS,NA,NA,Depression
ibruvon forte 400 mg/65 mg capsule,Y,PAIN ANALGESICS,NA,NA,Pain relief
indep plus 25mg/10mg tablet,Y,NEURO CNS,NA,NA,Treatment of Depression
imitab plus tablet,Y,NEURO CNS,NA,NA,Depression
inflaset forte 37.5mg/325mg tablet,Y,PAIN ANALGESICS,NA,NA,Moderate to severe pain
igcl 0.5mg tablet,Y,NEURO CNS,Benzodiazepines Derivative,Benzodiazepines,Treatment of Anxiety disorder
ira plus 2mg/25mg tablet,Y,NEURO CNS,NA,NA,Depression
ibudol plus 325 mg/37.5 mg tablet,Y,PAIN ANALGESICS,NA,NA,Pain relief
inodol p 50mg/325mg tablet,Y,PAIN ANALGESICS,NA,NA,Moderate to severe pain
imedol tablet,Y,PAIN ANALGESICS,NA,NA,Pain relief
isodem 5mg tablet,Y,NEURO CNS,Imidazopyridine Derivative,Non-benzodiazepine hypnotics (Z Compounds),Treatment of Insomnia
imiglam cd 25mg/10mg tablet,Y,NEURO CNS,NA,NA,Depression
igcl st tablet,Y,NEURO CNS,NA,NA,Treatment of Anxiety disorder
indolam 0.5mg tablet,Y,NEURO CNS,Benzodiazepines Derivative,Benzodiazepines,Treatment of Anxiety
insom-zd 10mg tablet,Y,NEURO CNS,Imidazopyridine Derivative,Non-benzodiazepine hypnotics (Z Compounds),Treatment of Insomnia
itrocet 100mg injection 2ml,Y,PAIN ANALGESICS,Anisole Derivative,Opioids,Moderate to severe pain
indol 100mg injection,Y,PAIN ANALGESICS,Anisole Derivative,Opioids,Moderate to severe pain
imidep 2mg/25mg tablet,Y,NEURO CNS,NA,NA,Depression
intram plus tablet,Y,PAIN ANALGESICS,NA,NA,Pain relief
insom-zd 5mg tablet,Y,NEURO CNS,Imidazopyridine Derivative,Non-benzodiazepine hypnotics (Z Compounds),Treatment of Insomnia
imipres-c 10 tablet,Y,NEURO CNS,NA,NA,Depression
ipain 50mg injection,Y,PAIN ANALGESICS,Anisole Derivative,Opioids,Moderate to severe pain
ithiofast injection,Y,PAIN ANALGESICS,Ultrashort-Acting Barbituric Acid Derivative,Barbiturate,Anesthesia
ibudol 650mg/50mg tablet,Y,PAIN ANALGESICS,NA,NA,Pain relief
imiglam d 5mg/25mg tablet,Y,NEURO CNS,NA,NA,Depression
infizep 2mg tablet md,Y,NEURO CNS,Benzodiazepines Derivative,Benzodiazepines,Treatment of Anxiety disorder
ibitram 325 mg/37.5 mg tablet,Y,PAIN ANALGESICS,NA,NA,Pain relief
imip 5mg/25mg tablet,Y,NEURO CNS,NA,NA,Depression
ig-calm 0.5 tablet,Y,NEURO CNS,Benzodiazepines Derivative,Benzodiazepines,Treatment of Anxiety
ibibull t 325mg/37.5mg tablet,Y,PAIN ANALGESICS,NA,NA,Pain relief
intram injection,Y,PAIN ANALGESICS,Anisole Derivative,Opioids,Moderate to severe pain
icerfast p injection,Y,PAIN ANALGESICS,Anisole Derivative,Opioids,Moderate to severe pain
imnas d 2mg/25mg tablet,Y,NEURO CNS,NA,NA,Depression
indolam 0.25mg tablet,Y,NEURO CNS,Benzodiazepines Derivative,Benzodiazepines,Treatment of Anxiety
ipasdol 50mg injection,Y,PAIN ANALGESICS,Anisole Derivative,Opioids,Moderate to severe pain
imikon plus 5mg/25mg tablet,Y,NEURO CNS,NA,NA,Depression
imiglam d 2mg/25mg tablet,Y,NEURO CNS,NA,NA,Depression
imizonic plus 2 mg/25 mg tablet,Y,NEURO CNS,NA,NA,Depression
imip 2mg/25mg tablet,Y,NEURO CNS,NA,NA,Depression
impranit d 2mg/25mg tablet,Y,NEURO CNS,NA,NA,Depression
indolpara 37.5mg/350mg tablet,Y,PAIN ANALGESICS,NA,NA,Moderate to severe pain
imez 5mg/25mg tablet,Y,NEURO CNS,NA,NA,Depression
joycom plus 0.5 mg/10 mg tablet,Y,NEURO CNS,NA,NA,Treatment of Anxiety disorder
justify plus 10 tablet,Y,NEURO CNS,NA,NA,Treatment of Anxiety disorder
justify plus 5 tablet,Y,NEURO CNS,NA,NA,Treatment of Anxiety disorder
jovail plus 0.5mg/10mg tablet,Y,NEURO CNS,NA,NA,Treatment of Anxiety disorder
joynap md 0.5 tablet,Y,NEURO CNS,Benzodiazepines Derivative,Benzodiazepines,Treatment of Anxiety disorder
joliday 0.5mg tablet,Y,NEURO CNS,Benzodiazepines Derivative,Benzodiazepines,Treatment of Anxiety
judo p tablet,Y,PAIN ANALGESICS,NA,NA,Pain relief
jerocen 2mg tablet,Y,RESPIRATORY,Benzodiazepines Derivative,Benzodiazepines,Treatment of Short term anxiety
justify plus ls tablet,Y,NEURO CNS,NA,NA,Treatment of Anxiety disorder
jpdol 50mg tablet,Y,PAIN ANALGESICS,Anisole Derivative,Opioids,Moderate to severe pain
jopram plus 0.5 mg/10 mg tablet,Y,NEURO CNS,NA,NA,Treatment of Anxiety disorder
jeepam plus 0.50mg/10mg tablet,Y,NEURO CNS,NA,NA,Treatment of Anxiety disorder
jojo plus 500mg/50mg tablet,Y,PAIN ANALGESICS,NA,NA,Pain relief
jeedol p 325mg/50mg tablet,Y,PAIN ANALGESICS,NA,NA,Pain relief
juniz rds 2.5mg suppository,Y,NEURO CNS,Benzodiazepine Derivative,Benzodiazepines,Epilepsy/Seizures
jonapam plus 0.5mg/10mg tablet,Y,NEURO CNS,NA,NA,Treatment of Anxiety disorder
justsleep 2mg tablet,Y,NEURO CNS,Cyclopyrrolone Derivative,Non-benzodiazepine hypnotics (Z Compounds),Insomnia
jonapam 0.25mg tablet,Y,NEURO CNS,Benzodiazepines Derivative,Benzodiazepines,Treatment of Anxiety disorder
joliday 0.25mg tablet,Y,NEURO CNS,Benzodiazepines Derivative,Benzodiazepines,Treatment of Anxiety
juniz rds suppository 5 mg,Y,NEURO CNS,Benzodiazepine Derivative,Benzodiazepines,Epilepsy/Seizures
jiyotram p 37.5mg/325mg tablet,Y,PAIN ANALGESICS,NA,NA,Moderate to severe pain
joynap 1mg tablet,Y,NEURO CNS,Imidazopyridine Derivative,Non-benzodiazepine hypnotics (Z Compounds),Treatment of Insomnia
justsleep 1mg tablet,Y,NEURO CNS,Cyclopyrrolone Derivative,Non-benzodiazepine hypnotics (Z Compounds),Insomnia
jovail lite 0.25mg/10mg tablet,Y,NEURO CNS,NA,NA,Treatment of Anxiety disorder
jotal 10 mg/1 mg tablet,Y,NEURO CNS,NA,NA,Schizophrenia
janfresh plus 0.5mg/10mg tablet,Y,NEURO CNS,NA,NA,Treatment of Anxiety disorder
jacmod 100mg/37.5mg tablet,Y,PAIN ANALGESICS,NA,NA,Pain relief
jasoclam 0.5mg tablet,Y,NEURO CNS,Benzodiazepines Derivative,Benzodiazepines,Treatment of Anxiety disorder
joycom plus 0.5 mg/5 mg tablet,Y,NEURO CNS,NA,NA,Treatment of Anxiety disorder
jetra-p 325mg/50mg tablet,Y,PAIN ANALGESICS,NA,NA,Pain relief
judo 100mg injection,Y,PAIN ANALGESICS,Anisole Derivative,Opioids,Moderate to severe pain
jotram p 50mg/500mg tablet,Y,PAIN ANALGESICS,NA,NA,Moderate to severe pain
jorcet 37.5mg/325mg tablet,Y,PAIN ANALGESICS,NA,NA,Moderate to severe pain
jetra 50mg injection,Y,PAIN ANALGESICS,Anisole Derivative,Opioids,Moderate to severe pain
jotadol plus 37.5mg/325mg tablet,Y,PAIN ANALGESICS,NA,NA,Moderate to severe pain
jadyl expectorant,Y,RESPIRATORY,NA,NA,Dry cough
jtus-cd syrup,Y,RESPIRATORY,NA,NA,Dry cough
jomadol-p 37.5mg/325mg tablet,Y,PAIN ANALGESICS,NA,NA,Moderate to severe pain
joozeg-p 37.5mg/325mg tablet,Y,PAIN ANALGESICS,NA,NA,Moderate to severe pain
ketotram 10mg/25mg tablet,Y,PAIN ANALGESICS,NA,NA,Pain relief
klonaz es 0.5 mg/10 mg tablet,Y,NEURO CNS,NA,NA,Treatment of Anxiety disorder
klonaz 0.5mg tablet md,Y,NEURO CNS,Benzodiazepines Derivative,Benzodiazepines,Treatment of Anxiety disorder
klonaz 0.25mg tablet md,Y,NEURO CNS,Benzodiazepines Derivative,Benzodiazepines,Treatment of Anxiety disorder
kimitrip 12.5mg/5mg tablet,Y,NEURO CNS,NA,NA,Treatment of Depression
kidylinctus 1.5 mg/1.5 mg/2.5 mg syrup,Y,RESPIRATORY,NA,NA,Treatment of Dry cough
kamadol p 325mg/37.5mg tablet,Y,PAIN ANALGESICS,NA,NA,Pain relief
ketotru tablet,Y,PAIN ANALGESICS,NA,NA,Pain relief
klon 0.5mg tablet,Y,NEURO CNS,Benzodiazepines Derivative,Benzodiazepines,Treatment of Anxiety disorder
klojet 0.25mg tablet md,Y,NEURO CNS,Benzodiazepines Derivative,Benzodiazepines,Treatment of Anxiety disorder
kinedol-ef effervescent tablet,Y,PAIN ANALGESICS,NA,NA,Pain relief
kimitrip ds 25mg/10mg tablet,Y,NEURO CNS,NA,NA,Treatment of Depression
kodex 4mg/10mg syrup,Y,RESPIRATORY,NA,NA,Dry cough
kimixide tablet,Y,NEURO CNS,NA,NA,Treatment of Depression
kr u 2.5mg/5mg/10mg tablet,Y,GASTRO INTESTINAL,NA,NA,Treatment of Irritable bowel syndrome
kridol p 325 mg/37.5 mg tablet,Y,PAIN ANALGESICS,NA,NA,Pain relief
klon 0.25mg tablet,Y,NEURO CNS,Benzodiazepines Derivative,Benzodiazepines,Treatment of Anxiety disorder
klopam 1mg tablet,Y,NEURO CNS,Benzodiazepines Derivative,Benzodiazepines,Treatment of Anxiety disorder
kodin 4 mg/10 mg syrup,Y,RESPIRATORY,NA,NA,Dry cough
kivizam 10mg tablet,Y,NEURO CNS,Benzodiazepines Derivative,Benzodiazepines,Treatment of Epilepsy/Seizures
klonaz 0.5mg tablet,Y,NEURO CNS,Benzodiazepines Derivative,Benzodiazepines,Treatment of Anxiety disorder
klowin 0.5mg tablet,Y,NEURO CNS,Benzodiazepines Derivative,Benzodiazepines,Treatment of Anxiety disorder
klonopin 0.5mg tablet,Y,NEURO CNS,Benzodiazepines Derivative,Benzodiazepines,Treatment of Anxiety disorder
kivizam 5mg tablet,Y,NEURO CNS,Benzodiazepines Derivative,Benzodiazepines,Treatment of Epilepsy/Seizures
klonaz 0.25mg tablet,Y,NEURO CNS,Benzodiazepines Derivative,Benzodiazepines,Treatment of Anxiety disorder
kodex t syrup,Y,RESPIRATORY,NA,NA,Dry cough
kmr tablet,Y,PAIN ANALGESICS,NA,NA,Treatment of Severe acute pain
kolavery forte 0.5 mg/10 mg tablet,Y,NEURO CNS,NA,NA,Treatment of Anxiety disorder
kool 5mg/1mg tablet,Y,NEURO CNS,NA,NA,Schizophrenia
keolax 10mg tablet,Y,NEURO CNS,Benzodiazepines Derivative,Benzodiazepines,Treatment of Epilepsy/Seizures
klon 1mg tablet,Y,NEURO CNS,Benzodiazepines Derivative,Benzodiazepines,Treatment of Anxiety disorder
klonaz 1mg tablet,Y,NEURO CNS,Benzodiazepines Derivative,Benzodiazepines,Treatment of Anxiety disorder
kolavery 0.5mg tablet,Y,NEURO CNS,Benzodiazepines Derivative,Benzodiazepines,Treatment of Anxiety disorder
kofarest c syrup,Y,RESPIRATORY,NA,NA,Dry cough
klordize 10mg tablet,Y,NEURO CNS,Benzodiazepines Derivative,Benzodiazepines,Severe anxiety
kimixide ds tablet,Y,NEURO CNS,NA,NA,Treatment of Depression
klojet 0.5mg tablet md,Y,NEURO CNS,Benzodiazepines Derivative,Benzodiazepines,Treatment of Anxiety disorder
kramp 37.5mg/325mg tablet,Y,PAIN ANALGESICS,NA,NA,Moderate to severe pain
klocalm-plus hd tablet,Y,NEURO CNS,NA,NA,Treatment of Anxiety disorder
kdol-p 37.5mg/325mg tablet,Y,PAIN ANALGESICS,NA,NA,Moderate to severe pain
klordize tr 10mg/1mg tablet,Y,NEURO CNS,NA,NA,Schizophrenia
klon 2mg tablet,Y,NEURO CNS,Benzodiazepines Derivative,Benzodiazepines,Treatment of Anxiety disorder
kare 10mg/1mg tablet,Y,NEURO CNS,NA,NA,Schizophrenia
kidylinctus z syrup,Y,RESPIRATORY,NA,NA,Treatment of Dry cough
klocalm 0.25 tablet dt,Y,NEURO CNS,Benzodiazepines Derivative,Benzodiazepines,Treatment of Anxiety disorder
klowin 0.25mg tablet md,Y,NEURO CNS,Benzodiazepines Derivative,Benzodiazepines,Treatment of Anxiety disorder
kabizolam 1mg injection 5ml,Y,NEURO CNS,Benzodiazepines Derivative,Benzodiazepines,Conscious sedation during diagnostic or therapeutic procedures
klonaz 2mg tablet,Y,NEURO CNS,Benzodiazepines Derivative,Benzodiazepines,Treatment of Anxiety disorder
klocalm-plus tablet,Y,NEURO CNS,NA,NA,Treatment of Anxiety disorder
kufril c 4mg/10mg syrup,Y,RESPIRATORY,NA,NA,Dry cough
klocalm 0.5mg tablet,Y,NEURO CNS,Benzodiazepines Derivative,Benzodiazepines,Treatment of Anxiety disorder
kolavery 0.25mg tablet,Y,NEURO CNS,Benzodiazepines Derivative,Benzodiazepines,Treatment of Anxiety disorder
klowin plus 500mg/37.5mg tablet,Y,PAIN ANALGESICS,NA,NA,Pain relief
kamadol 100mg injection,Y,PAIN ANALGESICS,Anisole Derivative,Opioids,Moderate to severe pain
klopam 0.5mg tablet,Y,NEURO CNS,Benzodiazepines Derivative,Benzodiazepines,Treatment of Anxiety disorder
kts 10 tablet,Y,NEURO CNS,Imidazopyridine Derivative,Non-benzodiazepine hypnotics (Z Compounds),Treatment of Insomnia
konokof syrup,Y,RESPIRATORY,NA,NA,Dry cough
kinax p 0.25mg/20mg tablet,Y,NEURO CNS,NA,NA,Anxiety disorder
klowin 0.5mg tablet md,Y,NEURO CNS,Benzodiazepines Derivative,Benzodiazepines,Treatment of Anxiety disorder
kaydol 37.5mg/325mg tablet,Y,PAIN ANALGESICS,NA,NA,Moderate to severe pain
klopam plus tablet,Y,NEURO CNS,NA,NA,Treatment of Anxiety disorder
kdex n tablet,Y,PAIN ANALGESICS,NA,NA,Pain relief
klonax 0.50 tablet md,Y,NEURO CNS,Benzodiazepines Derivative,Benzodiazepines,Treatment of Epilepsy/Seizures
kaprolam 0.5mg tablet,Y,NEURO CNS,Benzodiazepines Derivative,Benzodiazepines,Treatment of Anxiety
kortyl 650mg/65mg tablet,Y,PAIN ANALGESICS,NA,NA,Pain relief
karpam 5mg tablet,Y,NEURO CNS,Benzodiazepine Derivative,Benzodiazepines,Short term anxiety
kedol p 325 mg/37.5 mg tablet,Y,PAIN ANALGESICS,NA,NA,Pain relief
koxma tag syrup,Y,PAIN ANALGESICS,Phenanthrenes Derivative,Opioids,Moderate to severe pain
klordize 25mg tablet,Y,NEURO CNS,Benzodiazepines Derivative,Benzodiazepines,Severe anxiety
klordize 5mg tablet,Y,NEURO CNS,Benzodiazepines Derivative,Benzodiazepines,Severe anxiety
kolavery 1mg tablet,Y,NEURO CNS,Benzodiazepines Derivative,Benzodiazepines,Treatment of Anxiety disorder
klojet 1mg tablet md,Y,NEURO CNS,Benzodiazepines Derivative,Benzodiazepines,Treatment of Anxiety disorder
kdex p tablet,Y,PAIN ANALGESICS,NA,NA,Pain relief
klob 5 tablet,Y,NEURO CNS,Benzodiazepines Derivative,Benzodiazepines,Treatment of Epilepsy/Seizures
klopam lite tablet,Y,NEURO CNS,NA,NA,Treatment of Anxiety disorder
keolax 5mg tablet,Y,NEURO CNS,Benzodiazepines Derivative,Benzodiazepines,Treatment of Epilepsy/Seizures
kidep dz tablet,Y,NEURO CNS,NA,NA,Depression
kamadol 50mg injection,Y,PAIN ANALGESICS,Anisole Derivative,Opioids,Moderate to severe pain
k pam 0.5mg/10mg tablet,Y,NEURO CNS,NA,NA,Treatment of Anxiety disorder
klowin 2mg tablet,Y,NEURO CNS,Benzodiazepines Derivative,Benzodiazepines,Treatment of Anxiety disorder
kodekof syrup,Y,RESPIRATORY,NA,NA,Dry cough
klob 10 tablet,Y,NEURO CNS,Benzodiazepines Derivative,Benzodiazepines,Treatment of Epilepsy/Seizures
kongesic 500 mg/10 mg tablet,Y,RESPIRATORY,NA,NA,Pain relief
kevidol 100mg injection,Y,PAIN ANALGESICS,Anisole Derivative,Opioids,Moderate to severe pain
kofzero dc syrup,Y,RESPIRATORY,NA,NA,Dry cough
kobazam 5mg tablet,Y,NEURO CNS,Benzodiazepines Derivative,Benzodiazepines,Treatment of Epilepsy/Seizures
kidep forte 5 mg/25 mg tablet,Y,NEURO CNS,NA,NA,Depression
konit 10mg tablet,Y,NEURO CNS,Benzodiazepines Derivative,Benzodiazepines,Treatment of Insomnia
kaydol 50mg/ml injection,Y,PAIN ANALGESICS,Anisole Derivative,Opioids,Moderate to severe pain
kobazam 20mg tablet,Y,NEURO CNS,Benzodiazepines Derivative,Benzodiazepines,Treatment of Epilepsy/Seizures
kedol 50mg injection,Y,PAIN ANALGESICS,Anisole Derivative,Opioids,Moderate to severe pain
kinax s 0.25mg/50mg tablet,Y,NEURO CNS,NA,NA,Depression
kobazam 10mg tablet,Y,NEURO CNS,Benzodiazepines Derivative,Benzodiazepines,Treatment of Epilepsy/Seizures
kaprolam 0.25mg tablet,Y,NEURO CNS,Benzodiazepines Derivative,Benzodiazepines,Treatment of Anxiety
klojet 2mg tablet md,Y,NEURO CNS,Benzodiazepines Derivative,Benzodiazepines,Treatment of Anxiety disorder
kodiwiz syrup,Y,RESPIRATORY,NA,NA,Dry cough
keydep-forte 0.5mg/10mg tablet,Y,NEURO CNS,NA,NA,Treatment of Anxiety disorder
kavrex syrup,Y,RESPIRATORY,NA,NA,Dry cough
kodrax 10mg tablet,Y,NEURO CNS,Benzodiazepines Derivative,Benzodiazepines,Severe anxiety
klopam 2mg tablet,Y,NEURO CNS,Benzodiazepines Derivative,Benzodiazepines,Treatment of Anxiety disorder
keydep plus 0.25mg/5mg tablet,Y,NEURO CNS,NA,NA,Treatment of Anxiety disorder
kostram p 37.5mg/325mg tablet,Y,PAIN ANALGESICS,NA,NA,Moderate to severe pain
librax 5 mg/2.5 mg tablet,Y,GASTRO INTESTINAL,NA,NA,Treatment of Irritable bowel syndrome
librium 10 tablet,Y,NEURO CNS,Benzodiazepines Derivative,Benzodiazepines,Severe anxiety
lonazep 0.25 tablet,Y,NEURO CNS,Benzodiazepines Derivative,Benzodiazepines,Treatment of Anxiety disorder
lomotil tablet,Y,GASTRO INTESTINAL,NA,NA,Diarrhea
lonazep 0.5mg tablet,Y,NEURO CNS,Benzodiazepines Derivative,Benzodiazepines,Treatment of Anxiety disorder
libotryp 12.5 mg/5 mg tablet,Y,NEURO CNS,NA,NA,Treatment of Depression
librium 25 tablet,Y,NEURO CNS,Benzodiazepines Derivative,Benzodiazepines,Severe anxiety
lopez md 2 tablet,Y,RESPIRATORY,Benzodiazepines Derivative,Benzodiazepines,Treatment of Short term anxiety
lomofen tablet,Y,GASTRO INTESTINAL,NA,NA,Diarrhea
lopez 2mg injection,Y,RESPIRATORY,Benzodiazepines Derivative,Benzodiazepines,Treatment of Status epilepticus
lonazep md 0.5 tablet,Y,NEURO CNS,Benzodiazepines Derivative,Benzodiazepines,Treatment of Anxiety disorder
lopez 2mg tablet,Y,RESPIRATORY,Benzodiazepines Derivative,Benzodiazepines,Treatment of Short term anxiety
lopez md 1 tablet,Y,RESPIRATORY,Benzodiazepines Derivative,Benzodiazepines,Treatment of Short term anxiety
librosar 10mg/1mg tablet,Y,NEURO CNS,NA,NA,Schizophrenia
libotryp ds 25 mg/10 mg tablet,Y,NEURO CNS,NA,NA,Treatment of Depression
lobazam 10mg tablet,Y,NEURO CNS,Benzodiazepines Derivative,Benzodiazepines,Treatment of Epilepsy/Seizures
lexa tablet,Y,NEURO CNS,NA,NA,Insomnia
lonazep 0.25mg tablet md,Y,NEURO CNS,Benzodiazepines Derivative,Benzodiazepines,Treatment of Anxiety disorder
lobazam 5mg tablet,Y,NEURO CNS,Benzodiazepines Derivative,Benzodiazepines,Treatment of Epilepsy/Seizures
lonazep 1mg tablet,Y,NEURO CNS,Benzodiazepines Derivative,Benzodiazepines,Treatment of Anxiety disorder
lori 5mg injection,Y,NEURO CNS,Benzodiazepine Derivative,Benzodiazepines,Treatment of Short term anxiety
lobazam md 5 tablet,Y,NEURO CNS,Benzodiazepines Derivative,Benzodiazepines,Treatment of Epilepsy/Seizures
libotryp xl 25 tablet,Y,NEURO CNS,NA,NA,Treatment of Depression
libratex tablet,Y,GASTRO INTESTINAL,NA,NA,Treatment of Irritable bowel syndrome
lam-plus tablet,Y,NEURO CNS,NA,NA,Anxiety disorder
lonapam 0.5mg tablet,Y,NEURO CNS,Benzodiazepines Derivative,Benzodiazepines,Treatment of Anxiety disorder
lopez 1mg tablet,Y,RESPIRATORY,Benzodiazepines Derivative,Benzodiazepines,Treatment of Short term anxiety
lorel 2mg tablet,Y,RESPIRATORY,Benzodiazepines Derivative,Benzodiazepines,Treatment of Short term anxiety
larpose 2mg tablet,Y,RESPIRATORY,Benzodiazepines Derivative,Benzodiazepines,Treatment of Short term anxiety
lonazep 2mg tablet,Y,NEURO CNS,Benzodiazepines Derivative,Benzodiazepines,Treatment of Anxiety disorder
lexa-h tablet,Y,NEURO CNS,NA,NA,Insomnia
librate 10mg tablet,Y,NEURO CNS,Benzodiazepines Derivative,Benzodiazepines,Severe anxiety
lorel 1mg tablet,Y,RESPIRATORY,Benzodiazepines Derivative,Benzodiazepines,Treatment of Short term anxiety
loranza 2mg tablet,Y,RESPIRATORY,Benzodiazepines Derivative,Benzodiazepines,Treatment of Short term anxiety
limbival 12.5mg/5mg tablet,Y,NEURO CNS,NA,NA,Treatment of Depression
lonapam 0.25mg tablet,Y,NEURO CNS,Benzodiazepines Derivative,Benzodiazepines,Treatment of Anxiety disorder
librolent tablet,Y,NEURO CNS,NA,NA,Schizophrenia
lorax 2mg tablet,Y,RESPIRATORY,Benzodiazepines Derivative,Benzodiazepines,Treatment of Short term anxiety
lonafest 0.5 tablet md,Y,NEURO CNS,Benzodiazepines Derivative,Benzodiazepines,Treatment of Anxiety disorder
libnam 5 mg/2.5 mg tablet,Y,GASTRO INTESTINAL,NA,NA,Treatment of Irritable bowel syndrome
loranza 1mg tablet,Y,RESPIRATORY,Benzodiazepines Derivative,Benzodiazepines,Treatment of Short term anxiety
larpose 1mg tablet,Y,RESPIRATORY,Benzodiazepines Derivative,Benzodiazepines,Treatment of Short term anxiety
loricon 2mg tablet,Y,RESPIRATORY,Benzodiazepines Derivative,Benzodiazepines,Treatment of Short term anxiety
lozep 0.5mg tablet md,Y,NEURO CNS,Benzodiazepines Derivative,Benzodiazepines,Treatment of Anxiety disorder
lobachek 10mg tablet,Y,NEURO CNS,Benzodiazepines Derivative,Benzodiazepines,Treatment of Epilepsy/Seizures
linotril 0.25mg tablet,Y,NEURO CNS,Benzodiazepines Derivative,Benzodiazepines,Treatment of Anxiety disorder
lobazam 10mg tablet md,Y,NEURO CNS,Benzodiazepines Derivative,Benzodiazepines,Treatment of Epilepsy/Seizures
lonafest 0.25mg tablet md,Y,NEURO CNS,Benzodiazepines Derivative,Benzodiazepines,Treatment of Anxiety disorder
lobachek 5mg tablet,Y,NEURO CNS,Benzodiazepines Derivative,Benzodiazepines,Treatment of Epilepsy/Seizures
loricon 1mg tablet,Y,RESPIRATORY,Benzodiazepines Derivative,Benzodiazepines,Treatment of Short term anxiety
linotril 0.5mg tablet,Y,NEURO CNS,Benzodiazepines Derivative,Benzodiazepines,Treatment of Anxiety disorder
lora 2mg injection,Y,RESPIRATORY,Benzodiazepines Derivative,Benzodiazepines,Treatment of Status epilepticus
lonazep 1mg tablet md,Y,NEURO CNS,Benzodiazepines Derivative,Benzodiazepines,Treatment of Anxiety disorder
libopil 5 mg/2.5 mg tablet,Y,GASTRO INTESTINAL,NA,NA,Treatment of Irritable bowel syndrome
linctus codeinae co syrup,Y,RESPIRATORY,NA,NA,Dry cough
lorex 1 tablet,Y,RESPIRATORY,Benzodiazepines Derivative,Benzodiazepines,Treatment of Short term anxiety
lorat 1mg tablet,Y,RESPIRATORY,Benzodiazepines Derivative,Benzodiazepines,Treatment of Short term anxiety
lonazep 1mg injection,Y,NEURO CNS,Benzodiazepines Derivative,Benzodiazepines,Treatment of Anxiety disorder
lori 2mg tablet,Y,RESPIRATORY,Benzodiazepines Derivative,Benzodiazepines,Treatment of Short term anxiety
lopez 3mg tablet,Y,RESPIRATORY,Benzodiazepines Derivative,Benzodiazepines,Treatment of Short term anxiety
luminal 30mg tablet,Y,NEURO CNS,Barbituric Acid Derivative,Barbiturate,Epilepsy/Seizures
loxum 2 tablet,Y,RESPIRATORY,Benzodiazepines Derivative,Benzodiazepines,Treatment of Short term anxiety
lozep 2 tablet,Y,RESPIRATORY,Benzodiazepines Derivative,Benzodiazepines,Treatment of Short term anxiety
lam 0.5mg tablet,Y,NEURO CNS,Benzodiazepines Derivative,Benzodiazepines,Treatment of Anxiety
loraz 2mg tablet,Y,RESPIRATORY,Benzodiazepines Derivative,Benzodiazepines,Treatment of Short term anxiety
login 2mg tablet,Y,RESPIRATORY,Benzodiazepines Derivative,Benzodiazepines,Treatment of Short term anxiety
librate 25mg tablet,Y,NEURO CNS,Benzodiazepines Derivative,Benzodiazepines,Severe anxiety
lam plus h tablet,Y,NEURO CNS,NA,NA,Anxiety disorder
lozep 2mg tablet,Y,NEURO CNS,Benzodiazepines Derivative,Benzodiazepines,Treatment of Anxiety disorder
libocalm 1 mg/10 mg tablet,Y,NEURO CNS,NA,NA,Schizophrenia
lozep 1mg tablet,Y,NEURO CNS,Benzodiazepines Derivative,Benzodiazepines,Treatment of Anxiety disorder
limbival forte 25mg/10mg tablet,Y,NEURO CNS,NA,NA,Treatment of Depression
logen 0.5mg tablet md,Y,NEURO CNS,Benzodiazepines Derivative,Benzodiazepines,Treatment of Anxiety disorder
libral 12.5 mg/5 mg tablet,Y,NEURO CNS,NA,NA,Treatment of Depression
lorazam 2mg tablet,Y,RESPIRATORY,Benzodiazepines Derivative,Benzodiazepines,Treatment of Short term anxiety
lonator md 0.5mg tablet,Y,NEURO CNS,Benzodiazepines Derivative,Benzodiazepines,Treatment of Anxiety disorder
lored 2 tablet,Y,RESPIRATORY,Benzodiazepines Derivative,Benzodiazepines,Treatment of Short term anxiety
lorax 1mg tablet,Y,RESPIRATORY,Benzodiazepines Derivative,Benzodiazepines,Treatment of Short term anxiety
loraz 1mg tablet,Y,RESPIRATORY,Benzodiazepines Derivative,Benzodiazepines,Treatment of Short term anxiety
loripam 2mg tablet,Y,RESPIRATORY,Benzodiazepines Derivative,Benzodiazepines,Treatment of Short term anxiety
lobacor 10mg tablet md,Y,NEURO CNS,Benzodiazepines Derivative,Benzodiazepines,Treatment of Epilepsy/Seizures
lonafest p 0.25mg/10mg tablet,Y,NEURO CNS,NA,NA,Treatment of Anxiety disorder
lupigesic-old 0.3mg injection,Y,NEURO CNS,Phenanthrenes Derivatives,Opioids- Partial agonist,Moderate to severe pain
lorax 0.5 tablet,Y,RESPIRATORY,Benzodiazepines Derivative,Benzodiazepines,Treatment of Short term anxiety
lobacor 5mg tablet md,Y,NEURO CNS,Benzodiazepines Derivative,Benzodiazepines,Treatment of Epilepsy/Seizures
loxum 0.5mg tablet,Y,RESPIRATORY,Benzodiazepines Derivative,Benzodiazepines,Treatment of Short term anxiety
leerex syrup,Y,RESPIRATORY,NA,NA,Dry cough
lopam 1mg tablet,Y,RESPIRATORY,Benzodiazepines Derivative,Benzodiazepines,Treatment of Short term anxiety
livtril 0.5mg tablet md,Y,NEURO CNS,Benzodiazepines Derivative,Benzodiazepines,Treatment of Anxiety disorder
lopam 2mg tablet,Y,RESPIRATORY,Benzodiazepines Derivative,Benzodiazepines,Treatment of Short term anxiety
lam plus h 0.25 mg/10 mg tablet,Y,NEURO CNS,NA,NA,Anxiety disorder
lozipam 2mg tablet,Y,RESPIRATORY,Benzodiazepines Derivative,Benzodiazepines,Treatment of Short term anxiety
lorame 2mg tablet,Y,RESPIRATORY,Benzodiazepines Derivative,Benzodiazepines,Treatment of Short term anxiety
lonna 0.5mg tablet,Y,NEURO CNS,Benzodiazepines Derivative,Benzodiazepines,Treatment of Anxiety disorder
lzepam 1mg tablet,Y,RESPIRATORY,Benzodiazepines Derivative,Benzodiazepines,Treatment of Short term anxiety
loxum 1 tablet,Y,RESPIRATORY,Benzodiazepines Derivative,Benzodiazepines,Treatment of Short term anxiety
loprazam plus tablet,Y,NEURO CNS,NA,NA,Treatment of Anxiety disorder
librin-c 5mg/2.5mg tablet,Y,GASTRO INTESTINAL,NA,NA,Treatment of Irritable bowel syndrome
lozipam 1mg tablet,Y,RESPIRATORY,Benzodiazepines Derivative,Benzodiazepines,Treatment of Short term anxiety
loren 2mg tablet,Y,RESPIRATORY,Benzodiazepines Derivative,Benzodiazepines,Treatment of Short term anxiety
lorawel 1mg tablet,Y,RESPIRATORY,Benzodiazepines Derivative,Benzodiazepines,Treatment of Short term anxiety
lypin 10mg tablet,Y,NEURO CNS,Imidazopyridine Derivative,Non-benzodiazepine hypnotics (Z Compounds),Treatment of Insomnia
lonazep 2mg tablet md,Y,NEURO CNS,Benzodiazepines Derivative,Benzodiazepines,Treatment of Anxiety disorder
lona 0.5mg tablet,Y,NEURO CNS,Benzodiazepines Derivative,Benzodiazepines,Treatment of Anxiety disorder
lonator md 0.25mg tablet,Y,NEURO CNS,Benzodiazepines Derivative,Benzodiazepines,Treatment of Anxiety disorder
libromeg 5mg/2.5mg tablet,Y,GASTRO INTESTINAL,NA,NA,Treatment of Irritable bowel syndrome
liftopram plus 5 tablet,Y,NEURO CNS,NA,NA,Treatment of Anxiety disorder
linotril 1mg tablet,Y,NEURO CNS,Benzodiazepines Derivative,Benzodiazepines,Treatment of Anxiety disorder
limbitrol h 12.5 mg/5 mg tablet,Y,NEURO CNS,NA,NA,Treatment of Depression
lonapil 0.5mg tablet md,Y,NEURO CNS,Benzodiazepines Derivative,Benzodiazepines,Treatment of Anxiety disorder
lova 5mg tablet,Y,NEURO CNS,Benzodiazepines Derivative,Benzodiazepines,Treatment of Epilepsy/Seizures
loren 1mg tablet,Y,RESPIRATORY,Benzodiazepines Derivative,Benzodiazepines,Treatment of Short term anxiety
lincotuss 15mg syrup,Y,RESPIRATORY,Phenanthrenes Derivative,Opioids,Treatment of Moderate to severe pain
lored 1mg tablet,Y,RESPIRATORY,Benzodiazepines Derivative,Benzodiazepines,Treatment of Short term anxiety
l. pam 2mg tablet,Y,RESPIRATORY,Benzodiazepines Derivative,Benzodiazepines,Treatment of Short term anxiety
lobazam 2.5mg tablet md,Y,NEURO CNS,Benzodiazepines Derivative,Benzodiazepines,Treatment of Epilepsy/Seizures
lorazen tablet,Y,RESPIRATORY,Benzodiazepines Derivative,Benzodiazepines,Treatment of Short term anxiety
lobazam 20mg tablet,Y,NEURO CNS,Benzodiazepines Derivative,Benzodiazepines,Treatment of Epilepsy/Seizures
lorivan 1mg tablet,Y,RESPIRATORY,Benzodiazepines Derivative,Benzodiazepines,Treatment of Short term anxiety
lok 2mg tablet,Y,RESPIRATORY,Benzodiazepines Derivative,Benzodiazepines,Treatment of Short term anxiety
larox 2mg tablet,Y,RESPIRATORY,Benzodiazepines Derivative,Benzodiazepines,Treatment of Short term anxiety
loripam 1mg tablet,Y,RESPIRATORY,Benzodiazepines Derivative,Benzodiazepines,Treatment of Short term anxiety
lorawel 2mg tablet,Y,RESPIRATORY,Benzodiazepines Derivative,Benzodiazepines,Treatment of Short term anxiety
lonapam 1mg tablet,Y,NEURO CNS,Benzodiazepines Derivative,Benzodiazepines,Treatment of Anxiety disorder
loranxit 1mg tablet,Y,RESPIRATORY,Benzodiazepines Derivative,Benzodiazepines,Treatment of Short term anxiety
lonapam 2mg tablet,Y,NEURO CNS,Benzodiazepines Derivative,Benzodiazepines,Treatment of Anxiety disorder
loricalm 2mg tablet,Y,RESPIRATORY,Benzodiazepines Derivative,Benzodiazepines,Treatment of Short term anxiety
loract 1mg tablet,Y,RESPIRATORY,Benzodiazepines Derivative,Benzodiazepines,Treatment of Short term anxiety
lam 0.25mg tablet,Y,NEURO CNS,Benzodiazepines Derivative,Benzodiazepines,Treatment of Anxiety
lonafest 1mg tablet md,Y,NEURO CNS,Benzodiazepines Derivative,Benzodiazepines,Treatment of Anxiety disorder
loresta 2mg tablet,Y,RESPIRATORY,Benzodiazepines Derivative,Benzodiazepines,Treatment of Short term anxiety
libzide 5mg/2.5mg tablet,Y,GASTRO INTESTINAL,NA,NA,Treatment of Irritable bowel syndrome
lonacen 0.5mg tablet md,Y,NEURO CNS,Benzodiazepines Derivative,Benzodiazepines,Treatment of Anxiety disorder
loranxit 2mg tablet,Y,RESPIRATORY,Benzodiazepines Derivative,Benzodiazepines,Treatment of Short term anxiety
lorel injection,Y,RESPIRATORY,Benzodiazepines Derivative,Benzodiazepines,Treatment of Status epilepticus
lanxtra 1mg tablet md,Y,RESPIRATORY,Benzodiazepines Derivative,Benzodiazepines,Treatment of Short term anxiety
lozem 1mg tablet,Y,RESPIRATORY,Benzodiazepines Derivative,Benzodiazepines,Treatment of Short term anxiety
limbicon forte 25mg/10mg tablet,Y,NEURO CNS,NA,NA,Treatment of Depression
lonafest p 0.5mg/20mg tablet,Y,NEURO CNS,NA,NA,Treatment of Anxiety disorder
lycedep-plus tablet,Y,NEURO CNS,NA,NA,Treatment of Anxiety disorder
lobasan 5mg tablet,Y,NEURO CNS,Benzodiazepines Derivative,Benzodiazepines,Treatment of Epilepsy/Seizures
librin 25mg tablet,Y,NEURO CNS,Benzodiazepines Derivative,Benzodiazepines,Severe anxiety
logirex 5 mg/2.5 mg tablet,Y,GASTRO INTESTINAL,NA,NA,Treatment of Irritable bowel syndrome
lanxtra 2mg tablet md,Y,RESPIRATORY,Benzodiazepines Derivative,Benzodiazepines,Treatment of Short term anxiety
lorapax 2mg tablet,Y,RESPIRATORY,Benzodiazepines Derivative,Benzodiazepines,Treatment of Short term anxiety
lorcin 2mg tablet,Y,RESPIRATORY,Benzodiazepines Derivative,Benzodiazepines,Treatment of Short term anxiety
loract 2mg tablet,Y,RESPIRATORY,Benzodiazepines Derivative,Benzodiazepines,Treatment of Short term anxiety
lotranz 2mg tablet,Y,RESPIRATORY,Benzodiazepines Derivative,Benzodiazepines,Treatment of Short term anxiety
loraz 2mg injection,Y,RESPIRATORY,Benzodiazepines Derivative,Benzodiazepines,Treatment of Status epilepticus
lobaz 10mg tablet,Y,NEURO CNS,Benzodiazepines Derivative,Benzodiazepines,Treatment of Epilepsy/Seizures
lavicloxide-h tablet,Y,NEURO CNS,NA,NA,Treatment of Depression
lorpez 2mg tablet,Y,RESPIRATORY,Benzodiazepines Derivative,Benzodiazepines,Treatment of Short term anxiety
loralite 2mg tablet,Y,RESPIRATORY,Benzodiazepines Derivative,Benzodiazepines,Treatment of Short term anxiety
lypin 5mg tablet,Y,NEURO CNS,Imidazopyridine Derivative,Non-benzodiazepine hypnotics (Z Compounds),Treatment of Insomnia
lobazam 2.5 tablet,Y,NEURO CNS,Benzodiazepines Derivative,Benzodiazepines,Treatment of Epilepsy/Seizures
lirium 10 tablet,Y,NEURO CNS,Benzodiazepines Derivative,Benzodiazepines,Severe anxiety
larpoz 2mg tablet,Y,RESPIRATORY,Benzodiazepines Derivative,Benzodiazepines,Treatment of Short term anxiety
lemoxin tablet,Y,GASTRO INTESTINAL,NA,NA,Treatment of Irritable bowel syndrome
loxum 3mg tablet,Y,RESPIRATORY,Benzodiazepines Derivative,Benzodiazepines,Treatment of Short term anxiety
lorez 1mg tablet,Y,RESPIRATORY,Benzodiazepines Derivative,Benzodiazepines,Treatment of Short term anxiety
lorajet 2mg tablet,Y,RESPIRATORY,Benzodiazepines Derivative,Benzodiazepines,Treatment of Short term anxiety
lopax 2mg tablet,Y,RESPIRATORY,Benzodiazepines Derivative,Benzodiazepines,Treatment of Short term anxiety
loprazam forte tablet,Y,NEURO CNS,NA,NA,Treatment of Anxiety disorder
lotranz 1mg tablet,Y,RESPIRATORY,Benzodiazepines Derivative,Benzodiazepines,Treatment of Short term anxiety
loricalm 1mg tablet,Y,RESPIRATORY,Benzodiazepines Derivative,Benzodiazepines,Treatment of Short term anxiety
linotril 2mg tablet,Y,NEURO CNS,Benzodiazepines Derivative,Benzodiazepines,Treatment of Anxiety disorder
leadpram-ls tablet,Y,NEURO CNS,NA,NA,Treatment of Anxiety disorder
lormac 1mg tablet,Y,RESPIRATORY,Benzodiazepines Derivative,Benzodiazepines,Treatment of Short term anxiety
lipox plus tablet,Y,GASTRO INTESTINAL,NA,NA,Treatment of Irritable bowel syndrome
lorseil 2mg tablet,Y,RESPIRATORY,Benzodiazepines Derivative,Benzodiazepines,Treatment of Short term anxiety
lorseil 1 tablet,Y,RESPIRATORY,Benzodiazepines Derivative,Benzodiazepines,Treatment of Short term anxiety
loram 2mg tablet,Y,RESPIRATORY,Benzodiazepines Derivative,Benzodiazepines,Treatment of Short term anxiety
lonavib 0.5 tablet md,Y,NEURO CNS,Benzodiazepines Derivative,Benzodiazepines,Treatment of Anxiety disorder
lipox 5mg/2.5mg tablet,Y,GASTRO INTESTINAL,NA,NA,Treatment of Irritable bowel syndrome
lexatal c 0.5mg/10mg tablet,Y,NEURO CNS,NA,NA,Treatment of Anxiety disorder
locest 2mg tablet,Y,RESPIRATORY,Benzodiazepines Derivative,Benzodiazepines,Treatment of Short term anxiety
larox 1mg tablet,Y,RESPIRATORY,Benzodiazepines Derivative,Benzodiazepines,Treatment of Short term anxiety
larox 2 tablet,Y,RESPIRATORY,Benzodiazepines Derivative,Benzodiazepines,Treatment of Short term anxiety
librin 10mg tablet,Y,NEURO CNS,Benzodiazepines Derivative,Benzodiazepines,Severe anxiety
librotop 10mg/1mg tablet,Y,NEURO CNS,NA,NA,Schizophrenia
libomin tablet,Y,NEURO CNS,NA,NA,Depression
lornate 2mg tablet,Y,RESPIRATORY,Benzodiazepines Derivative,Benzodiazepines,Treatment of Short term anxiety
lexadep ax tablet,Y,NEURO CNS,NA,NA,Treatment of Anxiety disorder
loracalm 1mg tablet,Y,RESPIRATORY,Benzodiazepines Derivative,Benzodiazepines,Treatment of Short term anxiety
libroscan tablet,Y,GASTRO INTESTINAL,NA,NA,Treatment of Irritable bowel syndrome
lozem 2mg tablet,Y,RESPIRATORY,Benzodiazepines Derivative,Benzodiazepines,Treatment of Short term anxiety
lorvan 1mg tablet,Y,RESPIRATORY,Benzodiazepines Derivative,Benzodiazepines,Treatment of Short term anxiety
lupizep plus 12.5 mg/0.5 mg tablet,Y,NEURO CNS,NA,NA,Depression
lorpez 1mg tablet,Y,RESPIRATORY,Benzodiazepines Derivative,Benzodiazepines,Treatment of Short term anxiety
livtril-md 0.25 tablet,Y,NEURO CNS,Benzodiazepines Derivative,Benzodiazepines,Treatment of Anxiety disorder
lonipax 0.5mg tablet md,Y,NEURO CNS,Benzodiazepines Derivative,Benzodiazepines,Treatment of Anxiety disorder
larpoz 1mg tablet,Y,RESPIRATORY,Benzodiazepines Derivative,Benzodiazepines,Treatment of Short term anxiety
lonawel 0.5mg tablet,Y,NEURO CNS,Benzodiazepines Derivative,Benzodiazepines,Treatment of Anxiety disorder
livtril-pro tablet,Y,NEURO CNS,NA,NA,Treatment of Anxiety disorder
liberta 0.25mg tablet,Y,NEURO CNS,Benzodiazepines Derivative,Benzodiazepines,Treatment of Anxiety disorder
loram 1mg tablet,Y,RESPIRATORY,Benzodiazepines Derivative,Benzodiazepines,Treatment of Short term anxiety
lg para t 325mg/37.5mg tablet,Y,PAIN ANALGESICS,NA,NA,Pain relief
lam la 0.5mg tablet,Y,NEURO CNS,Benzodiazepines Derivative,Benzodiazepines,Treatment of Anxiety
lonazit plus 0.5mg/10mg tablet,Y,NEURO CNS,NA,NA,Treatment of Anxiety disorder
lobain 400mg/65mg capsule,Y,PAIN ANALGESICS,NA,NA,Pain relief
loritoss 2 tablet,Y,RESPIRATORY,Benzodiazepines Derivative,Benzodiazepines,Treatment of Short term anxiety
lonapil 0.25mg tablet md,Y,NEURO CNS,Benzodiazepines Derivative,Benzodiazepines,Treatment of Anxiety disorder
lorazen injection,Y,RESPIRATORY,Benzodiazepines Derivative,Benzodiazepines,Treatment of Status epilepticus
leadpram-plus tablet,Y,NEURO CNS,NA,NA,Treatment of Anxiety disorder
lorazine 2mg tablet,Y,RESPIRATORY,Benzodiazepines Derivative,Benzodiazepines,Treatment of Short term anxiety
lorpik 2mg tablet,Y,RESPIRATORY,Benzodiazepines Derivative,Benzodiazepines,Treatment of Short term anxiety
loratop 2mg tablet,Y,RESPIRATORY,Benzodiazepines Derivative,Benzodiazepines,Treatment of Short term anxiety
lotweet 2mg tablet,Y,RESPIRATORY,Benzodiazepines Derivative,Benzodiazepines,Treatment of Short term anxiety
lexipram plus tablet,Y,NEURO CNS,NA,NA,Treatment of Anxiety disorder
lobaz 5mg tablet,Y,NEURO CNS,Benzodiazepines Derivative,Benzodiazepines,Treatment of Epilepsy/Seizures
lexatal c 0.5mg/5mg tablet,Y,NEURO CNS,NA,NA,Treatment of Anxiety disorder
lobatric 5mg tablet,Y,NEURO CNS,Benzodiazepines Derivative,Benzodiazepines,Treatment of Epilepsy/Seizures
losarum h 0.5mg/10mg tablet,Y,NEURO CNS,NA,NA,Treatment of Anxiety disorder
lorapax 1mg tablet,Y,RESPIRATORY,Benzodiazepines Derivative,Benzodiazepines,Treatment of Short term anxiety
lona 1mg tablet,Y,NEURO CNS,Benzodiazepines Derivative,Benzodiazepines,Treatment of Anxiety disorder
lexipram forte tablet,Y,NEURO CNS,NA,NA,Treatment of Anxiety disorder
libropar 10mg/1mg tablet,Y,NEURO CNS,NA,NA,Schizophrenia
lorax 3 tablet,Y,RESPIRATORY,Benzodiazepines Derivative,Benzodiazepines,Treatment of Short term anxiety
lobatric 10mg tablet,Y,NEURO CNS,Benzodiazepines Derivative,Benzodiazepines,Treatment of Epilepsy/Seizures
lexopram c 0.5mg/10mg tablet,Y,NEURO CNS,NA,NA,Treatment of Anxiety disorder
lycalm 0.5mg tablet,Y,NEURO CNS,Benzodiazepines Derivative,Benzodiazepines,Treatment of Anxiety
lonafest 2mg tablet md,Y,NEURO CNS,Benzodiazepines Derivative,Benzodiazepines,Treatment of Anxiety disorder
librin t 10mg/1mg tablet,Y,NEURO CNS,NA,NA,Schizophrenia
liberta 1mg tablet,Y,NEURO CNS,Benzodiazepines Derivative,Benzodiazepines,Treatment of Anxiety disorder
lotril 0.25mg tablet,Y,NEURO CNS,Benzodiazepines Derivative,Benzodiazepines,Treatment of Anxiety disorder
lok acid 40mg injection,Y,RESPIRATORY,Benzodiazepines Derivative,Benzodiazepines,Treatment of Status epilepticus
lotweet 1mg tablet,Y,RESPIRATORY,Benzodiazepines Derivative,Benzodiazepines,Treatment of Short term anxiety
lorvin 2mg tablet,Y,RESPIRATORY,Benzodiazepines Derivative,Benzodiazepines,Treatment of Short term anxiety
lornate 1mg tablet,Y,RESPIRATORY,Benzodiazepines Derivative,Benzodiazepines,Treatment of Short term anxiety
lorim 1 tablet,Y,RESPIRATORY,Benzodiazepines Derivative,Benzodiazepines,Treatment of Short term anxiety
lipidem 5mg tablet,Y,NEURO CNS,Imidazopyridine Derivative,Non-benzodiazepine hypnotics (Z Compounds),Treatment of Insomnia
lorim 2 tablet,Y,RESPIRATORY,Benzodiazepines Derivative,Benzodiazepines,Treatment of Short term anxiety
luzon 2 tablet,Y,RESPIRATORY,Benzodiazepines Derivative,Benzodiazepines,Treatment of Short term anxiety
lorpose 2mg tablet,Y,RESPIRATORY,Benzodiazepines Derivative,Benzodiazepines,Treatment of Short term anxiety
lyzop 7.5mg tablet,Y,NEURO CNS,Cyclopyrrolone Derivative,Non-benzodiazepine hypnotics (Z Compounds),Treatment of Insomnia
lozevi 2mg tablet md,Y,RESPIRATORY,Benzodiazepines Derivative,Benzodiazepines,Treatment of Short term anxiety
lobazam 7.5mg tablet,Y,NEURO CNS,Benzodiazepines Derivative,Benzodiazepines,Treatment of Epilepsy/Seizures
loralite 1mg tablet,Y,RESPIRATORY,Benzodiazepines Derivative,Benzodiazepines,Treatment of Short term anxiety
lonazit 0.5mg tablet md,Y,NEURO CNS,Benzodiazepines Derivative,Benzodiazepines,Treatment of Anxiety disorder
loratrix 1 tablet,Y,RESPIRATORY,Benzodiazepines Derivative,Benzodiazepines,Treatment of Short term anxiety
lormac 2mg tablet,Y,RESPIRATORY,Benzodiazepines Derivative,Benzodiazepines,Treatment of Short term anxiety
leksobrain 0.25mg/5mg tablet,Y,NEURO CNS,NA,NA,Treatment of Anxiety disorder
lorzep 1mg tablet,Y,RESPIRATORY,Benzodiazepines Derivative,Benzodiazepines,Treatment of Short term anxiety
l. pam 1mg tablet,Y,RESPIRATORY,Benzodiazepines Derivative,Benzodiazepines,Treatment of Short term anxiety
liftol forte tablet,Y,NEURO CNS,NA,NA,Treatment of Anxiety disorder
lipidem 10mg tablet,Y,NEURO CNS,Imidazopyridine Derivative,Non-benzodiazepine hypnotics (Z Compounds),Treatment of Insomnia
loral plus 0.25mg/25mg tablet,Y,NEURO CNS,NA,NA,Depression
lorsco 2mg tablet,Y,RESPIRATORY,Benzodiazepines Derivative,Benzodiazepines,Treatment of Short term anxiety
loracalm 2mg tablet,Y,RESPIRATORY,Benzodiazepines Derivative,Benzodiazepines,Treatment of Short term anxiety
lafaxa c 50mg/0.5mg tablet,Y,NEURO CNS,NA,NA,Treatment of Depression
lorpam 2mg tablet,Y,RESPIRATORY,Benzodiazepines Derivative,Benzodiazepines,Treatment of Short term anxiety
lornate 0.5mg tablet,Y,RESPIRATORY,Benzodiazepines Derivative,Benzodiazepines,Treatment of Short term anxiety
lotranz 4mg tablet,Y,RESPIRATORY,Benzodiazepines Derivative,Benzodiazepines,Treatment of Short term anxiety
litcoff c syrup,Y,RESPIRATORY,NA,NA,Dry cough
luzon 2.5 tablet,Y,RESPIRATORY,Benzodiazepines Derivative,Benzodiazepines,Treatment of Short term anxiety
liftense md 0.5 tablet,Y,NEURO CNS,Benzodiazepines Derivative,Benzodiazepines,Treatment of Anxiety disorder
lupizep plus 25 mg/0.5 mg tablet,Y,NEURO CNS,NA,NA,Depression
lopax 1mg tablet,Y,RESPIRATORY,Benzodiazepines Derivative,Benzodiazepines,Treatment of Short term anxiety
lopitas 10mg tablet,Y,NEURO CNS,Imidazopyridine Derivative,Non-benzodiazepine hypnotics (Z Compounds),Treatment of Insomnia
libsana 5mg/2.5mg tablet,Y,GASTRO INTESTINAL,NA,NA,Treatment of Irritable bowel syndrome
lonacen 0.25mg tablet md,Y,NEURO CNS,Benzodiazepines Derivative,Benzodiazepines,Treatment of Anxiety disorder
librel 10mg tablet,Y,NEURO CNS,Benzodiazepines Derivative,Benzodiazepines,Severe anxiety
lezi 0.5mg/10mg tablet,Y,NEURO CNS,NA,NA,Treatment of Anxiety disorder
lozamat 10mg tablet,Y,NEURO CNS,Benzodiazepines Derivative,Benzodiazepines,Treatment of Epilepsy/Seizures
librocan 10mg/1mg tablet,Y,NEURO CNS,NA,NA,Schizophrenia
lonipax 0.25mg tablet md,Y,NEURO CNS,Benzodiazepines Derivative,Benzodiazepines,Treatment of Anxiety disorder
lobaone 10mg tablet md,Y,NEURO CNS,Benzodiazepines Derivative,Benzodiazepines,Treatment of Epilepsy/Seizures
lzepam 2mg tablet,Y,RESPIRATORY,Benzodiazepines Derivative,Benzodiazepines,Treatment of Short term anxiety
loratop 1mg tablet,Y,RESPIRATORY,Benzodiazepines Derivative,Benzodiazepines,Treatment of Short term anxiety
liberta 0.5 mg tablet,Y,NEURO CNS,Benzodiazepines Derivative,Benzodiazepines,Treatment of Anxiety disorder
loriv 2mg tablet,Y,RESPIRATORY,Benzodiazepines Derivative,Benzodiazepines,Treatment of Short term anxiety
librodep 12.5mg/5mg tablet,Y,NEURO CNS,NA,NA,Treatment of Depression
lozipam injection,Y,RESPIRATORY,Benzodiazepines Derivative,Benzodiazepines,Treatment of Status epilepticus
lonacen 1mg tablet md,Y,NEURO CNS,Benzodiazepines Derivative,Benzodiazepines,Treatment of Anxiety disorder
librospas 5mg/12.5mg tablet,Y,GASTRO INTESTINAL,NA,NA,Treatment of Irritable bowel syndrome
libsana forte 2.5mg/5mg/10mg tablet,Y,GASTRO INTESTINAL,NA,NA,Treatment of Irritable bowel syndrome
l. pam 3mg tablet,Y,RESPIRATORY,Benzodiazepines Derivative,Benzodiazepines,Treatment of Short term anxiety
lytra p 37.5mg/325mg tablet,Y,PAIN ANALGESICS,NA,NA,Moderate to severe pain
lpam 2mg tablet,Y,RESPIRATORY,Benzodiazepines Derivative,Benzodiazepines,Treatment of Short term anxiety
lorpik 1mg tablet,Y,RESPIRATORY,Benzodiazepines Derivative,Benzodiazepines,Treatment of Short term anxiety
l cetree tablet,Y,NEURO CNS,NA,NA,Depression
larotyl plus 12.5mg/5mg tablet,Y,NEURO CNS,NA,NA,Treatment of Depression
lorcin 1mg tablet,Y,RESPIRATORY,Benzodiazepines Derivative,Benzodiazepines,Treatment of Short term anxiety
lexatal c ls 0.25mg/10mg tablet,Y,NEURO CNS,NA,NA,Treatment of Anxiety disorder
l peez s 0.25 mg/25 mg tablet,Y,NEURO CNS,NA,NA,Depression
lorasys 1mg tablet,Y,RESPIRATORY,Benzodiazepines Derivative,Benzodiazepines,Treatment of Short term anxiety
loresta 1mg tablet,Y,RESPIRATORY,Benzodiazepines Derivative,Benzodiazepines,Treatment of Short term anxiety
lobaone 5mg tablet md,Y,NEURO CNS,Benzodiazepines Derivative,Benzodiazepines,Treatment of Epilepsy/Seizures
losed 2mg tablet,Y,RESPIRATORY,Benzodiazepines Derivative,Benzodiazepines,Treatment of Short term anxiety
liftense 0.25mg tablet dt,Y,NEURO CNS,Benzodiazepines Derivative,Benzodiazepines,Treatment of Anxiety disorder
luzon 1 tablet,Y,RESPIRATORY,Benzodiazepines Derivative,Benzodiazepines,Treatment of Short term anxiety
lorpam 1mg tablet,Y,RESPIRATORY,Benzodiazepines Derivative,Benzodiazepines,Treatment of Short term anxiety
lorvin 1mg tablet,Y,RESPIRATORY,Benzodiazepines Derivative,Benzodiazepines,Treatment of Short term anxiety
loranza injection,Y,RESPIRATORY,Benzodiazepines Derivative,Benzodiazepines,Treatment of Status epilepticus
laptol 30mg injection,Y,PAIN ANALGESICS,Benzomorphan Derivatives,Opioids,Moderate to severe pain
losed 1mg tablet md,Y,RESPIRATORY,Benzodiazepines Derivative,Benzodiazepines,Treatment of Short term anxiety
lagesic injection,Y,PAIN ANALGESICS,Anisole Derivative,Opioids,Moderate to severe pain
lonipax 0.5mg tablet,Y,NEURO CNS,Benzodiazepines Derivative,Benzodiazepines,Treatment of Anxiety disorder
lonadep 0.5mg tablet md,Y,NEURO CNS,Benzodiazepines Derivative,Benzodiazepines,Treatment of Anxiety disorder
lorawel injection,Y,RESPIRATORY,Benzodiazepines Derivative,Benzodiazepines,Treatment of Status epilepticus
loracord 2mg injection,Y,RESPIRATORY,Benzodiazepines Derivative,Benzodiazepines,Treatment of Status epilepticus
latiron plus 12.5mg/5mg tablet,Y,NEURO CNS,NA,NA,Treatment of Depression
libral kid tablet,Y,NEURO CNS,NA,NA,Treatment of Depression
lecof-c syrup,Y,RESPIRATORY,NA,NA,Dry cough
larox 1 tablet,Y,RESPIRATORY,Benzodiazepines Derivative,Benzodiazepines,Treatment of Short term anxiety
lozamat 5mg tablet,Y,NEURO CNS,Benzodiazepines Derivative,Benzodiazepines,Treatment of Epilepsy/Seizures
lexidep plus 0.5mg/10mg tablet,Y,NEURO CNS,NA,NA,Treatment of Anxiety disorder
lodiv 2mg tablet md,Y,RESPIRATORY,Benzodiazepines Derivative,Benzodiazepines,Treatment of Short term anxiety
lobopill 10mg tablet,Y,NEURO CNS,Benzodiazepines Derivative,Benzodiazepines,Treatment of Epilepsy/Seizures
lebero tablet,Y,GASTRO INTESTINAL,NA,NA,Treatment of Irritable bowel syndrome
lodiv 1mg tablet md,Y,RESPIRATORY,Benzodiazepines Derivative,Benzodiazepines,Treatment of Short term anxiety
lonin 0.5mg tablet,Y,NEURO CNS,Benzodiazepines Derivative,Benzodiazepines,Treatment of Anxiety disorder
lampoz 0.25mg tablet,Y,NEURO CNS,Benzodiazepines Derivative,Benzodiazepines,Treatment of Anxiety
lonapro 0.5mg/20mg tablet,Y,NEURO CNS,NA,NA,Treatment of Anxiety disorder
linam forte 25mg/10mg tablet,Y,NEURO CNS,NA,NA,Treatment of Depression
lavizolam p 0.25mg/20mg tablet,Y,NEURO CNS,NA,NA,Anxiety disorder
luctus 10mg tablet,Y,NEURO CNS,Imidazopyridine Derivative,Non-benzodiazepine hypnotics (Z Compounds),Treatment of Insomnia
lobopill 5mg tablet,Y,NEURO CNS,Benzodiazepines Derivative,Benzodiazepines,Treatment of Epilepsy/Seizures
lonin 2mg tablet,Y,NEURO CNS,Benzodiazepines Derivative,Benzodiazepines,Treatment of Anxiety disorder
lonacen 2mg tablet md,Y,NEURO CNS,Benzodiazepines Derivative,Benzodiazepines,Treatment of Anxiety disorder
loratop 3mg tablet,Y,RESPIRATORY,Benzodiazepines Derivative,Benzodiazepines,Treatment of Short term anxiety
larosh 1mg tablet,Y,RESPIRATORY,Benzodiazepines Derivative,Benzodiazepines,Treatment of Short term anxiety
luzon 3 tablet,Y,RESPIRATORY,Benzodiazepines Derivative,Benzodiazepines,Treatment of Short term anxiety
lonin 0.5mg tablet md,Y,NEURO CNS,Benzodiazepines Derivative,Benzodiazepines,Treatment of Anxiety disorder
lona 2mg tablet,Y,NEURO CNS,Benzodiazepines Derivative,Benzodiazepines,Treatment of Anxiety disorder
lodep plus 12.5mg/5mg tablet,Y,NEURO CNS,NA,NA,Treatment of Depression
librosym 10mg/1mg tablet,Y,NEURO CNS,NA,NA,Schizophrenia
lampoz 0.5mg tablet,Y,NEURO CNS,Benzodiazepines Derivative,Benzodiazepines,Treatment of Anxiety
lafaxa c 100mg/0.5mg tablet,Y,NEURO CNS,NA,NA,Treatment of Depression
loritoss 1 tablet,Y,RESPIRATORY,Benzodiazepines Derivative,Benzodiazepines,Treatment of Short term anxiety
lopovib 2 tablet,Y,RESPIRATORY,Benzodiazepines Derivative,Benzodiazepines,Treatment of Short term anxiety
lorapsy 2mg tablet,Y,RESPIRATORY,Benzodiazepines Derivative,Benzodiazepines,Treatment of Short term anxiety
lomadol 100mg injection,Y,PAIN ANALGESICS,Anisole Derivative,Opioids,Moderate to severe pain
lpose 0.25mg/20mg tablet,Y,NEURO CNS,NA,NA,Anxiety disorder
lonna 1mg tablet,Y,NEURO CNS,Benzodiazepines Derivative,Benzodiazepines,Treatment of Anxiety disorder
larosh 2mg tablet,Y,RESPIRATORY,Benzodiazepines Derivative,Benzodiazepines,Treatment of Short term anxiety
livtril-md 2 tablet,Y,NEURO CNS,Benzodiazepines Derivative,Benzodiazepines,Treatment of Anxiety disorder
lonna 2mg tablet,Y,NEURO CNS,Benzodiazepines Derivative,Benzodiazepines,Treatment of Anxiety disorder
lamcin 0.5mg tablet,Y,NEURO CNS,Benzodiazepines Derivative,Benzodiazepines,Treatment of Anxiety
lodam 50mg injection,Y,PAIN ANALGESICS,Anisole Derivative,Opioids,Moderate to severe pain
lorsco 1mg tablet,Y,RESPIRATORY,Benzodiazepines Derivative,Benzodiazepines,Treatment of Short term anxiety
lorsco 2mg injection,Y,RESPIRATORY,Benzodiazepines Derivative,Benzodiazepines,Treatment of Status epilepticus
lextar plus 0.5mg/10mg tablet,Y,NEURO CNS,NA,NA,Treatment of Anxiety disorder
loratranc 2mg tablet,Y,RESPIRATORY,Benzodiazepines Derivative,Benzodiazepines,Treatment of Short term anxiety
laviclona 1mg tablet,Y,NEURO CNS,Benzodiazepines Derivative,Benzodiazepines,Treatment of Anxiety disorder
liftense md 1 tablet,Y,NEURO CNS,Benzodiazepines Derivative,Benzodiazepines,Treatment of Anxiety disorder
luzipam 0.5mg/10mg tablet,Y,NEURO CNS,NA,NA,Treatment of Anxiety disorder
lomadol 50mg injection,Y,PAIN ANALGESICS,Anisole Derivative,Opioids,Moderate to severe pain
lamtric 1mg tablet sr,Y,NEURO CNS,Benzodiazepines Derivative,Benzodiazepines,Treatment of Anxiety
lamad 0.25mg tablet,Y,NEURO CNS,Benzodiazepines Derivative,Benzodiazepines,Treatment of Anxiety
lopovib 1 tablet,Y,RESPIRATORY,Benzodiazepines Derivative,Benzodiazepines,Treatment of Short term anxiety
modalert 100 tablet,Y,NEURO CNS,Diphenylmethane Derivative,Stimulant/ Drug for excessive sleepiness,Narcolepsy (Uncontrollable daytime sleepiness)
modalert 200 tablet,Y,NEURO CNS,Diphenylmethane Derivative,Stimulant/ Drug for excessive sleepiness,Narcolepsy (Uncontrollable daytime sleepiness)
meva-c capsule,Y,GASTRO INTESTINAL,NA,NA,Irritable bowel syndrome
mega flexon tablet,Y,PAIN ANALGESICS,NA,NA,Pain relief
melzap md 0.25 tablet,Y,NEURO CNS,Benzodiazepines Derivative,Benzodiazepines,Treatment of Anxiety disorder
midacip nasal spray,Y,NEURO CNS,Benzodiazepines Derivative,Benzodiazepines,Conscious sedation during diagnostic or therapeutic procedures
melzap 0.5mg tablet md,Y,NEURO CNS,Benzodiazepines Derivative,Benzodiazepines,Treatment of Anxiety disorder
mezolam injection,Y,NEURO CNS,Benzodiazepines Derivative,Benzodiazepines,Conscious sedation during diagnostic or therapeutic procedures
magnatuss t syrup,Y,RESPIRATORY,NA,NA,Dry cough
medistat 0.5mg nasal spray,Y,NEURO CNS,Benzodiazepines Derivative,Benzodiazepines,Conscious sedation during diagnostic or therapeutic procedures
mysoline 250 tablet,Y,NEURO CNS,Barbituric Acid Derivative,Barbiturate,Epilepsy/Seizures
matiz plus tablet,Y,GASTRO INTESTINAL,NA,NA,Irritable bowel syndrome
mephentine 30mg injection,Y,CARDIAC,Amphetamines Derivatives,Sympathomimetics agonist,Decreased blood pressure
medistat 1.25 nasal spray,Y,NEURO CNS,Benzodiazepines Derivative,Benzodiazepines,Conscious sedation during diagnostic or therapeutic procedures
mycolon c 135mg/5mg tablet,Y,GASTRO INTESTINAL,NA,NA,Irritable bowel syndrome
midaspray 0.5mg nasal spray,Y,NEURO CNS,Benzodiazepines Derivative,Benzodiazepines,Conscious sedation during diagnostic or therapeutic procedures
mebeford c 135mg/5mg tablet,Y,GASTRO INTESTINAL,NA,NA,Irritable bowel syndrome
mebecon 135mg/5mg tablet,Y,GASTRO INTESTINAL,NA,NA,Irritable bowel syndrome
mits lintus codeinae syrup,Y,RESPIRATORY,NA,NA,Dry cough
meth od 10mg tablet,Y,NEURO CNS,Aralkylamine Derivative,Sympthatomimmetics-ADHD,Attention deficit hyperactivity disorder (ADHD)
modafil 100mg tablet md,Y,NEURO CNS,Diphenylmethane Derivative,Stimulant/ Drug for excessive sleepiness,Narcolepsy (Uncontrollable daytime sleepiness)
melzap md 0.5 tablet,Y,NEURO CNS,Benzodiazepines Derivative,Benzodiazepines,Treatment of Anxiety disorder
m codex syrup,Y,RESPIRATORY,NA,NA,Dry cough
midacip 1.25 nasal spray,Y,NEURO CNS,Benzodiazepines Derivative,Benzodiazepines,Conscious sedation during diagnostic or therapeutic procedures
mdet 5mg tablet,Y,NEURO CNS,Aralkylamine Derivative,Sympthatomimmetics-ADHD,Attention deficit hyperactivity disorder (ADHD)
mebver-c tablet,Y,GASTRO INTESTINAL,NA,NA,Irritable bowel syndrome
merital h 12.5 mg/5 mg tablet,Y,NEURO CNS,NA,NA,Treatment of Depression
manorest 0.5mg tablet,Y,NEURO CNS,Benzodiazepines Derivative,Benzodiazepines,Treatment of Anxiety
midazom 0.5 nasal spray,Y,NEURO CNS,Benzodiazepines Derivative,Benzodiazepines,Conscious sedation during diagnostic or therapeutic procedures
morcontin 10mg tablet,Y,PAIN ANALGESICS,Phenanthrenes Derivative,Opioids,Moderate to severe pain
modatec 100mg tablet,Y,NEURO CNS,Diphenylmethane Derivative,Stimulant/ Drug for excessive sleepiness,Narcolepsy (Uncontrollable daytime sleepiness)
morphitroy 10mg tablet,Y,PAIN ANALGESICS,Phenanthrenes Derivative,Opioids,Moderate to severe pain
medzol 1mg injection,Y,NEURO CNS,Benzodiazepines Derivative,Benzodiazepines,Conscious sedation during diagnostic or therapeutic procedures
morcon tablet,Y,PAIN ANALGESICS,Phenanthrenes Derivative,Opioids,Moderate to severe pain
mit s codeine syrup,Y,RESPIRATORY,NA,NA,Dry cough
modatec 200mg tablet,Y,NEURO CNS,Diphenylmethane Derivative,Stimulant/ Drug for excessive sleepiness,Narcolepsy (Uncontrollable daytime sleepiness)
mdet 10mg tablet sr,Y,NEURO CNS,Aralkylamine Derivative,Sympthatomimmetics-ADHD,Attention deficit hyperactivity disorder (ADHD)
modafil 200mg tablet md,Y,NEURO CNS,Diphenylmethane Derivative,Stimulant/ Drug for excessive sleepiness,Narcolepsy (Uncontrollable daytime sleepiness)
modafil 100mg tablet,Y,NEURO CNS,Diphenylmethane Derivative,Stimulant/ Drug for excessive sleepiness,Narcolepsy (Uncontrollable daytime sleepiness)
mdet 10mg tablet,Y,NEURO CNS,Aralkylamine Derivative,Sympthatomimmetics-ADHD,Attention deficit hyperactivity disorder (ADHD)
miorest-plus tablet,Y,NEURO CNS,NA,NA,Treatment of Anxiety disorder
mobiza 135mg/5mg tablet,Y,GASTRO INTESTINAL,NA,NA,Irritable bowel syndrome
mezolam 5mg injection,Y,NEURO CNS,Benzodiazepines Derivative,Benzodiazepines,Conscious sedation during diagnostic or therapeutic procedures
mdd xr plus 50 tablet,Y,NEURO CNS,NA,NA,Treatment of Depression
mdt 0.25mg tablet,Y,NEURO CNS,Benzodiazepines Derivative,Benzodiazepines,Treatment of Anxiety
mevnik-c tablet,Y,GASTRO INTESTINAL,NA,NA,Irritable bowel syndrome
mebatox-c tablet,Y,GASTRO INTESTINAL,NA,NA,Irritable bowel syndrome
meth od 20mg tablet,Y,NEURO CNS,Aralkylamine Derivative,Sympthatomimmetics-ADHD,Attention deficit hyperactivity disorder (ADHD)
mbc 140 tablet,Y,GASTRO INTESTINAL,NA,NA,Irritable bowel syndrome
meridol tablet,Y,PAIN ANALGESICS,NA,NA,Moderate to severe pain
melzap film,Y,NEURO CNS,Benzodiazepines Derivative,Benzodiazepines,Treatment of Anxiety disorder
midaspray,Y,NEURO CNS,Benzodiazepines Derivative,Benzodiazepines,Conscious sedation during diagnostic or therapeutic procedures
morcontin 30mg tablet cr,Y,PAIN ANALGESICS,Phenanthrenes Derivative,Opioids,Moderate to severe pain
mebleaf-c capsule,Y,GASTRO INTESTINAL,NA,NA,Irritable bowel syndrome
mytrip plus tablet,Y,NEURO CNS,NA,NA,Treatment of Depression
mebviz c 135mg/5mg tablet,Y,GASTRO INTESTINAL,NA,NA,Irritable bowel syndrome
mutrans 10mcg/hr transdermal patch,Y,NEURO CNS,Phenanthrenes Derivatives,Opioids- Partial agonist,Treatment of Moderate to severe pain
modapro 100mg tablet,Y,NEURO CNS,Diphenylmethane Derivative,Stimulant/ Drug for excessive sleepiness,Narcolepsy (Uncontrollable daytime sleepiness)
meb c 135mg/5mg tablet,Y,GASTRO INTESTINAL,NA,NA,Irritable bowel syndrome
medlor 2mg tablet,Y,RESPIRATORY,Benzodiazepines Derivative,Benzodiazepines,Treatment of Short term anxiety
medomol t 37.5mg/325mg tablet,Y,PAIN ANALGESICS,NA,NA,Moderate to severe pain
mephentine 15mg injection,Y,CARDIAC,Amphetamines Derivatives,Sympathomimetics agonist,Decreased blood pressure
medol-plus tablet,Y,PAIN ANALGESICS,NA,NA,Moderate to severe pain
melzap 1mg tablet md,Y,NEURO CNS,Benzodiazepines Derivative,Benzodiazepines,Treatment of Anxiety disorder
mdet 20mg tablet sr,Y,NEURO CNS,Aralkylamine Derivative,Sympthatomimmetics-ADHD,Attention deficit hyperactivity disorder (ADHD)
modfil 100mg tablet,Y,NEURO CNS,Diphenylmethane Derivative,Stimulant/ Drug for excessive sleepiness,Narcolepsy (Uncontrollable daytime sleepiness)
modnite 100mg tablet,Y,NEURO CNS,Diphenylmethane Derivative,Stimulant/ Drug for excessive sleepiness,Narcolepsy (Uncontrollable daytime sleepiness)
madol-p 325mg/37.5mg tablet,Y,PAIN ANALGESICS,NA,NA,Pain relief
movon pt tablet,Y,PAIN ANALGESICS,NA,NA,Pain relief
modapro 200mg tablet,Y,NEURO CNS,Diphenylmethane Derivative,Stimulant/ Drug for excessive sleepiness,Narcolepsy (Uncontrollable daytime sleepiness)
meb cz 135mg/5mg tablet,Y,GASTRO INTESTINAL,NA,NA,Irritable bowel syndrome
medistat 0.5mg tablet,Y,NEURO CNS,Benzodiazepines Derivative,Benzodiazepines,Conscious sedation during diagnostic or therapeutic procedures
modafil 200mg tablet,Y,NEURO CNS,Diphenylmethane Derivative,Stimulant/ Drug for excessive sleepiness,Narcolepsy (Uncontrollable daytime sleepiness)
merital 25mg/10mg tablet,Y,NEURO CNS,NA,NA,Treatment of Depression
macram 10mg/1mg tablet,Y,NEURO CNS,NA,NA,Schizophrenia
mebolic c 135mg/5mg tablet,Y,GASTRO INTESTINAL,NA,NA,Irritable bowel syndrome
migvon lite 0.25mg/20mg tablet,Y,NEURO CNS,NA,NA,Treatment of Anxiety disorder
mytrip h 12.5mg/5mg tablet,Y,NEURO CNS,NA,NA,Treatment of Depression
mofix 100mg tablet,Y,NEURO CNS,Diphenylmethane Derivative,Stimulant/ Drug for excessive sleepiness,Narcolepsy (Uncontrollable daytime sleepiness)
mevagress c 135mg/5mg tablet,Y,GASTRO INTESTINAL,NA,NA,Irritable bowel syndrome
mebaxide tablet,Y,GASTRO INTESTINAL,NA,NA,Irritable bowel syndrome
mapdol 325mg/37.5mg tablet,Y,PAIN ANALGESICS,NA,NA,Pain relief
medol p 50mg/325mg tablet,Y,PAIN ANALGESICS,NA,NA,Moderate to severe pain
markodin syrup,Y,RESPIRATORY,Phenanthrenes Derivative,Opioids,Treatment of Moderate to severe pain
mebaspa al tablet,Y,GASTRO INTESTINAL,NA,NA,Irritable bowel syndrome
modaheal 200mg tablet,Y,NEURO CNS,Diphenylmethane Derivative,Stimulant/ Drug for excessive sleepiness,Narcolepsy (Uncontrollable daytime sleepiness)
mutrans 5mcg/hr transdermal patch,Y,NEURO CNS,Phenanthrenes Derivatives,Opioids- Partial agonist,Treatment of Moderate to severe pain
melzap 2mg tablet md,Y,NEURO CNS,Benzodiazepines Derivative,Benzodiazepines,Treatment of Anxiety disorder
medtril plus tablet,Y,NEURO CNS,NA,NA,Treatment of Anxiety disorder
midfast 10mg injection,Y,NEURO CNS,Benzodiazepines Derivative,Benzodiazepines,Conscious sedation during diagnostic or therapeutic procedures
modfil 200mg tablet,Y,NEURO CNS,Diphenylmethane Derivative,Stimulant/ Drug for excessive sleepiness,Narcolepsy (Uncontrollable daytime sleepiness)
mebezon 135mg/5mg tablet,Y,GASTRO INTESTINAL,NA,NA,Irritable bowel syndrome
madito plus 0.5mg/10mg tablet,Y,NEURO CNS,NA,NA,Treatment of Anxiety disorder
madol 100mg tablet sr,Y,PAIN ANALGESICS,Anisole Derivative,Opioids,Moderate to severe pain
mizral-c 20 tablet,Y,NEURO CNS,NA,NA,Treatment of Anxiety disorder
matalert 50 tablet,Y,NEURO CNS,Diphenylmethane Derivative,Stimulant/ Drug for excessive sleepiness,Narcolepsy (Uncontrollable daytime sleepiness)
mdd xr plus 100 tablet,Y,NEURO CNS,NA,NA,Treatment of Depression
mediploz 10mg tablet,Y,NEURO CNS,Imidazopyridine Derivative,Non-benzodiazepine hypnotics (Z Compounds),Treatment of Insomnia
mezolam nrx 7.5mg injection,Y,NEURO CNS,Benzodiazepines Derivative,Benzodiazepines,Conscious sedation during diagnostic or therapeutic procedures
mentolift plus 0.25 mg/50 mg tablet,Y,NEURO CNS,NA,NA,Schizophrenia
moodrise 200 tablet,Y,NEURO CNS,Diphenylmethane Derivative,Stimulant/ Drug for excessive sleepiness,Narcolepsy (Uncontrollable daytime sleepiness)
meridol 100mg injection,Y,PAIN ANALGESICS,Anisole Derivative,Opioids,Moderate to severe pain
modon 100 tablet,Y,NEURO CNS,Diphenylmethane Derivative,Stimulant/ Drug for excessive sleepiness,Narcolepsy (Uncontrollable daytime sleepiness)
medizole 0.25mg tablet,Y,NEURO CNS,Benzodiazepines Derivative,Benzodiazepines,Treatment of Anxiety
melzap 1mg tablet,Y,NEURO CNS,Benzodiazepines Derivative,Benzodiazepines,Treatment of Anxiety disorder
maxidol 50mg/ml injection,Y,PAIN ANALGESICS,Anisole Derivative,Opioids,Moderate to severe pain
meltaz 0.5mg tablet md,Y,NEURO CNS,Benzodiazepines Derivative,Benzodiazepines,Treatment of Anxiety disorder
microdep 2mg tablet,Y,NEURO CNS,Benzodiazepine Derivative,Benzodiazepines,Short term anxiety
multipram cz 0.5mg/10mg tablet,Y,NEURO CNS,NA,NA,Treatment of Anxiety disorder
modaheal 100mg tablet,Y,NEURO CNS,Diphenylmethane Derivative,Stimulant/ Drug for excessive sleepiness,Narcolepsy (Uncontrollable daytime sleepiness)
mebinova-plus tablet,Y,GASTRO INTESTINAL,NA,NA,Irritable bowel syndrome
meripose 2mg tablet,Y,RESPIRATORY,Benzodiazepines Derivative,Benzodiazepines,Treatment of Short term anxiety
montokuf 15mg syrup,Y,RESPIRATORY,Phenanthrenes Derivative,Opioids,Treatment of Moderate to severe pain
matalert 100 tablet,Y,NEURO CNS,Diphenylmethane Derivative,Stimulant/ Drug for excessive sleepiness,Narcolepsy (Uncontrollable daytime sleepiness)
mobilio tablet,Y,PAIN ANALGESICS,NA,NA,Pain relief
midfix injection,Y,NEURO CNS,Benzodiazepines Derivative,Benzodiazepines,Conscious sedation during diagnostic or therapeutic procedures
meripose 1mg tablet,Y,RESPIRATORY,Benzodiazepines Derivative,Benzodiazepines,Treatment of Short term anxiety
m dol 50mg tablet,Y,PAIN ANALGESICS,Anisole Derivative,Opioids,Moderate to severe pain
meridol d tablet,Y,PAIN ANALGESICS,NA,NA,Treatment of Severe acute pain
matalert 200 tablet,Y,NEURO CNS,Diphenylmethane Derivative,Stimulant/ Drug for excessive sleepiness,Narcolepsy (Uncontrollable daytime sleepiness)
mibs 5mg/2.5mg tablet,Y,GASTRO INTESTINAL,NA,NA,Treatment of Irritable bowel syndrome
miben 1mg injection,Y,NEURO CNS,Benzodiazepines Derivative,Benzodiazepines,Conscious sedation during diagnostic or therapeutic procedures
mutrans 20mcg/hr transdermal patch,Y,NEURO CNS,Phenanthrenes Derivatives,Opioids- Partial agonist,Treatment of Moderate to severe pain
mydol 50mg capsule,Y,PAIN ANALGESICS,Anisole Derivative,Opioids,Moderate to severe pain
mezolam 7.5mg injection,Y,NEURO CNS,Benzodiazepines Derivative,Benzodiazepines,Conscious sedation during diagnostic or therapeutic procedures
montokuf plus 15mg syrup,Y,RESPIRATORY,Phenanthrenes Derivative,Opioids,Treatment of Moderate to severe pain
merital 12.5mg/5mg tablet,Y,NEURO CNS,NA,NA,Treatment of Depression
meloprax 0.5mg tablet,Y,NEURO CNS,Benzodiazepines Derivative,Benzodiazepines,Treatment of Anxiety disorder
microdep 5mg tablet,Y,NEURO CNS,Benzodiazepine Derivative,Benzodiazepines,Short term anxiety
m cian h 12.5mg/5mg tablet,Y,NEURO CNS,NA,NA,Treatment of Depression
melopra tablet,Y,NEURO CNS,Benzodiazepines Derivative,Benzodiazepines,Treatment of Anxiety disorder
midosed 5mg injection,Y,NEURO CNS,Benzodiazepines Derivative,Benzodiazepines,Conscious sedation during diagnostic or therapeutic procedures
megarest 5mg injection,Y,NEURO CNS,Benzodiazepines Derivative,Benzodiazepines,Conscious sedation during diagnostic or therapeutic procedures
modnite 200 tablet,Y,NEURO CNS,Diphenylmethane Derivative,Stimulant/ Drug for excessive sleepiness,Narcolepsy (Uncontrollable daytime sleepiness)
meberox plus 135mg/5mg tablet,Y,GASTRO INTESTINAL,NA,NA,Irritable bowel syndrome
mozepam 0.25mg tablet,Y,NEURO CNS,Benzodiazepines Derivative,Benzodiazepines,Treatment of Anxiety disorder
manozam 10mg tablet,Y,NEURO CNS,Benzodiazepines Derivative,Benzodiazepines,Treatment of Epilepsy/Seizures
modaking 100mg tablet,Y,NEURO CNS,Diphenylmethane Derivative,Stimulant/ Drug for excessive sleepiness,Narcolepsy (Uncontrollable daytime sleepiness)
meloprax 0.25mg tablet,Y,NEURO CNS,Benzodiazepines Derivative,Benzodiazepines,Treatment of Anxiety disorder
megacalm 10mg/1mg tablet,Y,NEURO CNS,NA,NA,Schizophrenia
monazepam 0.5mg tablet,Y,NEURO CNS,Benzodiazepines Derivative,Benzodiazepines,Treatment of Anxiety disorder
modal-p 500mg/50mg tablet,Y,PAIN ANALGESICS,NA,NA,Pain relief
medol plus 325mg/37.5mg tablet,Y,PAIN ANALGESICS,NA,NA,Pain relief
mandol 50mg tablet,Y,PAIN ANALGESICS,Anisole Derivative,Opioids,Moderate to severe pain
midfast 5mg injection,Y,NEURO CNS,Benzodiazepines Derivative,Benzodiazepines,Conscious sedation during diagnostic or therapeutic procedures
mcalm 0.5mg/25mg tablet,Y,NEURO CNS,NA,NA,Depression
mindcure lt tablet,Y,NEURO CNS,NA,NA,Treatment of Anxiety disorder
midfix 10 injection,Y,NEURO CNS,Benzodiazepines Derivative,Benzodiazepines,Conscious sedation during diagnostic or therapeutic procedures
mortadol 500 mg/50 mg tablet,Y,PAIN ANALGESICS,NA,NA,Pain relief
medif cb 2.5mg/5mg/10mg tablet,Y,GASTRO INTESTINAL,NA,NA,Treatment of Irritable bowel syndrome
melzap 2mg tablet,Y,NEURO CNS,Benzodiazepines Derivative,Benzodiazepines,Treatment of Anxiety disorder
mebnorm plus 135mg/5mg tablet,Y,GASTRO INTESTINAL,NA,NA,Irritable bowel syndrome
moodilin plus tablet,Y,NEURO CNS,NA,NA,Treatment of Depression
mycloz plus 0.5mg/10mg tablet,Y,NEURO CNS,NA,NA,Treatment of Anxiety disorder
mph plus 25mg/10mg tablet,Y,NEURO CNS,NA,NA,Treatment of Depression
mebenext spas 135mg/5mg tablet,Y,GASTRO INTESTINAL,NA,NA,Irritable bowel syndrome
modalift 100mg tablet,Y,NEURO CNS,Diphenylmethane Derivative,Stimulant/ Drug for excessive sleepiness,Narcolepsy (Uncontrollable daytime sleepiness)
midzol 10mg injection,Y,NEURO CNS,Benzodiazepines Derivative,Benzodiazepines,Conscious sedation during diagnostic or therapeutic procedures
mc pam 0.5mg tablet,Y,NEURO CNS,Benzodiazepines Derivative,Benzodiazepines,Treatment of Anxiety disorder
meltaz 1mg tablet md,Y,NEURO CNS,Benzodiazepines Derivative,Benzodiazepines,Treatment of Anxiety disorder
matbenz 3 tablet,Y,RESPIRATORY,Benzodiazepines Derivative,Benzodiazepines,Treatment of Short term anxiety
miedol p 37.5mg/325mg tablet,Y,PAIN ANALGESICS,NA,NA,Moderate to severe pain
mindcure plus tablet,Y,NEURO CNS,NA,NA,Treatment of Anxiety disorder
mevenz tablet,Y,GASTRO INTESTINAL,NA,NA,Irritable bowel syndrome
modalift 200mg tablet,Y,NEURO CNS,Diphenylmethane Derivative,Stimulant/ Drug for excessive sleepiness,Narcolepsy (Uncontrollable daytime sleepiness)
modgal 0.25mg tablet,Y,NEURO CNS,Benzodiazepines Derivative,Benzodiazepines,Treatment of Anxiety disorder
miclo tablet md,Y,NEURO CNS,Benzodiazepines Derivative,Benzodiazepines,Treatment of Anxiety disorder
mytrip cd 12.5mg/5mg tablet,Y,NEURO CNS,NA,NA,Treatment of Depression
miconit 10mg tablet,Y,NEURO CNS,Benzodiazepines Derivative,Benzodiazepines,Treatment of Insomnia
miradol 50mg/500mg tablet,Y,PAIN ANALGESICS,NA,NA,Moderate to severe pain
mavdol tp tablet,Y,PAIN ANALGESICS,NA,NA,Pain relief
mazolam 0.25mg tablet,Y,NEURO CNS,Benzodiazepines Derivative,Benzodiazepines,Treatment of Anxiety
molib spas tablet,Y,GASTRO INTESTINAL,NA,NA,Treatment of Irritable bowel syndrome
madol 50mg injection,Y,PAIN ANALGESICS,Anisole Derivative,Opioids,Moderate to severe pain
minia-p 0.25mg/10mg tablet,Y,NEURO CNS,NA,NA,Anxiety disorder
m kofdryl syrup,Y,RESPIRATORY,NA,NA,Dry cough
matbenz 2 md tablet,Y,RESPIRATORY,Benzodiazepines Derivative,Benzodiazepines,Treatment of Short term anxiety
mycloz 0.5mg tablet md,Y,NEURO CNS,Benzodiazepines Derivative,Benzodiazepines,Treatment of Anxiety disorder
moldol 37.5mg/325mg tablet,Y,PAIN ANALGESICS,NA,NA,Moderate to severe pain
medlor 2mg injection,Y,RESPIRATORY,Benzodiazepines Derivative,Benzodiazepines,Treatment of Status epilepticus
medtril 0.25 md tablet,Y,NEURO CNS,Benzodiazepines Derivative,Benzodiazepines,Treatment of Anxiety disorder
mudrest tablet,Y,NEURO CNS,NA,NA,Treatment of Anxiety disorder
midol 100mg injection,Y,PAIN ANALGESICS,Anisole Derivative,Opioids,Moderate to severe pain
mediprex 0.25mg tablet,Y,NEURO CNS,Benzodiazepines Derivative,Benzodiazepines,Treatment of Anxiety
medtril 0.5 md tablet,Y,NEURO CNS,Benzodiazepines Derivative,Benzodiazepines,Treatment of Anxiety disorder
madpam 0.5mg tablet,Y,NEURO CNS,Benzodiazepines Derivative,Benzodiazepines,Treatment of Anxiety disorder
mediploz 5mg tablet,Y,NEURO CNS,Imidazopyridine Derivative,Non-benzodiazepine hypnotics (Z Compounds),Treatment of Insomnia
movarest 0.25mg tablet,Y,NEURO CNS,Benzodiazepines Derivative,Benzodiazepines,Treatment of Anxiety
motal plus 0.5mg/10mg tablet,Y,NEURO CNS,NA,NA,Treatment of Anxiety disorder
minizep 2 mg/25 mg tablet,Y,NEURO CNS,NA,NA,Depression
midzol 5mg injection,Y,NEURO CNS,Benzodiazepines Derivative,Benzodiazepines,Conscious sedation during diagnostic or therapeutic procedures
midzee 5mg injection,Y,NEURO CNS,Benzodiazepines Derivative,Benzodiazepines,Conscious sedation during diagnostic or therapeutic procedures
matbenz 1md tablet,Y,RESPIRATORY,Benzodiazepines Derivative,Benzodiazepines,Treatment of Short term anxiety
midabet 1mg injection,Y,NEURO CNS,Benzodiazepines Derivative,Benzodiazepines,Conscious sedation during diagnostic or therapeutic procedures
mares plus 0.5mg/50mg tablet,Y,NEURO CNS,NA,NA,Depression
mycloz-lite tablet,Y,NEURO CNS,NA,NA,Treatment of Anxiety disorder
marodol 100mg tablet sr,Y,PAIN ANALGESICS,Anisole Derivative,Opioids,Moderate to severe pain
medol 100 sr tablet,Y,PAIN ANALGESICS,Anisole Derivative,Opioids,Moderate to severe pain
manozam 5mg tablet,Y,NEURO CNS,Benzodiazepines Derivative,Benzodiazepines,Treatment of Epilepsy/Seizures
megarest 10mg injection,Y,NEURO CNS,Benzodiazepines Derivative,Benzodiazepines,Conscious sedation during diagnostic or therapeutic procedures
mebrin az 135mg/0.25mg tablet,Y,GASTRO INTESTINAL,NA,NA,Irritable bowel syndrome
medizole p 0.25mg/20mg tablet,Y,NEURO CNS,NA,NA,Anxiety disorder
mandol p 50mg/325mg tablet,Y,PAIN ANALGESICS,NA,NA,Moderate to severe pain
m dol injection,Y,PAIN ANALGESICS,Anisole Derivative,Opioids,Moderate to severe pain
monopram-c tablet,Y,NEURO CNS,NA,NA,Treatment of Anxiety disorder
mizral c 0.25mg/10mg tablet,Y,NEURO CNS,NA,NA,Treatment of Anxiety disorder
magazolam 0.25mg tablet,Y,NEURO CNS,Benzodiazepines Derivative,Benzodiazepines,Treatment of Anxiety
monazepam 2mg tablet,Y,NEURO CNS,Benzodiazepines Derivative,Benzodiazepines,Treatment of Anxiety disorder
mirip 25mg/10mg tablet,Y,NEURO CNS,NA,NA,Treatment of Depression
mandar 0.5mg tablet,Y,NEURO CNS,Benzodiazepines Derivative,Benzodiazepines,Treatment of Anxiety
meriproz 0.5mg tablet,Y,NEURO CNS,Benzodiazepines Derivative,Benzodiazepines,Treatment of Anxiety
mirex 0.5mg/50mg tablet,Y,NEURO CNS,NA,NA,Depression
meridol 50mg injection,Y,PAIN ANALGESICS,Anisole Derivative,Opioids,Moderate to severe pain
mcalm forte 0.5mg/50mg tablet,Y,NEURO CNS,NA,NA,Depression
manorest 1mg tablet,Y,NEURO CNS,Benzodiazepines Derivative,Benzodiazepines,Treatment of Anxiety
myoz dol 37.5mg/325mg tablet,Y,PAIN ANALGESICS,NA,NA,Moderate to severe pain
mado 325mg/50mg tablet,Y,PAIN ANALGESICS,NA,NA,Pain relief
mednap 0.5mg tablet md,Y,NEURO CNS,Benzodiazepines Derivative,Benzodiazepines,Treatment of Anxiety disorder
mcalm 0.25mg tablet,Y,NEURO CNS,Benzodiazepines Derivative,Benzodiazepines,Treatment of Anxiety
midpraz 1mg/ml injection,Y,NEURO CNS,Benzodiazepines Derivative,Benzodiazepines,Conscious sedation during diagnostic or therapeutic procedures
megzep 0.5mg tablet,Y,NEURO CNS,Benzodiazepines Derivative,Benzodiazepines,Treatment of Anxiety disorder
mornfresh 6.25mg tablet sr,Y,NEURO CNS,Imidazopyridine Derivative,Non-benzodiazepine hypnotics (Z Compounds),Treatment of Insomnia
mazolam p 0.25mg/20mg tablet,Y,NEURO CNS,NA,NA,Anxiety disorder
medol 200 cr tablet,Y,PAIN ANALGESICS,Anisole Derivative,Opioids,Moderate to severe pain
manorest 0.75mg tablet,Y,NEURO CNS,Benzodiazepines Derivative,Benzodiazepines,Treatment of Anxiety
morecalm 0.25mg tablet,Y,NEURO CNS,Benzodiazepines Derivative,Benzodiazepines,Treatment of Anxiety
modzolam 0.5mg tablet,Y,NEURO CNS,Benzodiazepines Derivative,Benzodiazepines,Treatment of Anxiety
madram 50mg/325mg tablet,Y,PAIN ANALGESICS,NA,NA,Moderate to severe pain
medol 100mg injection,Y,PAIN ANALGESICS,Anisole Derivative,Opioids,Moderate to severe pain
mandol 100mg injection,Y,PAIN ANALGESICS,Anisole Derivative,Opioids,Moderate to severe pain
motram p 37.5mg/325mg tablet,Y,PAIN ANALGESICS,NA,NA,Moderate to severe pain
mgdol 100mg injection,Y,PAIN ANALGESICS,Anisole Derivative,Opioids,Moderate to severe pain
marodol 100mg injection,Y,PAIN ANALGESICS,Anisole Derivative,Opioids,Moderate to severe pain
masipram-plus tablet,Y,NEURO CNS,NA,NA,Treatment of Anxiety disorder
mipo 100mg tablet sr,Y,PAIN ANALGESICS,Anisole Derivative,Opioids,Moderate to severe pain
maxorest 0.5mg tablet,Y,NEURO CNS,Benzodiazepines Derivative,Benzodiazepines,Treatment of Anxiety
moludol 50mg/500mg tablet,Y,PAIN ANALGESICS,NA,NA,Moderate to severe pain
manzolam 0.25mg capsule,Y,NEURO CNS,Benzodiazepines Derivative,Benzodiazepines,Treatment of Anxiety
metazac 50mg capsule,Y,PAIN ANALGESICS,Anisole Derivative,Opioids,Moderate to severe pain
mizral dz 2.5mg/20mg tablet,Y,NEURO CNS,NA,NA,Anxiety disorder
maxoflam-t 500mg/50mg tablet,Y,PAIN ANALGESICS,NA,NA,Pain relief
mobiya 50mg injection,Y,PAIN ANALGESICS,Anisole Derivative,Opioids,Moderate to severe pain
magfa 0.25mg/20mg tablet,Y,NEURO CNS,NA,NA,Depression
mandar 0.25mg tablet,Y,NEURO CNS,Benzodiazepines Derivative,Benzodiazepines,Treatment of Anxiety
methmild 20mg tablet sr,Y,NEURO CNS,Aralkylamine Derivative,Sympthatomimmetics-ADHD,Attention deficit hyperactivity disorder (ADHD)
mruexa plus tablet cr,Y,NEURO CNS,NA,NA,Depression
mipo 100mg injection,Y,PAIN ANALGESICS,Anisole Derivative,Opioids,Moderate to severe pain
mobiya t 325mg/37.5mg tablet,Y,PAIN ANALGESICS,NA,NA,Pain relief
manodep forte 5mg/25mg tablet,Y,NEURO CNS,NA,NA,Depression
nexito plus tablet,Y,NEURO CNS,NA,NA,Treatment of Anxiety disorder
normaxin tablet,Y,GASTRO INTESTINAL,NA,NA,Treatment of Irritable bowel syndrome
nexito forte tablet,Y,NEURO CNS,NA,NA,Treatment of Anxiety disorder
normaxin rt capsule,Y,GASTRO INTESTINAL,NA,NA,Treatment of Irritable bowel syndrome
nitrosun 10 tablet,Y,NEURO CNS,Benzodiazepines Derivative,Benzodiazepines,Treatment of Insomnia
nexito ls tablet,Y,NEURO CNS,NA,NA,Treatment of Anxiety disorder
nitravet 10 tablet,Y,NEURO CNS,Benzodiazepines Derivative,Benzodiazepines,Treatment of Insomnia
newcita plus tablet,Y,NEURO CNS,NA,NA,Treatment of Anxiety disorder
normaxin cc 5mg/2.5mg tablet,Y,GASTRO INTESTINAL,NA,NA,Treatment of Irritable bowel syndrome
nitrazepam 10mg tablet,Y,NEURO CNS,Benzodiazepines Derivative,Benzodiazepines,Treatment of Insomnia
nitrest 5 tablet,Y,NEURO CNS,Imidazopyridine Derivative,Non-benzodiazepine hypnotics (Z Compounds),Treatment of Insomnia
nitrest 10 tablet,Y,NEURO CNS,Imidazopyridine Derivative,Non-benzodiazepine hypnotics (Z Compounds),Treatment of Insomnia
narcogin forte tablet,Y,RESPIRATORY,NA,NA,Pain relief
nite 10mg tablet,Y,NEURO CNS,Benzodiazepines Derivative,Benzodiazepines,Treatment of Insomnia
narcodol tablet,Y,PAIN ANALGESICS,NA,NA,Treatment of Severe acute pain
nextril 50 tablet,Y,NEURO CNS,Benzodiazepines Derivative,Benzodiazepines,Treatment of Depression
new tossex syrup,Y,RESPIRATORY,NA,NA,Dry cough
nexito forte 20 tablet,Y,NEURO CNS,NA,NA,Treatment of Anxiety disorder
nitro 10mg tablet,Y,NEURO CNS,Benzodiazepines Derivative,Benzodiazepines,Treatment of Insomnia
newcita lite 0.25mg/10mg tablet,Y,NEURO CNS,NA,NA,Treatment of Anxiety disorder
nap 10mg tablet,Y,NEURO CNS,Benzodiazepines Derivative,Benzodiazepines,Treatment of Insomnia
nitrosun 5mg tablet,Y,NEURO CNS,Benzodiazepines Derivative,Benzodiazepines,Treatment of Insomnia
nitrac 10mg tablet,Y,NEURO CNS,Benzodiazepines Derivative,Benzodiazepines,Treatment of Insomnia
neurocalm 10mg/1mg tablet,Y,NEURO CNS,NA,NA,Schizophrenia
nitravet 5mg tablet,Y,NEURO CNS,Benzodiazepines Derivative,Benzodiazepines,Treatment of Insomnia
nexdol p 325 mg/37.5 mg tablet,Y,PAIN ANALGESICS,NA,NA,Pain relief
nicodol plus 325 mg/37.5 mg tablet,Y,PAIN ANALGESICS,NA,NA,Pain relief
norval h tablet,Y,NEURO CNS,NA,NA,Schizophrenia
nazipam plus 0.5mg/20mg tablet,Y,NEURO CNS,NA,NA,Treatment of Anxiety disorder
nira 10mg tablet,Y,NEURO CNS,Benzodiazepines Derivative,Benzodiazepines,Treatment of Insomnia
nitcalm 10mg tablet,Y,NEURO CNS,Benzodiazepines Derivative,Benzodiazepines,Treatment of Insomnia
nuclona-plus tablet,Y,NEURO CNS,NA,NA,Treatment of Anxiety disorder
ntp tablet,Y,NEURO CNS,Benzodiazepines Derivative,Benzodiazepines,Treatment of Insomnia
naza 0.25mg tablet,Y,NEURO CNS,Benzodiazepines Derivative,Benzodiazepines,Treatment of Anxiety disorder
nozim 0.5mg tablet,Y,NEURO CNS,Benzodiazepines Derivative,Benzodiazepines,Treatment of Anxiety disorder
nexvenla od plus tablet,Y,NEURO CNS,NA,NA,Treatment of Depression
nipam 10mg tablet,Y,NEURO CNS,Benzodiazepines Derivative,Benzodiazepines,Treatment of Insomnia
naaz 0.5mg tablet,Y,NEURO CNS,Benzodiazepines Derivative,Benzodiazepines,Treatment of Anxiety disorder
naaz plus 0.5 mg/20 mg tablet,Y,NEURO CNS,NA,NA,Treatment of Anxiety disorder
naze 0.5mg tablet,Y,NEURO CNS,Benzodiazepines Derivative,Benzodiazepines,Treatment of Anxiety disorder
norval tablet,Y,NEURO CNS,NA,NA,Schizophrenia
neulora 2mg tablet,Y,RESPIRATORY,Benzodiazepines Derivative,Benzodiazepines,Treatment of Short term anxiety
naza 0.5mg tablet,Y,NEURO CNS,Benzodiazepines Derivative,Benzodiazepines,Treatment of Anxiety disorder
nite 5mg tablet,Y,NEURO CNS,Benzodiazepines Derivative,Benzodiazepines,Treatment of Insomnia
nimodex tablet,Y,PAIN ANALGESICS,NA,NA,Pain relief
nuro beta plus 20 tablet sr,Y,NEURO CNS,NA,NA,Treatment of Anxiety disorder
nindra 0.25mg tablet,Y,NEURO CNS,Benzodiazepines Derivative,Benzodiazepines,Treatment of Anxiety
norphin 0.3mg injection,Y,NEURO CNS,Phenanthrenes Derivatives,Opioids- Partial agonist,Moderate to severe pain
nitrofen 10mg tablet,Y,NEURO CNS,Benzodiazepines Derivative,Benzodiazepines,Treatment of Insomnia
nidra 5mg tablet,Y,NEURO CNS,Imidazopyridine Derivative,Non-benzodiazepine hypnotics (Z Compounds),Treatment of Insomnia
noanxit tablet,Y,NEURO CNS,NA,NA,Treatment of Anxiety disorder
neulora 1mg tablet,Y,RESPIRATORY,Benzodiazepines Derivative,Benzodiazepines,Treatment of Short term anxiety
newcita mini 0.5mg/5mg tablet,Y,NEURO CNS,NA,NA,Treatment of Anxiety disorder
nuro beta ls 0.25mg/10mg tablet,Y,NEURO CNS,NA,NA,Treatment of Anxiety disorder
nuro beta ls 0.25mg/20mg tablet,Y,NEURO CNS,NA,NA,Treatment of Anxiety disorder
nap 5mg tablet,Y,NEURO CNS,Benzodiazepines Derivative,Benzodiazepines,Treatment of Insomnia
nyquil cough syrup,Y,RESPIRATORY,NA,NA,Dry cough
nodpam 0.5mg tablet md,Y,NEURO CNS,Benzodiazepines Derivative,Benzodiazepines,Treatment of Anxiety disorder
nitrozun 10mg tablet,Y,NEURO CNS,Benzodiazepines Derivative,Benzodiazepines,Treatment of Insomnia
nuclona 0.25mg tablet,Y,NEURO CNS,Benzodiazepines Derivative,Benzodiazepines,Treatment of Anxiety disorder
nindra 0.5mg tablet,Y,NEURO CNS,Benzodiazepines Derivative,Benzodiazepines,Treatment of Anxiety
nipam 5mg tablet,Y,NEURO CNS,Benzodiazepines Derivative,Benzodiazepines,Treatment of Insomnia
norep plus 0.5 mg/10 mg tablet,Y,NEURO CNS,NA,NA,Treatment of Anxiety disorder
ntp 10mg tablet,Y,NEURO CNS,Benzodiazepines Derivative,Benzodiazepines,Treatment of Insomnia
nuro beta plus 0.5mg/10mg tablet,Y,NEURO CNS,NA,NA,Treatment of Anxiety disorder
nazee 0.5mg tablet,Y,NEURO CNS,Benzodiazepines Derivative,Benzodiazepines,Treatment of Anxiety disorder
nitcalm 5mg tablet,Y,NEURO CNS,Benzodiazepines Derivative,Benzodiazepines,Treatment of Insomnia
nexzap 0.25mg tablet,Y,NEURO CNS,Benzodiazepines Derivative,Benzodiazepines,Treatment of Anxiety disorder
nextril 100mg tablet,Y,NEURO CNS,Benzodiazepines Derivative,Benzodiazepines,Treatment of Depression
neupram plus 0.5mg/10mg tablet,Y,NEURO CNS,NA,NA,Treatment of Anxiety disorder
naze 0.25mg tablet md,Y,NEURO CNS,Benzodiazepines Derivative,Benzodiazepines,Treatment of Anxiety disorder
noribs tablet,Y,GASTRO INTESTINAL,NA,NA,Treatment of Irritable bowel syndrome
nizpam 10mg tablet,Y,NEURO CNS,Benzodiazepines Derivative,Benzodiazepines,Treatment of Insomnia
neutram p 37.5mg/325mg tablet,Y,PAIN ANALGESICS,NA,NA,Moderate to severe pain
naza-es 0.25mg/5mg tablet,Y,NEURO CNS,NA,NA,Treatment of Anxiety disorder
nozep 0.25mg tablet,Y,NEURO CNS,Benzodiazepines Derivative,Benzodiazepines,Treatment of Anxiety disorder
nitab 20mg tablet,Y,NEURO CNS,Benzodiazepines Derivative,Benzodiazepines,Treatment of Insomnia
nitaz 10mg tablet,Y,NEURO CNS,Benzodiazepines Derivative,Benzodiazepines,Treatment of Insomnia
nitram 10mg tablet,Y,NEURO CNS,Benzodiazepines Derivative,Benzodiazepines,Treatment of Insomnia
nuclona 0.5mg tablet,Y,NEURO CNS,Benzodiazepines Derivative,Benzodiazepines,Treatment of Anxiety disorder
nira 5mg tablet,Y,NEURO CNS,Benzodiazepines Derivative,Benzodiazepines,Treatment of Insomnia
nitramin 10mg tablet,Y,NEURO CNS,Benzodiazepines Derivative,Benzodiazepines,Treatment of Insomnia
normozin 10mg/1mg tablet,Y,NEURO CNS,NA,NA,Schizophrenia
nupose 5mg tablet,Y,NEURO CNS,Benzodiazepine Derivative,Benzodiazepines,Short term anxiety
nicare 10mg tablet,Y,NEURO CNS,Benzodiazepines Derivative,Benzodiazepines,Treatment of Insomnia
nozep 0.5mg tablet,Y,NEURO CNS,Benzodiazepines Derivative,Benzodiazepines,Treatment of Anxiety disorder
nexipra-plus tablet,Y,NEURO CNS,NA,NA,Treatment of Anxiety disorder
norep 0.5mg tablet dt,Y,NEURO CNS,Benzodiazepines Derivative,Benzodiazepines,Treatment of Anxiety disorder
norep 0.25mg tablet,Y,NEURO CNS,Benzodiazepines Derivative,Benzodiazepines,Treatment of Anxiety disorder
norvalette tablet,Y,NEURO CNS,NA,NA,Schizophrenia
norpose 2mg tablet,Y,RESPIRATORY,Benzodiazepines Derivative,Benzodiazepines,Treatment of Short term anxiety
nupam 0.5mg tablet,Y,NEURO CNS,Benzodiazepines Derivative,Benzodiazepines,Treatment of Anxiety disorder
nexdol 100mg injection,Y,PAIN ANALGESICS,Anisole Derivative,Opioids,Moderate to severe pain
nithra 10mg tablet,Y,NEURO CNS,Benzodiazepines Derivative,Benzodiazepines,Treatment of Insomnia
nitrosum 2.5mg tablet,Y,NEURO CNS,Benzodiazepines Derivative,Benzodiazepines,Treatment of Insomnia
nodep 10mg/1mg tablet,Y,NEURO CNS,NA,NA,Schizophrenia
norex 0.5mg tablet,Y,NEURO CNS,Benzodiazepines Derivative,Benzodiazepines,Treatment of Anxiety
normib tablet,Y,GASTRO INTESTINAL,NA,NA,Treatment of Irritable bowel syndrome
naze 0.5mg tablet md,Y,NEURO CNS,Benzodiazepines Derivative,Benzodiazepines,Treatment of Anxiety disorder
neolore 4mg injection,Y,RESPIRATORY,Benzodiazepines Derivative,Benzodiazepines,Treatment of Status epilepticus
nodpam 1mg tablet md,Y,NEURO CNS,Benzodiazepines Derivative,Benzodiazepines,Treatment of Anxiety disorder
nodpam 0.25mg tablet md,Y,NEURO CNS,Benzodiazepines Derivative,Benzodiazepines,Treatment of Anxiety disorder
nervitrin 25 tablet,Y,NEURO CNS,NA,NA,Treatment of Depression
nitease 10mg tablet,Y,NEURO CNS,Benzodiazepines Derivative,Benzodiazepines,Treatment of Insomnia
nitab 10mg tablet,Y,NEURO CNS,Benzodiazepines Derivative,Benzodiazepines,Treatment of Insomnia
nozim 2mg tablet,Y,NEURO CNS,Benzodiazepines Derivative,Benzodiazepines,Treatment of Anxiety disorder
nitpro 10mg tablet,Y,NEURO CNS,Benzodiazepines Derivative,Benzodiazepines,Treatment of Insomnia
nzm 10mg tablet,Y,NEURO CNS,Benzodiazepines Derivative,Benzodiazepines,Treatment of Insomnia
nitas 10mg tablet,Y,NEURO CNS,Benzodiazepines Derivative,Benzodiazepines,Treatment of Insomnia
nitrest 12.5mg tablet cr,Y,NEURO CNS,Imidazopyridine Derivative,Non-benzodiazepine hypnotics (Z Compounds),Treatment of Insomnia
nanax plus 10 tablet,Y,NEURO CNS,NA,NA,Treatment of Anxiety disorder
nexzap 0.5mg tablet,Y,NEURO CNS,Benzodiazepines Derivative,Benzodiazepines,Treatment of Anxiety disorder
nitrazone 10mg tablet,Y,NEURO CNS,Benzodiazepines Derivative,Benzodiazepines,Treatment of Insomnia
nxpram 0.5mg/10mg tablet,Y,NEURO CNS,NA,NA,Treatment of Anxiety disorder
nexzan plus 0.5mg/10mg tablet,Y,NEURO CNS,NA,NA,Treatment of Anxiety disorder
nindral 15mg capsule,Y,NEURO CNS,Benzodiazepines Derivative,Benzodiazepines,Insomnia
naze 2mg tablet,Y,NEURO CNS,Benzodiazepines Derivative,Benzodiazepines,Treatment of Anxiety disorder
noanx 0.5mg tablet,Y,NEURO CNS,Benzodiazepines Derivative,Benzodiazepines,Treatment of Anxiety disorder
nithra 5mg tablet,Y,NEURO CNS,Benzodiazepines Derivative,Benzodiazepines,Treatment of Insomnia
nitee 10mg tablet,Y,NEURO CNS,Benzodiazepines Derivative,Benzodiazepines,Treatment of Insomnia
neurex 2.5 mg/20 mg tablet,Y,NEURO CNS,NA,NA,Anxiety disorder
novospas tablet,Y,GASTRO INTESTINAL,NA,NA,Treatment of Irritable bowel syndrome
nitpro 5mg tablet,Y,NEURO CNS,Benzodiazepines Derivative,Benzodiazepines,Treatment of Insomnia
nuradol-p tablet,Y,PAIN ANALGESICS,NA,NA,Moderate to severe pain
nozep 1mg tablet,Y,NEURO CNS,Benzodiazepines Derivative,Benzodiazepines,Treatment of Anxiety disorder
novotram plus 10mg/325mg/50mg tablet,Y,PAIN ANALGESICS,NA,NA,Treatment of Severe acute pain
nobligan 50mg tablet,Y,PAIN ANALGESICS,Anisole Derivative,Opioids,Moderate to severe pain
notence 0.5mg tablet,Y,NEURO CNS,Benzodiazepines Derivative,Benzodiazepines,Treatment of Anxiety
nyquil syrup,Y,RESPIRATORY,NA,NA,Dry cough
nirsan 2mg tablet md,Y,RESPIRATORY,Benzodiazepines Derivative,Benzodiazepines,Treatment of Short term anxiety
naze 1mg tablet,Y,NEURO CNS,Benzodiazepines Derivative,Benzodiazepines,Treatment of Anxiety disorder
nulam plus 0.25 mg/20 mg tablet,Y,NEURO CNS,NA,NA,Anxiety disorder
nigopram plus 0.5mg/10mg tablet,Y,NEURO CNS,NA,NA,Treatment of Anxiety disorder
nulibra 5mg/2.5mg tablet,Y,GASTRO INTESTINAL,NA,NA,Treatment of Irritable bowel syndrome
nitrapam 10mg tablet,Y,NEURO CNS,Benzodiazepines Derivative,Benzodiazepines,Treatment of Insomnia
nitram 5mg tablet,Y,NEURO CNS,Benzodiazepines Derivative,Benzodiazepines,Treatment of Insomnia
nitrest 6.25mg tablet cr,Y,NEURO CNS,Imidazopyridine Derivative,Non-benzodiazepine hypnotics (Z Compounds),Treatment of Insomnia
netrox 20mg tablet,Y,NEURO CNS,Benzodiazepines Derivative,Benzodiazepines,Treatment of Insomnia
netrest 0.25mg/20mg tablet,Y,NEURO CNS,NA,NA,Depression
nilam 0.25mg tablet,Y,NEURO CNS,Benzodiazepines Derivative,Benzodiazepines,Treatment of Anxiety
norep plus h 0.25 mg/10 mg tablet,Y,NEURO CNS,NA,NA,Treatment of Anxiety disorder
nuclona plus ls 0.25mg/5mg tablet,Y,NEURO CNS,NA,NA,Treatment of Anxiety disorder
nitaz 5mg tablet,Y,NEURO CNS,Benzodiazepines Derivative,Benzodiazepines,Treatment of Insomnia
nindia 10mg tablet,Y,NEURO CNS,Benzodiazepines Derivative,Benzodiazepines,Treatment of Insomnia
nitraz 10mg tablet sr,Y,NEURO CNS,Benzodiazepines Derivative,Benzodiazepines,Treatment of Insomnia
netileep 10mg tablet,Y,NEURO CNS,Benzodiazepines Derivative,Benzodiazepines,Treatment of Insomnia
nokzok 0.25mg/20mg tablet,Y,NEURO CNS,NA,NA,Anxiety disorder
nit 5mg tablet,Y,GASTRO INTESTINAL,Aralkylamines Derivative,H2 Receptor Blocker,Treatment of Gastroesophageal reflux disease (Acid reflux)
notence 0.25mg tablet,Y,NEURO CNS,Benzodiazepines Derivative,Benzodiazepines,Treatment of Anxiety
normaline h tablet 12.5 mg/5 mg,Y,NEURO CNS,NA,NA,Treatment of Depression
nexzap 1mg tablet,Y,NEURO CNS,Benzodiazepines Derivative,Benzodiazepines,Treatment of Anxiety disorder
novadol p 37.5mg/325mg tablet,Y,PAIN ANALGESICS,NA,NA,Moderate to severe pain
novodol 37.5 mg/325 mg tablet,Y,PAIN ANALGESICS,NA,NA,Moderate to severe pain
nanax plus 5 tablet,Y,NEURO CNS,NA,NA,Treatment of Anxiety disorder
nit 10mg tablet,Y,NEURO CNS,Benzodiazepines Derivative,Benzodiazepines,Treatment of Insomnia
normaline plus 25mg/10mg tablet,Y,NEURO CNS,NA,NA,Treatment of Depression
nucalm 0.25mg tablet,Y,NEURO CNS,Benzodiazepines Derivative,Benzodiazepines,Treatment of Anxiety
nucloba 5 tablet dt,Y,NEURO CNS,Benzodiazepines Derivative,Benzodiazepines,Treatment of Epilepsy/Seizures
nucloba 10 tablet dt,Y,NEURO CNS,Benzodiazepines Derivative,Benzodiazepines,Treatment of Epilepsy/Seizures
netaclin 10mg tablet,Y,NEURO CNS,Benzodiazepines Derivative,Benzodiazepines,Treatment of Insomnia
nithra 20mg tablet,Y,NEURO CNS,Benzodiazepines Derivative,Benzodiazepines,Treatment of Insomnia
neutram 50mg tablet,Y,PAIN ANALGESICS,Anisole Derivative,Opioids,Moderate to severe pain
neuropax 2.5 mg/20 mg tablet,Y,NEURO CNS,NA,NA,Anxiety disorder
nicare 5mg tablet,Y,NEURO CNS,Benzodiazepines Derivative,Benzodiazepines,Treatment of Insomnia
nelpram ls 0.25mg/10mg tablet,Y,NEURO CNS,NA,NA,Treatment of Anxiety disorder
nytram-sr 100 tablet,Y,PAIN ANALGESICS,Anisole Derivative,Opioids,Moderate to severe pain
neosert plus 0.5mg/25mg tablet sr,Y,NEURO CNS,NA,NA,Depression
nuro beta plus tablet sr,Y,NEURO CNS,NA,NA,Treatment of Anxiety disorder
nexapam forte tablet,Y,NEURO CNS,NA,NA,Treatment of Anxiety disorder
nitas 5mg tablet,Y,NEURO CNS,Benzodiazepines Derivative,Benzodiazepines,Treatment of Insomnia
netaclin 20mg tablet,Y,NEURO CNS,Benzodiazepines Derivative,Benzodiazepines,Treatment of Insomnia
nulam 1.5mg tablet sr,Y,NEURO CNS,Benzodiazepines Derivative,Benzodiazepines,Treatment of Anxiety
n tra 10mg tablet,Y,NEURO CNS,Benzodiazepines Derivative,Benzodiazepines,Treatment of Insomnia
nyquil plus 4mg/10mg syrup,Y,RESPIRATORY,NA,NA,Dry cough
ntdol tp 100mg/325mg/37.5mg tablet,Y,PAIN ANALGESICS,NA,NA,Pain relief
nordol p 50mg/325mg tablet,Y,PAIN ANALGESICS,NA,NA,Moderate to severe pain
nucalm 0.5mg tablet,Y,NEURO CNS,Benzodiazepines Derivative,Benzodiazepines,Treatment of Anxiety
nap 100mg suspension,Y,NEURO CNS,Benzodiazepines Derivative,Benzodiazepines,Treatment of Insomnia
nobligan 100mg injection,Y,PAIN ANALGESICS,Anisole Derivative,Opioids,Moderate to severe pain
nirsan 1mg tablet md,Y,RESPIRATORY,Benzodiazepines Derivative,Benzodiazepines,Treatment of Short term anxiety
nitrosh 10mg tablet,Y,NEURO CNS,Benzodiazepines Derivative,Benzodiazepines,Treatment of Insomnia
nitrapam 5mg tablet,Y,NEURO CNS,Benzodiazepines Derivative,Benzodiazepines,Treatment of Insomnia
netileep 5mg tablet,Y,NEURO CNS,Benzodiazepines Derivative,Benzodiazepines,Treatment of Insomnia
nudol p 37.5mg/325mg tablet,Y,PAIN ANALGESICS,NA,NA,Moderate to severe pain
nitzy 10mg tablet,Y,NEURO CNS,Benzodiazepines Derivative,Benzodiazepines,Treatment of Insomnia
norex 0.25mg tablet,Y,NEURO CNS,Benzodiazepines Derivative,Benzodiazepines,Treatment of Anxiety
notipram-plus ls tablet,Y,NEURO CNS,NA,NA,Treatment of Anxiety disorder
nicozocin 30mg injection,Y,PAIN ANALGESICS,Benzomorphan Derivatives,Opioids,Moderate to severe pain
ninpam 0.5 tablet md,Y,NEURO CNS,Benzodiazepines Derivative,Benzodiazepines,Treatment of Anxiety disorder
neolol beta 20 tablet,Y,NEURO CNS,NA,NA,Treatment of Anxiety disorder
notipram-plus 10 tablet,Y,NEURO CNS,NA,NA,Treatment of Anxiety disorder
norep 2mg tablet,Y,NEURO CNS,Benzodiazepines Derivative,Benzodiazepines,Treatment of Anxiety disorder
nempram plus 0.5mg/10mg tablet,Y,NEURO CNS,NA,NA,Treatment of Anxiety disorder
nitrofen 5mg tablet,Y,NEURO CNS,Benzodiazepines Derivative,Benzodiazepines,Treatment of Insomnia
neomesmar 5mg tablet,Y,NEURO CNS,Benzodiazepine Derivative,Benzodiazepines,Short term anxiety
nexpram cl 0.5mg/10mg tablet,Y,NEURO CNS,NA,NA,Treatment of Anxiety disorder
nozep 2mg tablet,Y,NEURO CNS,Benzodiazepines Derivative,Benzodiazepines,Treatment of Anxiety disorder
norep 1mg tablet md,Y,NEURO CNS,Benzodiazepines Derivative,Benzodiazepines,Treatment of Anxiety disorder
nodpam 2mg tablet md,Y,NEURO CNS,Benzodiazepines Derivative,Benzodiazepines,Treatment of Anxiety disorder
neltrip plus 12.5mg/5mg tablet,Y,NEURO CNS,NA,NA,Treatment of Depression
nitrocest 10mg tablet,Y,NEURO CNS,Benzodiazepines Derivative,Benzodiazepines,Treatment of Insomnia
nexapam ls tablet,Y,NEURO CNS,NA,NA,Treatment of Anxiety disorder
nitavan 5mg tablet,Y,NEURO CNS,Benzodiazepines Derivative,Benzodiazepines,Treatment of Insomnia
noanx 0.25mg tablet,Y,NEURO CNS,Benzodiazepines Derivative,Benzodiazepines,Treatment of Anxiety disorder
ningigo p 0.25mg/20mg tablet,Y,NEURO CNS,NA,NA,Anxiety disorder
nitavan 10mg tablet,Y,NEURO CNS,Benzodiazepines Derivative,Benzodiazepines,Treatment of Insomnia
numento plus 0.5mg/10mg tablet,Y,NEURO CNS,NA,NA,Treatment of Anxiety disorder
nytoin tablet,Y,NEURO CNS,Barbituric Acid Derivative,Barbiturate,Epilepsy/Seizures
niavet 10mg tablet,Y,NEURO CNS,Benzodiazepines Derivative,Benzodiazepines,Treatment of Insomnia
neulora 4mg injection,Y,NEURO CNS,Benzodiazepines Derivative,Benzodiazepines,Treatment of Status epilepticus
nigap 10mg tablet,Y,NEURO CNS,Benzodiazepines Derivative,Benzodiazepines,Treatment of Insomnia
ningigo 0.25mg tablet,Y,NEURO CNS,Benzodiazepines Derivative,Benzodiazepines,Treatment of Anxiety
nindia 5mg tablet,Y,NEURO CNS,Benzodiazepines Derivative,Benzodiazepines,Treatment of Insomnia
nindral 5mg tablet,Y,NEURO CNS,Benzodiazepines Derivative,Benzodiazepines,Insomnia
nitab 5mg tablet,Y,NEURO CNS,Benzodiazepines Derivative,Benzodiazepines,Treatment of Insomnia
nelpram plus 0.5mg/10mg tablet,Y,NEURO CNS,NA,NA,Treatment of Anxiety disorder
netril beta 0.5mg/20mg tablet,Y,NEURO CNS,NA,NA,Treatment of Anxiety disorder
ninpam e tablet,Y,NEURO CNS,NA,NA,Treatment of Anxiety disorder
notipram-plus 5 tablet,Y,NEURO CNS,NA,NA,Treatment of Anxiety disorder
nextram 50mg injection,Y,PAIN ANALGESICS,Anisole Derivative,Opioids,Moderate to severe pain
neopam 1mg tablet,Y,NEURO CNS,Benzodiazepines Derivative,Benzodiazepines,Treatment of Anxiety disorder
norcof cp syrup,Y,RESPIRATORY,NA,NA,Dry cough
ningigo 0.5mg tablet,Y,NEURO CNS,Benzodiazepines Derivative,Benzodiazepines,Treatment of Anxiety
n-pam 5 tablet,Y,NEURO CNS,Benzodiazepines Derivative,Benzodiazepines,Treatment of Insomnia
n tra 5mg tablet,Y,NEURO CNS,Benzodiazepines Derivative,Benzodiazepines,Treatment of Insomnia
nexsys ls 0.25mg/5mg tablet,Y,NEURO CNS,NA,NA,Treatment of Anxiety disorder
nuradol 2mg injection,Y,PAIN ANALGESICS,Anisole Derivative,Opioids,Moderate to severe pain
novadol 50mg injection,Y,PAIN ANALGESICS,Anisole Derivative,Opioids,Moderate to severe pain
neclodyl syrup,Y,RESPIRATORY,NA,NA,Dry cough
n t dip plus 0.5mg/10mg tablet,Y,NEURO CNS,NA,NA,Treatment of Anxiety disorder
nitraz 5mg tablet sr,Y,NEURO CNS,Benzodiazepines Derivative,Benzodiazepines,Treatment of Insomnia
nopidol dp tablet,Y,PAIN ANALGESICS,NA,NA,Treatment of Severe acute pain
nedee 2.5mg/5mg/10mg tablet,Y,GASTRO INTESTINAL,NA,NA,Treatment of Irritable bowel syndrome
ninpam 0.25mg tablet md,Y,NEURO CNS,Benzodiazepines Derivative,Benzodiazepines,Treatment of Anxiety disorder
netaclin 5mg tablet,Y,NEURO CNS,Benzodiazepines Derivative,Benzodiazepines,Treatment of Insomnia
nisdol plus 37.5mg/325mg tablet,Y,PAIN ANALGESICS,NA,NA,Moderate to severe pain
nordol injection,Y,PAIN ANALGESICS,Anisole Derivative,Opioids,Moderate to severe pain
nexsys 0.5mg/10mg tablet,Y,NEURO CNS,NA,NA,Treatment of Anxiety disorder
noanx 1mg tablet,Y,NEURO CNS,Benzodiazepines Derivative,Benzodiazepines,Treatment of Anxiety disorder
nexlpra s 0.50mg/50mg tablet,Y,NEURO CNS,NA,NA,Depression
ningigo 1mg tablet,Y,NEURO CNS,Benzodiazepines Derivative,Benzodiazepines,Treatment of Anxiety
nexlpra 1mg tablet,Y,NEURO CNS,Benzodiazepines Derivative,Benzodiazepines,Treatment of Anxiety
ningigo s 0.5mg/50mg tablet,Y,NEURO CNS,NA,NA,Depression
neopam 0.5mg tablet,Y,NEURO CNS,Benzodiazepines Derivative,Benzodiazepines,Treatment of Anxiety disorder
nitrosh 5mg tablet,Y,NEURO CNS,Benzodiazepines Derivative,Benzodiazepines,Treatment of Insomnia
nobligan 50mg injection,Y,PAIN ANALGESICS,Anisole Derivative,Opioids,Moderate to severe pain
nictram-plus tablet,Y,PAIN ANALGESICS,NA,NA,Pain relief
nuradol 37.5mg/325mg tablet,Y,PAIN ANALGESICS,NA,NA,Moderate to severe pain
nexlpra 0.5mg tablet,Y,NEURO CNS,Benzodiazepines Derivative,Benzodiazepines,Treatment of Anxiety
nigap 5mg tablet,Y,NEURO CNS,Benzodiazepines Derivative,Benzodiazepines,Treatment of Insomnia
neopam 0.25mg tablet,Y,NEURO CNS,Benzodiazepines Derivative,Benzodiazepines,Treatment of Anxiety disorder
nutradol 50mg/325mg tablet,Y,PAIN ANALGESICS,NA,NA,Moderate to severe pain
ningigo p 0.25mg/10mg tablet,Y,NEURO CNS,NA,NA,Anxiety disorder
niavet 5mg tablet,Y,NEURO CNS,Benzodiazepines Derivative,Benzodiazepines,Treatment of Insomnia
nomadol 100mg injection,Y,PAIN ANALGESICS,Anisole Derivative,Opioids,Moderate to severe pain
nettram 50mg injection,Y,PAIN ANALGESICS,Anisole Derivative,Opioids,Moderate to severe pain
ninpam 1 tablet md,Y,NEURO CNS,Benzodiazepines Derivative,Benzodiazepines,Treatment of Anxiety disorder
nalp 0.5mg tablet,Y,NEURO CNS,Benzodiazepines Derivative,Benzodiazepines,Treatment of Anxiety
nexapam lite tablet,Y,NEURO CNS,NA,NA,Treatment of Anxiety disorder
neopam p 0.5mg/20mg tablet,Y,NEURO CNS,NA,NA,Treatment of Anxiety disorder
notence 0.5mg tablet sr,Y,NEURO CNS,Benzodiazepines Derivative,Benzodiazepines,Treatment of Anxiety
nazee 2mg tablet,Y,NEURO CNS,Benzodiazepines Derivative,Benzodiazepines,Treatment of Anxiety disorder
neltrip forte 25mg/10mg tablet,Y,NEURO CNS,NA,NA,Treatment of Depression
normovent syrup,Y,RESPIRATORY,NA,NA,Dry cough
nettram p 50mg/500mg tablet,Y,PAIN ANALGESICS,NA,NA,Moderate to severe pain
nexjoy plus 0.5mg/10mg tablet,Y,NEURO CNS,NA,NA,Treatment of Anxiety disorder
neutram 50mg injection,Y,PAIN ANALGESICS,Anisole Derivative,Opioids,Moderate to severe pain
nipotril plus tablet,Y,NEURO CNS,NA,NA,Treatment of Anxiety disorder
nikodol p 37.5mg/325mg tablet,Y,PAIN ANALGESICS,NA,NA,Moderate to severe pain
nopidol 50mg capsule,Y,PAIN ANALGESICS,Anisole Derivative,Opioids,Moderate to severe pain
nimdol t 37.5mg/325mg tablet,Y,PAIN ANALGESICS,NA,NA,Moderate to severe pain
novodec 50mg/325mg/32.5mg tablet,Y,PAIN ANALGESICS,NA,NA,Pain relief
nextrip c 12.5mg/5mg tablet,Y,NEURO CNS,NA,NA,Treatment of Depression
nettram 100mg injection,Y,PAIN ANALGESICS,Anisole Derivative,Opioids,Moderate to severe pain
nopidol 50mg injection,Y,PAIN ANALGESICS,Anisole Derivative,Opioids,Moderate to severe pain
neopam s 0.50mg/10mg tablet,Y,NEURO CNS,NA,NA,Treatment of Anxiety disorder
nexlpra 0.25mg tablet,Y,NEURO CNS,Benzodiazepines Derivative,Benzodiazepines,Treatment of Anxiety
notence 1.5mg tablet sr,Y,NEURO CNS,Benzodiazepines Derivative,Benzodiazepines,Treatment of Anxiety
notil 50mg injection,Y,PAIN ANALGESICS,Anisole Derivative,Opioids,Moderate to severe pain
nosdol 37.5mg/325mg tablet,Y,PAIN ANALGESICS,NA,NA,Moderate to severe pain
ningigo s 0.25mg/25mg tablet,Y,NEURO CNS,NA,NA,Depression
nextrip c 25mg/10mg tablet,Y,NEURO CNS,NA,NA,Treatment of Depression
nytram p 37.5mg/325mg tablet,Y,PAIN ANALGESICS,NA,NA,Moderate to severe pain
ozepam 0.5mg tablet,Y,NEURO CNS,Benzodiazepines Derivative,Benzodiazepines,Treatment of Anxiety disorder
orthodex tablet,Y,PAIN ANALGESICS,NA,NA,Pain relief
oxymark-cd tablet,Y,RESPIRATORY,NA,NA,Pain relief
ona 0.5mg tablet md,Y,NEURO CNS,Benzodiazepines Derivative,Benzodiazepines,Treatment of Anxiety disorder
opigesic 50mg tablet,Y,PAIN ANALGESICS,Anisole Derivative,Opioids,Moderate to severe pain
oresta 10mg tablet,Y,NEURO CNS,Benzodiazepines Derivative,Benzodiazepines,Treatment of Epilepsy/Seizures
oresta 5mg tablet,Y,NEURO CNS,Benzodiazepines Derivative,Benzodiazepines,Treatment of Epilepsy/Seizures
octram-p tablet,Y,PAIN ANALGESICS,NA,NA,Moderate to severe pain
ona 0.25mg tablet md,Y,NEURO CNS,Benzodiazepines Derivative,Benzodiazepines,Treatment of Anxiety disorder
ozepam 0.25mg tablet,Y,NEURO CNS,Benzodiazepines Derivative,Benzodiazepines,Treatment of Anxiety disorder
ona 0.5 tablet,Y,NEURO CNS,Benzodiazepines Derivative,Benzodiazepines,Treatment of Anxiety disorder
opidol p 500mg/50mg tablet,Y,PAIN ANALGESICS,NA,NA,Pain relief
om 10mg/1mg tablet,Y,NEURO CNS,NA,NA,Schizophrenia
onapil 0.5mg tablet,Y,NEURO CNS,Benzodiazepines Derivative,Benzodiazepines,Treatment of Anxiety disorder
oxitin plus 12.5mg/0.5mg tablet cr,Y,NEURO CNS,NA,NA,Depression
oxydin tablet,Y,PAIN ANALGESICS,NA,NA,Pain relief
oc dol 100mg tablet,Y,PAIN ANALGESICS,Anisole Derivative,Opioids,Moderate to severe pain
olpid 10mg tablet,Y,NEURO CNS,Imidazopyridine Derivative,Non-benzodiazepine hypnotics (Z Compounds),Treatment of Insomnia
ona 1mg tablet,Y,NEURO CNS,Benzodiazepines Derivative,Benzodiazepines,Treatment of Anxiety disorder
overspa x 135mg/5mg tablet,Y,GASTRO INTESTINAL,NA,NA,Irritable bowel syndrome
osteodol 325 mg/37.5 mg tablet,Y,PAIN ANALGESICS,NA,NA,Pain relief
orazep 1mg tablet,Y,RESPIRATORY,Benzodiazepines Derivative,Benzodiazepines,Treatment of Short term anxiety
oratric 2mg tablet,Y,RESPIRATORY,Benzodiazepines Derivative,Benzodiazepines,Treatment of Short term anxiety
olpid 5mg tablet,Y,NEURO CNS,Imidazopyridine Derivative,Non-benzodiazepine hypnotics (Z Compounds),Treatment of Insomnia
orazep 2mg tablet,Y,RESPIRATORY,Benzodiazepines Derivative,Benzodiazepines,Treatment of Short term anxiety
opifent 100 injection,Y,PAIN ANALGESICS,Phenylpiperidine Derivatives,Opioids,Pain relief
ona 2mg tablet,Y,NEURO CNS,Benzodiazepines Derivative,Benzodiazepines,Treatment of Anxiety disorder
omudol tablet,Y,PAIN ANALGESICS,NA,NA,Pain relief
onaz-ls tablet,Y,NEURO CNS,NA,NA,Treatment of Anxiety disorder
ona 0.25 tablet,Y,NEURO CNS,Benzodiazepines Derivative,Benzodiazepines,Treatment of Anxiety disorder
opifent 500 injection,Y,PAIN ANALGESICS,Phenylpiperidine Derivatives,Opioids,Pain relief
orthodex forte 400mg/500mg/500mg tablet,Y,PAIN ANALGESICS,NA,NA,Pain relief
onaz 0.5 tablet,Y,NEURO CNS,Benzodiazepines Derivative,Benzodiazepines,Treatment of Anxiety disorder
opdol 100mg injection,Y,PAIN ANALGESICS,Anisole Derivative,Opioids,Moderate to severe pain
onatril 0.25mg tablet md,Y,NEURO CNS,Benzodiazepines Derivative,Benzodiazepines,Treatment of Anxiety disorder
orthodex-tr tablet,Y,PAIN ANALGESICS,NA,NA,Pain relief
ozepam 2mg tablet,Y,NEURO CNS,Benzodiazepines Derivative,Benzodiazepines,Treatment of Anxiety disorder
olpitric 10mg tablet,Y,NEURO CNS,Imidazopyridine Derivative,Non-benzodiazepine hypnotics (Z Compounds),Treatment of Insomnia
oxydin injection,Y,PAIN ANALGESICS,NA,NA,Pain relief
otodril syrup,Y,RESPIRATORY,NA,NA,Dry cough
opigesic p 50mg/500mg tablet,Y,PAIN ANALGESICS,NA,NA,Moderate to severe pain
olpidem 10mg tablet,Y,NEURO CNS,Imidazopyridine Derivative,Non-benzodiazepine hypnotics (Z Compounds),Treatment of Insomnia
osteokind p 37.5mg/325mg tablet,Y,PAIN ANALGESICS,NA,NA,Moderate to severe pain
opidol-p tablet,Y,PAIN ANALGESICS,NA,NA,Moderate to severe pain
ona 1mg tablet md,Y,NEURO CNS,Benzodiazepines Derivative,Benzodiazepines,Treatment of Anxiety disorder
oram d 37.5mg/325mg tablet,Y,PAIN ANALGESICS,NA,NA,Moderate to severe pain
ocdol-p 37.5mg/325mg tablet,Y,PAIN ANALGESICS,NA,NA,Moderate to severe pain
ona 2mg tablet md,Y,NEURO CNS,Benzodiazepines Derivative,Benzodiazepines,Treatment of Anxiety disorder
ocalm 0.25mg tablet,Y,NEURO CNS,Benzodiazepines Derivative,Benzodiazepines,Treatment of Anxiety
on kof syrup,Y,RESPIRATORY,NA,NA,Dry cough
odypram 0.5mg/10mg tablet,Y,NEURO CNS,NA,NA,Treatment of Anxiety disorder
opitone 30 tablet,Y,NEURO CNS,Barbituric Acid Derivative,Barbiturate,Epilepsy/Seizures
oresta 20mg tablet,Y,NEURO CNS,Benzodiazepines Derivative,Benzodiazepines,Treatment of Epilepsy/Seizures
ocalm 0.5mg tablet,Y,NEURO CNS,Benzodiazepines Derivative,Benzodiazepines,Treatment of Anxiety
osopose 2mg tablet,Y,NEURO CNS,Benzodiazepine Derivative,Benzodiazepines,Short term anxiety
ozepam 7.5mg tablet md,Y,NEURO CNS,Benzodiazepines Derivative,Benzodiazepines,Treatment of Anxiety disorder
onaz-plus tablet,Y,NEURO CNS,NA,NA,Treatment of Anxiety disorder
ontadol-p 325mg/37.5mg tablet,Y,PAIN ANALGESICS,NA,NA,Pain relief
opiwyn tablet,Y,PAIN ANALGESICS,Anisole Derivative,Opioids,Moderate to severe pain
oxymark tablet,Y,PAIN ANALGESICS,NA,NA,Pain relief
odel 50mg tablet,Y,PAIN ANALGESICS,Anisole Derivative,Opioids,Moderate to severe pain
oratric 1mg tablet,Y,RESPIRATORY,Benzodiazepines Derivative,Benzodiazepines,Treatment of Short term anxiety
oc dol 50mg tablet,Y,PAIN ANALGESICS,Anisole Derivative,Opioids,Moderate to severe pain
osopose 5mg tablet,Y,NEURO CNS,Benzodiazepine Derivative,Benzodiazepines,Short term anxiety
opi ot 500 mg/50 mg tablet,Y,PAIN ANALGESICS,NA,NA,Pain relief
olpyz 10mg tablet,Y,NEURO CNS,Imidazopyridine Derivative,Non-benzodiazepine hypnotics (Z Compounds),Treatment of Insomnia
orolam-p tablet,Y,NEURO CNS,NA,NA,Anxiety disorder
onatril 0.5mg tablet md,Y,NEURO CNS,Benzodiazepines Derivative,Benzodiazepines,Treatment of Anxiety disorder
orlidox-d tablet,Y,GASTRO INTESTINAL,NA,NA,Treatment of Irritable bowel syndrome
opitone 60 tablet,Y,NEURO CNS,Barbituric Acid Derivative,Barbiturate,Epilepsy/Seizures
orokuff-t syrup,Y,RESPIRATORY,NA,NA,Dry cough
onaz 0.25 tablet,Y,NEURO CNS,Benzodiazepines Derivative,Benzodiazepines,Treatment of Anxiety disorder
olpitric 5mg tablet,Y,NEURO CNS,Imidazopyridine Derivative,Non-benzodiazepine hypnotics (Z Compounds),Treatment of Insomnia
orogesic tm 325 mg/37.5 mg tablet,Y,PAIN ANALGESICS,NA,NA,Pain relief
omelam tablet,Y,NEURO CNS,NA,NA,Anxiety
opimed p 37.5mg/325mg tablet,Y,PAIN ANALGESICS,NA,NA,Moderate to severe pain
opidol plus 50mg/500mg tablet,Y,PAIN ANALGESICS,NA,NA,Moderate to severe pain
opiodol tablet,Y,PAIN ANALGESICS,NA,NA,Moderate to severe pain
omodol 50mg/350mg tablet,Y,PAIN ANALGESICS,NA,NA,Moderate to severe pain
optyl-c 10 tablet,Y,NEURO CNS,NA,NA,Treatment of Anxiety disorder
o dox tablet,Y,PAIN ANALGESICS,NA,NA,Pain relief
opiate 100mg injection,Y,PAIN ANALGESICS,Anisole Derivative,Opioids,Moderate to severe pain
opiran 50mg injection,Y,PAIN ANALGESICS,Anisole Derivative,Opioids,Moderate to severe pain
oc dol 50mg injection,Y,PAIN ANALGESICS,Anisole Derivative,Opioids,Moderate to severe pain
ozolam 0.25mg tablet,Y,NEURO CNS,Benzodiazepines Derivative,Benzodiazepines,Treatment of Anxiety
olipar 2.5mg tablet md,Y,NEURO CNS,Benzodiazepines Derivative,Benzodiazepines,Treatment of Anxiety disorder
odemed 5mg/2.5mg tablet,Y,GASTRO INTESTINAL,NA,NA,Treatment of Irritable bowel syndrome
ospidol 100mg tablet,Y,PAIN ANALGESICS,Anisole Derivative,Opioids,Moderate to severe pain
offzep 0.5mg tablet md,Y,NEURO CNS,Benzodiazepines Derivative,Benzodiazepines,Treatment of Anxiety disorder
ondol 50mg injection,Y,PAIN ANALGESICS,Anisole Derivative,Opioids,Moderate to severe pain
onz 0.5mg tablet,Y,NEURO CNS,Benzodiazepines Derivative,Benzodiazepines,Treatment of Anxiety disorder
osmozer forte 100mg/325mg/37.5mg tablet,Y,PAIN ANALGESICS,NA,NA,Pain relief
oratric 2mg injection,Y,RESPIRATORY,Benzodiazepines Derivative,Benzodiazepines,Treatment of Status epilepticus
oldol 50mg injection,Y,PAIN ANALGESICS,Anisole Derivative,Opioids,Moderate to severe pain
optyl-c 5 tablet,Y,NEURO CNS,NA,NA,Treatment of Anxiety disorder
orchidol 50mg injection,Y,PAIN ANALGESICS,Anisole Derivative,Opioids,Moderate to severe pain
orthopax 50mg/325mg/32.5mg tablet,Y,PAIN ANALGESICS,NA,NA,Pain relief
oxxydol p 37.5mg/325mg tablet,Y,PAIN ANALGESICS,NA,NA,Moderate to severe pain
ospidyne tablet,Y,PAIN ANALGESICS,NA,NA,Pain relief
onapract 0.25mg tablet,Y,NEURO CNS,Benzodiazepines Derivative,Benzodiazepines,Treatment of Anxiety
opi ot 100mg injection,Y,PAIN ANALGESICS,Anisole Derivative,Opioids,Moderate to severe pain
ozitam plus 37.5mg/325mg tablet,Y,PAIN ANALGESICS,NA,NA,Moderate to severe pain
oscodin syrup,Y,RESPIRATORY,NA,NA,Dry cough
opibind p 37.5mg/325mg tablet,Y,PAIN ANALGESICS,NA,NA,Moderate to severe pain
ozitram 50mg/500mg tablet,Y,PAIN ANALGESICS,NA,NA,Moderate to severe pain
otram 50mg/500mg tablet,Y,PAIN ANALGESICS,NA,NA,Moderate to severe pain
orchidol 100mg injection,Y,PAIN ANALGESICS,Anisole Derivative,Opioids,Moderate to severe pain
orchidol 50mg tablet,Y,PAIN ANALGESICS,Anisole Derivative,Opioids,Moderate to severe pain
oditam 100mg injection,Y,PAIN ANALGESICS,Anisole Derivative,Opioids,Moderate to severe pain
onidol tp 50mg/500mg tablet,Y,PAIN ANALGESICS,NA,NA,Moderate to severe pain
oldol p 37.5mg/325mg tablet,Y,PAIN ANALGESICS,NA,NA,Moderate to severe pain
osdol p 37.5mg/325mg tablet,Y,PAIN ANALGESICS,NA,NA,Moderate to severe pain
ozitram 100mg injection,Y,PAIN ANALGESICS,Anisole Derivative,Opioids,Moderate to severe pain
opiate-p 50mg/500mg tablet,Y,PAIN ANALGESICS,NA,NA,Moderate to severe pain
olpyz 5mg tablet,Y,NEURO CNS,Imidazopyridine Derivative,Non-benzodiazepine hypnotics (Z Compounds),Treatment of Insomnia
opimed 100mg injection,Y,PAIN ANALGESICS,Anisole Derivative,Opioids,Moderate to severe pain
ontadol 50mg injection,Y,PAIN ANALGESICS,Anisole Derivative,Opioids,Moderate to severe pain
oshdol 50mg/500mg tablet,Y,PAIN ANALGESICS,NA,NA,Moderate to severe pain
petril-md 0.25 tablet,Y,NEURO CNS,Benzodiazepines Derivative,Benzodiazepines,Treatment of Anxiety disorder
petril beta 10 tablet,Y,NEURO CNS,NA,NA,Treatment of Anxiety disorder
petril beta 20 tablet,Y,NEURO CNS,NA,NA,Treatment of Anxiety disorder
petril-md 0.5 tablet,Y,NEURO CNS,Benzodiazepines Derivative,Benzodiazepines,Treatment of Anxiety disorder
planokuf syrup,Y,RESPIRATORY,NA,NA,Dry cough
petril 0.5 tablet,Y,NEURO CNS,Benzodiazepines Derivative,Benzodiazepines,Treatment of Anxiety disorder
panazep 12.5 tablet er,Y,NEURO CNS,NA,NA,Depression
prolet 25 tablet,Y,NEURO CNS,Barbituric Acid Derivative,Barbiturate,Epilepsy/Seizures
petril plus tablet,Y,NEURO CNS,NA,NA,Treatment of Anxiety disorder
proxyvon plus capsule,Y,PAIN ANALGESICS,NA,NA,Pain relief
phensedyl t syrup,Y,RESPIRATORY,NA,NA,Dry cough
panazep ls 12.5mg/0.25mg tablet,Y,NEURO CNS,NA,NA,Depression
pari cr plus tablet,Y,NEURO CNS,NA,NA,Depression
panazep 25 tablet er,Y,NEURO CNS,NA,NA,Depression
pexep plus 12.5 capsule ir,Y,NEURO CNS,NA,NA,Depression
pt 325mg/37.5mg tablet,Y,PAIN ANALGESICS,NA,NA,Pain relief
phensedyl new cough linctus,Y,RESPIRATORY,NA,NA,Dry cough
phenobarbitone 200mg injection,Y,NEURO CNS,Barbituric Acid Derivative,Barbiturate,Epilepsy/Seizures
pyeevon spas capsule,Y,PAIN ANALGESICS,NA,NA,Pain relief
provanol forte 0.25mg/20mg tablet,Y,NEURO CNS,NA,NA,Treatment of Anxiety disorder
pexep plus 25 capsule ir,Y,NEURO CNS,NA,NA,Depression
pyrigesic t 325mg/37.5mg tablet,Y,PAIN ANALGESICS,NA,NA,Pain relief
paradol tablet,Y,PAIN ANALGESICS,NA,NA,Moderate to severe pain
pari cr forte tablet,Y,NEURO CNS,NA,NA,Depression
provanol forte 0.5mg/20mg tablet,Y,NEURO CNS,NA,NA,Treatment of Anxiety disorder
peptica tablet,Y,NEURO CNS,Benzodiazepine Derivative,Benzodiazepines,Short term anxiety
procalm 0.5mg tablet,Y,NEURO CNS,Benzodiazepines Derivative,Benzodiazepines,Treatment of Anxiety
prolet 50 tablet,Y,NEURO CNS,Barbituric Acid Derivative,Barbiturate,Epilepsy/Seizures
parvon spas capsule,Y,GASTRO INTESTINAL,NA,NA,Abdominal pain
petril plus ls tablet,Y,NEURO CNS,NA,NA,Treatment of Anxiety disorder
prolet 12.5 tablet,Y,NEURO CNS,Barbituric Acid Derivative,Barbiturate,Epilepsy/Seizures
parvon forte tablet,Y,PAIN ANALGESICS,NA,NA,Moderate to severe pain
proline 2mg tablet,Y,RESPIRATORY,Benzodiazepines Derivative,Benzodiazepines,Treatment of Short term anxiety
phenobarb 30mg tablet,Y,NEURO CNS,Barbituric Acid Derivative,Barbiturate,Epilepsy/Seizures
paxonil plus 12.5mg/0.5mg tablet,Y,NEURO CNS,NA,NA,Depression
petril 1 tablet,Y,NEURO CNS,Benzodiazepines Derivative,Benzodiazepines,Treatment of Anxiety disorder
petril lite tablet,Y,NEURO CNS,NA,NA,Treatment of Anxiety disorder
phenotil tablet,Y,GASTRO INTESTINAL,NA,NA,Diarrhea
peace 10 mg/1 mg tablet,Y,NEURO CNS,NA,NA,Schizophrenia
paxum 5mg tablet,Y,NEURO CNS,Benzodiazepine Derivative,Benzodiazepines,Short term anxiety
phenobarb 60mg tablet,Y,NEURO CNS,Barbituric Acid Derivative,Barbiturate,Epilepsy/Seizures
parasafe t tablet,Y,PAIN ANALGESICS,NA,NA,Pain relief
patroxta plus 12.5 tablet cr,Y,NEURO CNS,NA,NA,Depression
penzin 30mg injection,Y,PAIN ANALGESICS,Benzomorphan Derivatives,Opioids,Moderate to severe pain
piplar drop,Y,NEURO CNS,Barbituric Acid Derivative,Barbiturate,Epilepsy/Seizures
paxonil ls 12.5mg/0.25mg tablet,Y,NEURO CNS,NA,NA,Depression
prado plus tablet,Y,PAIN ANALGESICS,NA,NA,Pain relief
petril 2 tablet,Y,NEURO CNS,Benzodiazepines Derivative,Benzodiazepines,Treatment of Anxiety disorder
provake 100mg tablet,Y,NEURO CNS,Diphenylmethane Derivative,Stimulant/ Drug for excessive sleepiness,Narcolepsy (Uncontrollable daytime sleepiness)
parvo cof syrup,Y,RESPIRATORY,NA,NA,Dry cough
paroxee plus 12.5mg/0.5mg tablet,Y,NEURO CNS,NA,NA,Depression
pronext 0.25mg/20mg tablet,Y,NEURO CNS,NA,NA,Anxiety disorder
paxit plus 12.5mg/0.5mg tablet cr,Y,NEURO CNS,NA,NA,Depression
paro cr plus tablet,Y,NEURO CNS,NA,NA,Depression
patinex ls 12.5mg/0.5mg tablet,Y,NEURO CNS,NA,NA,Depression
patinex plus 25mg/0.5mg tablet,Y,NEURO CNS,NA,NA,Depression
paracod tablet,Y,RESPIRATORY,NA,NA,Pain relief
paxotus plus 12.5mg/0.5mg tablet,Y,NEURO CNS,NA,NA,Depression
pacific 0.25 mg tablet,Y,NEURO CNS,Benzodiazepines Derivative,Benzodiazepines,Treatment of Anxiety
paro cr forte tablet,Y,NEURO CNS,NA,NA,Depression
proline 1mg tablet,Y,RESPIRATORY,Benzodiazepines Derivative,Benzodiazepines,Treatment of Short term anxiety
paxonil plus 25mg/0.5mg tablet,Y,NEURO CNS,NA,NA,Depression
pentothal injection,Y,PAIN ANALGESICS,Ultrashort-Acting Barbituric Acid Derivative,Barbiturate,Anesthesia
primelox 25mg tablet,Y,NEURO CNS,Barbituric Acid Derivative,Barbiturate,Epilepsy/Seizures
pmo t 325mg/37.5mg tablet,Y,PAIN ANALGESICS,NA,NA,Pain relief
placidox 2mg tablet,Y,NEURO CNS,Benzodiazepine Derivative,Benzodiazepines,Short term anxiety
prolet sr 100 tablet,Y,NEURO CNS,Barbituric Acid Derivative,Barbiturate,Epilepsy/Seizures
patroxta plus 25 tablet cr,Y,NEURO CNS,NA,NA,Depression
primelox 50mg tablet,Y,NEURO CNS,Barbituric Acid Derivative,Barbiturate,Epilepsy/Seizures
parozep 12.5 tablet cr,Y,NEURO CNS,NA,NA,Depression
phenrex syrup,Y,RESPIRATORY,NA,NA,Dry cough
placidox 5mg tablet,Y,NEURO CNS,Benzodiazepine Derivative,Benzodiazepines,Short term anxiety
paxum 10mg injection,Y,NEURO CNS,Benzodiazepine Derivative,Benzodiazepines,Treatment of Short term anxiety
parozep 25mg/0.5mg tablet,Y,NEURO CNS,NA,NA,Depression
pxr ls 12.5mg/0.5mg tablet,Y,NEURO CNS,NA,NA,Depression
pendol p 325mg/37.5mg tablet,Y,PAIN ANALGESICS,NA,NA,Pain relief
primol-t tablet,Y,PAIN ANALGESICS,NA,NA,Moderate to severe pain
planokuf t syrup,Y,RESPIRATORY,NA,NA,Dry cough
phenotone 60mg tablet,Y,NEURO CNS,Barbituric Acid Derivative,Barbiturate,Epilepsy/Seizures
pro alarm 0.25 mg/20 mg tablet,Y,NEURO CNS,NA,NA,Anxiety disorder
pro-ziety 0.25mg/20mg tablet,Y,NEURO CNS,NA,NA,Anxiety disorder
prazolam 0.25mg tablet,Y,NEURO CNS,Benzodiazepines Derivative,Benzodiazepines,Treatment of Anxiety
parvon forte capsule,Y,PAIN ANALGESICS,NA,NA,Pain relief
proxynova capsule,Y,PAIN ANALGESICS,NA,NA,Pain relief
paxotus plus 25mg/0.5mg capsule,Y,NEURO CNS,NA,NA,Depression
primirus 25mg tablet,Y,NEURO CNS,Barbituric Acid Derivative,Barbiturate,Epilepsy/Seizures
peaceoxide 10mg tablet,Y,NEURO CNS,Benzodiazepines Derivative,Benzodiazepines,Severe anxiety
procalm 0.25mg tablet,Y,NEURO CNS,Benzodiazepines Derivative,Benzodiazepines,Treatment of Anxiety
paxam forte 0.5mg/20mg tablet,Y,NEURO CNS,NA,NA,Treatment of Anxiety disorder
parazine suspension,Y,NEURO CNS,NA,NA,Schizophrenia
peelar c 0.25mg/10mg tablet,Y,NEURO CNS,NA,NA,Treatment of Anxiety disorder
parolyst plus 25mg/0.5mg capsule cr,Y,NEURO CNS,NA,NA,Depression
pandol p 37.5mg/325mg tablet,Y,PAIN ANALGESICS,NA,NA,Moderate to severe pain
painadol p 325mg/37.5mg tablet,Y,PAIN ANALGESICS,NA,NA,Pain relief
parvon capsule,Y,PAIN ANALGESICS,NA,NA,Pain relief
partram tablet,Y,PAIN ANALGESICS,NA,NA,Pain relief
paxonil ls 25mg/0.5mg capsule,Y,NEURO CNS,NA,NA,Depression
phenotone 30mg tablet,Y,NEURO CNS,Barbituric Acid Derivative,Barbiturate,Epilepsy/Seizures
paxi cr forte tablet,Y,NEURO CNS,NA,NA,Depression
pyrex p 0.25 mg/20 mg tablet,Y,NEURO CNS,NA,NA,Anxiety disorder
paz 0.25mg/20mg tablet,Y,NEURO CNS,NA,NA,Anxiety disorder
phensedyl 4mg/10mg expectorant,Y,RESPIRATORY,NA,NA,Dry cough
proxyvon 400mg/65mg capsule,Y,PAIN ANALGESICS,NA,NA,Pain relief
prd plus 325 mg/37.5 mg tablet,Y,PAIN ANALGESICS,NA,NA,Pain relief
paintrol 325 mg/37.5 mg tablet,Y,PAIN ANALGESICS,NA,NA,Pain relief
parocy forte 25mg/0.5mg tablet,Y,NEURO CNS,NA,NA,Depression
paxiton plus 12.5mg/.5mg tablet,Y,NEURO CNS,NA,NA,Depression
prolam 0.5mg tablet,Y,NEURO CNS,Benzodiazepines Derivative,Benzodiazepines,Treatment of Anxiety
paxonil ls 12.5 tablet cr,Y,NEURO CNS,NA,NA,Depression
parexel plus 5mg/2.5mg tablet,Y,GASTRO INTESTINAL,NA,NA,Treatment of Irritable bowel syndrome
pax 0.5mg tablet,Y,NEURO CNS,Benzodiazepines Derivative,Benzodiazepines,Treatment of Anxiety
pentawin 30mg injection,Y,PAIN ANALGESICS,Benzomorphan Derivatives,Opioids,Moderate to severe pain
pacific 0.5mg tablet,Y,NEURO CNS,Benzodiazepines Derivative,Benzodiazepines,Treatment of Anxiety
parexel tablet,Y,GASTRO INTESTINAL,NA,NA,Abdominal pain
pracidep plus 0.5mg/10mg tablet,Y,NEURO CNS,NA,NA,Treatment of Anxiety disorder
prazil 0.25mg tablet,Y,NEURO CNS,Benzodiazepines Derivative,Benzodiazepines,Treatment of Anxiety
pexibrus plus 12.5 tablet ir,Y,NEURO CNS,NA,NA,Depression
proprazolam m 0.25 mg/10 mg tablet,Y,NEURO CNS,NA,NA,Anxiety disorder
prazil 0.5mg tablet,Y,NEURO CNS,Benzodiazepines Derivative,Benzodiazepines,Treatment of Anxiety
pax 0.25mg tablet,Y,NEURO CNS,Benzodiazepines Derivative,Benzodiazepines,Treatment of Anxiety
piktus-c syrup,Y,RESPIRATORY,NA,NA,Dry cough
psycomer c 25mg/10mg tablet,Y,NEURO CNS,NA,NA,Treatment of Depression
pariwave-cr plus tablet,Y,NEURO CNS,NA,NA,Depression
proxanit 0.25 mg/20 mg tablet,Y,NEURO CNS,NA,NA,Anxiety disorder
proxytab 500 mg/32.5 mg tablet,Y,PAIN ANALGESICS,NA,NA,Pain relief
pxr forte 25mg/0.5mg tablet,Y,NEURO CNS,NA,NA,Depression
parotine plus 12.5mg/0.5mg tablet,Y,NEURO CNS,NA,NA,Depression
pizolam p 0.25 mg/20 mg tablet,Y,NEURO CNS,NA,NA,Anxiety disorder
paincure p 500mg/50mg tablet,Y,PAIN ANALGESICS,NA,NA,Pain relief
prizm 0.5mg tablet,Y,NEURO CNS,Benzodiazepines Derivative,Benzodiazepines,Treatment of Anxiety
patradol tablet,Y,PAIN ANALGESICS,NA,NA,Moderate to severe pain
prozepton 0.5mg tablet md,Y,NEURO CNS,Benzodiazepines Derivative,Benzodiazepines,Treatment of Anxiety disorder
prd 50mg tablet md,Y,PAIN ANALGESICS,Anisole Derivative,Opioids,Moderate to severe pain
panicalm 0.5 mg/10 mg tablet,Y,NEURO CNS,NA,NA,Treatment of Anxiety disorder
paxin 325 mg/37.5 mg tablet,Y,PAIN ANALGESICS,NA,NA,Pain relief
pentalab 30mg injection,Y,PAIN ANALGESICS,Benzomorphan Derivatives,Opioids,Moderate to severe pain
prazep 2 mg/25 mg tablet,Y,NEURO CNS,NA,NA,Depression
paxit forte 25mg/0.5mg tablet cr,Y,NEURO CNS,NA,NA,Depression
prasilex plus 0.5 mg/10 mg tablet,Y,NEURO CNS,NA,NA,Treatment of Anxiety disorder
preston 0.5mg/10mg tablet,Y,NEURO CNS,NA,NA,Treatment of Anxiety disorder
pacinol 0.25 mg/20 mg tablet,Y,NEURO CNS,NA,NA,Anxiety disorder
placidox 10mg tablet,Y,NEURO CNS,Benzodiazepine Derivative,Benzodiazepines,Short term anxiety
psycool plus 0.25mg/20mg tablet,Y,NEURO CNS,NA,NA,Anxiety disorder
parataj 650mg/30mg tablet,Y,RESPIRATORY,NA,NA,Pain relief
palitex flash 325mg/37.5mg tablet,Y,PAIN ANALGESICS,NA,NA,Pain relief
prazep 5 mg/25 mg tablet,Y,NEURO CNS,NA,NA,Depression
painadol 100mg tablet sr,Y,PAIN ANALGESICS,Anisole Derivative,Opioids,Moderate to severe pain
parazin c 10mg/1mg tablet,Y,NEURO CNS,NA,NA,Schizophrenia
parogen plus 12.5mg/0.25mg tablet cr,Y,NEURO CNS,NA,NA,Depression
peaceoxide 25mg tablet,Y,NEURO CNS,Benzodiazepines Derivative,Benzodiazepines,Severe anxiety
pisful 20mg capsule,Y,NEURO CNS,Benzodiazepines Derivative,Benzodiazepines,Treatment of Epilepsy/Seizures
pax 1mg tablet,Y,NEURO CNS,Benzodiazepines Derivative,Benzodiazepines,Treatment of Anxiety
paradol forte tablet,Y,PAIN ANALGESICS,NA,NA,Moderate to severe pain
propol c 0.5 tablet,Y,NEURO CNS,NA,NA,Treatment of Anxiety disorder
pifzot 0.25mg/20mg tablet,Y,NEURO CNS,NA,NA,Depression
parolyst mini plus capsule cr,Y,NEURO CNS,NA,NA,Depression
paxam plus 0.25mg/20mg tablet,Y,NEURO CNS,NA,NA,Treatment of Anxiety disorder
prizm 0.25mg tablet,Y,NEURO CNS,Benzodiazepines Derivative,Benzodiazepines,Treatment of Anxiety
paxum 5mg injection,Y,NEURO CNS,Benzodiazepine Derivative,Benzodiazepines,Treatment of Short term anxiety
penorid 325 mg/37.5 mg tablet,Y,PAIN ANALGESICS,NA,NA,Pain relief
paxonil ls 25mg/0.5mg tablet cr,Y,NEURO CNS,NA,NA,Depression
paradol injection,Y,PAIN ANALGESICS,Anisole Derivative,Opioids,Moderate to severe pain
pariwave-cr forte tablet,Y,NEURO CNS,NA,NA,Depression
provake 200mg tablet,Y,NEURO CNS,Diphenylmethane Derivative,Stimulant/ Drug for excessive sleepiness,Narcolepsy (Uncontrollable daytime sleepiness)
prokar 10mg/1mg tablet,Y,NEURO CNS,NA,NA,Schizophrenia
parvodex 65mg capsule,Y,PAIN ANALGESICS,Phenylheptylamines Derivative,Opioids,Treatment of Moderate to severe pain
paroxta plus 12.5 mg/0.5 mg tablet,Y,NEURO CNS,NA,NA,Depression
parocy plus 12.5mg/0.5mg tablet,Y,NEURO CNS,NA,NA,Depression
phentin 15mg injection,Y,CARDIAC,Amphetamines Derivatives,Sympathomimetics agonist,Decreased blood pressure
pylonorm tablet,Y,GASTRO INTESTINAL,NA,NA,Treatment of Irritable bowel syndrome
prolet sr 150 tablet,Y,NEURO CNS,Barbituric Acid Derivative,Barbiturate,Epilepsy/Seizures
pranol f 0.25mg/20mg tablet,Y,NEURO CNS,NA,NA,Depression
peacin 5mg tablet,Y,NEURO CNS,Benzodiazepine Derivative,Benzodiazepines,Short term anxiety
parona plus 12.5mg/0.5mg tablet cr,Y,NEURO CNS,NA,NA,Depression
pezlor 1mg tablet,Y,RESPIRATORY,Benzodiazepines Derivative,Benzodiazepines,Treatment of Short term anxiety
paxor 0.5mg tablet,Y,NEURO CNS,Benzodiazepines Derivative,Benzodiazepines,Treatment of Anxiety
pantril 1mg tablet,Y,NEURO CNS,Benzodiazepines Derivative,Benzodiazepines,Treatment of Anxiety disorder
paine 50mg capsule,Y,PAIN ANALGESICS,Anisole Derivative,Opioids,Moderate to severe pain
prd 100mg tablet sr,Y,PAIN ANALGESICS,Anisole Derivative,Opioids,Moderate to severe pain
prozam 0.5mg tablet,Y,NEURO CNS,Benzodiazepines Derivative,Benzodiazepines,Treatment of Anxiety
procool 0.25mg/20mg tablet,Y,NEURO CNS,NA,NA,Anxiety disorder
pisful 40mg capsule,Y,NEURO CNS,Benzodiazepines Derivative,Benzodiazepines,Treatment of Epilepsy/Seizures
parcodin syrup,Y,RESPIRATORY,NA,NA,Dry cough
paroxta plus 25 mg/0.5 mg tablet,Y,NEURO CNS,NA,NA,Depression
prolam 0.25mg tablet,Y,NEURO CNS,Benzodiazepines Derivative,Benzodiazepines,Treatment of Anxiety
pecalm 0.25mg tablet md,Y,NEURO CNS,Benzodiazepines Derivative,Benzodiazepines,Treatment of Anxiety disorder
penix-p 37.5mg/325mg tablet,Y,PAIN ANALGESICS,NA,NA,Moderate to severe pain
prasilex plus 0.5mg/10mg tablet,Y,NEURO CNS,NA,NA,Treatment of Anxiety disorder
phencodin syrup,Y,RESPIRATORY,NA,NA,Dry cough
panik 0.25mg tablet,Y,NEURO CNS,Benzodiazepines Derivative,Benzodiazepines,Treatment of Anxiety disorder
painadol 50mg tablet sr,Y,PAIN ANALGESICS,Anisole Derivative,Opioids,Moderate to severe pain
p tin plus 12.5mg/0.5mg tablet cr,Y,NEURO CNS,NA,NA,Depression
pridep plus 0.5 mg/10 mg tablet,Y,NEURO CNS,NA,NA,Treatment of Anxiety disorder
propia 0.25mg/20mg tablet,Y,NEURO CNS,NA,NA,Anxiety disorder
pacific h tablet 0.25 mg/10 mg,Y,NEURO CNS,NA,NA,Anxiety disorder
proptric a 0.25mg/20mg tablet,Y,NEURO CNS,NA,NA,Anxiety disorder
procalm 1mg tablet,Y,NEURO CNS,Benzodiazepines Derivative,Benzodiazepines,Treatment of Anxiety
pijn-xt tablet,Y,PAIN ANALGESICS,NA,NA,Moderate to severe pain
paronazep-cr tablet,Y,NEURO CNS,NA,NA,Depression
ped o 5mg tablet,Y,NEURO CNS,Imidazopyridine Derivative,Non-benzodiazepine hypnotics (Z Compounds),Treatment of Insomnia
paff plus 325mg/37.5mg tablet,Y,PAIN ANALGESICS,NA,NA,Pain relief
pralam 1mg tablet,Y,NEURO CNS,Benzodiazepines Derivative,Benzodiazepines,Treatment of Anxiety
pronol 0.25mg/20mg tablet,Y,NEURO CNS,NA,NA,Anxiety disorder
prasineo-plus tablet,Y,NEURO CNS,NA,NA,Treatment of Anxiety disorder
pezlor 2mg tablet,Y,RESPIRATORY,Benzodiazepines Derivative,Benzodiazepines,Treatment of Short term anxiety
postram p 37.5mg/325mg tablet,Y,PAIN ANALGESICS,NA,NA,Moderate to severe pain
p kalm 0.25mg tablet,Y,NEURO CNS,Benzodiazepines Derivative,Benzodiazepines,Treatment of Anxiety
pizolam 0.5mg tablet,Y,NEURO CNS,Benzodiazepines Derivative,Benzodiazepines,Treatment of Anxiety
papol t 325mg/37.5mg tablet,Y,PAIN ANALGESICS,NA,NA,Pain relief
p trax 325mg/37.5mg tablet,Y,PAIN ANALGESICS,NA,NA,Pain relief
poxloy 10mg tablet,Y,NEURO CNS,Benzodiazepines Derivative,Benzodiazepines,Severe anxiety
poxid 10mg tablet,Y,NEURO CNS,Benzodiazepines Derivative,Benzodiazepines,Severe anxiety
phenkuff syrup,Y,RESPIRATORY,NA,NA,Dry cough
pantril 0.25mg tablet,Y,NEURO CNS,Benzodiazepines Derivative,Benzodiazepines,Treatment of Anxiety disorder
pedo 5mg tablet,Y,NEURO CNS,Imidazopyridine Derivative,Non-benzodiazepine hypnotics (Z Compounds),Treatment of Insomnia
paxin tc tablet,Y,PAIN ANALGESICS,NA,NA,Fever
propnix forte 0.25mg/10mg tablet,Y,NEURO CNS,NA,NA,Anxiety disorder
panik 1mg tablet,Y,NEURO CNS,Benzodiazepines Derivative,Benzodiazepines,Treatment of Anxiety disorder
penover 325 mg/37.5 mg tablet,Y,PAIN ANALGESICS,NA,NA,Pain relief
pedo 50mg suspension,Y,NEURO CNS,Imidazopyridine Derivative,Non-benzodiazepine hypnotics (Z Compounds),Treatment of Insomnia
poxide 25mg/10mg tablet,Y,NEURO CNS,NA,NA,Treatment of Depression
parona forte 25mg/0.5mg tablet cr,Y,NEURO CNS,NA,NA,Depression
pro-ziety - h 0.25mg/10mg tablet,Y,NEURO CNS,NA,NA,Anxiety disorder
pheosol 30mg tablet,Y,NEURO CNS,Barbituric Acid Derivative,Barbiturate,Epilepsy/Seizures
precidol 325mg/37.5mg tablet,Y,PAIN ANALGESICS,NA,NA,Pain relief
plaxid 0.25mg tablet,Y,NEURO CNS,Benzodiazepines Derivative,Benzodiazepines,Treatment of Anxiety
phycam 0.5mg tablet sr,Y,NEURO CNS,Benzodiazepines Derivative,Benzodiazepines,Treatment of Anxiety
profinex injection,Y,PAIN ANALGESICS,Anisole Derivative,Opioids,Moderate to severe pain
pantra 50mg capsule,Y,PAIN ANALGESICS,Anisole Derivative,Opioids,Moderate to severe pain
pizam 10mg tablet,Y,NEURO CNS,Benzodiazepines Derivative,Benzodiazepines,Treatment of Epilepsy/Seizures
qudict 2 mg/0.5 mg tablet,Y,NEURO CNS,NA,NA,Opioid dependence
quinpram plus tablet,Y,NEURO CNS,NA,NA,Treatment of Anxiety disorder
q-rest 0.5mg tablet,Y,NEURO CNS,Benzodiazepines Derivative,Benzodiazepines,Treatment of Anxiety
questa plus 0.5mg/10mg tablet,Y,NEURO CNS,NA,NA,Treatment of Anxiety disorder
quinpram ls tablet,Y,NEURO CNS,NA,NA,Treatment of Anxiety disorder
qenopram s 0.5mg/10mg tablet,Y,NEURO CNS,NA,NA,Treatment of Anxiety disorder
quietal 5mg tablet,Y,NEURO CNS,Benzodiazepine Derivative,Benzodiazepines,Short term anxiety
q-rest 0.25mg tablet,Y,NEURO CNS,Benzodiazepines Derivative,Benzodiazepines,Treatment of Anxiety
q zepam 1mg tablet,Y,NEURO CNS,Benzodiazepines Derivative,Benzodiazepines,Treatment of Anxiety disorder
quit 0.25mg tablet,Y,NEURO CNS,Benzodiazepines Derivative,Benzodiazepines,Treatment of Anxiety
qp zep 0.25mg tablet,Y,NEURO CNS,Benzodiazepines Derivative,Benzodiazepines,Treatment of Anxiety disorder
quicam 0.25mg tablet,Y,NEURO CNS,Benzodiazepines Derivative,Benzodiazepines,Treatment of Anxiety
quick calm 10mg/1mg tablet,Y,NEURO CNS,NA,NA,Schizophrenia
q ril trp 50mg/500mg tablet,Y,PAIN ANALGESICS,NA,NA,Moderate to severe pain
rivotril 0.5mg tablet,Y,NEURO CNS,Benzodiazepines Derivative,Benzodiazepines,Treatment of Anxiety disorder
restyl 0.25mg tablet,Y,NEURO CNS,Benzodiazepines Derivative,Benzodiazepines,Treatment of Anxiety
restyl 0.5mg tablet,Y,NEURO CNS,Benzodiazepines Derivative,Benzodiazepines,Treatment of Anxiety
rexipra plus tablet,Y,NEURO CNS,NA,NA,Treatment of Anxiety disorder
rivotril 0.25mg tablet,Y,NEURO CNS,Benzodiazepines Derivative,Benzodiazepines,Treatment of Anxiety disorder
rexipra forte tablet,Y,NEURO CNS,NA,NA,Treatment of Anxiety disorder
ramcet d tablet,Y,PAIN ANALGESICS,NA,NA,Treatment of Severe acute pain
rexipra lite tablet,Y,NEURO CNS,NA,NA,Treatment of Anxiety disorder
rexipra ls tablet,Y,NEURO CNS,NA,NA,Treatment of Anxiety disorder
rivotril 2mg tablet,Y,NEURO CNS,Benzodiazepines Derivative,Benzodiazepines,Treatment of Anxiety disorder
recita forte tablet,Y,NEURO CNS,NA,NA,Treatment of Anxiety disorder
ramcet tablet,Y,PAIN ANALGESICS,NA,NA,Pain relief
recita lite 0.25 mg/10 mg tablet,Y,NEURO CNS,NA,NA,Treatment of Anxiety disorder
restyl 0.5mg tablet sr,Y,NEURO CNS,Benzodiazepines Derivative,Benzodiazepines,Treatment of Anxiety
recita plus tablet,Y,NEURO CNS,NA,NA,Treatment of Anxiety disorder
rupatch 10mcg transdermal patch,Y,NEURO CNS,Phenanthrenes Derivatives,Opioids- Partial agonist,Treatment of Moderate to severe pain
ribs 5mg/2.5mg tablet,Y,GASTRO INTESTINAL,NA,NA,Treatment of Irritable bowel syndrome
restyl 1mg tablet,Y,NEURO CNS,Benzodiazepines Derivative,Benzodiazepines,Treatment of Anxiety
rumorf 30mg tablet,Y,PAIN ANALGESICS,Phenanthrenes Derivative,Opioids,Moderate to severe pain
relaxo 5mg tablet,Y,NEURO CNS,Benzodiazepine Derivative,Benzodiazepines,Short term anxiety
rexcof 4 mg/10 mg syrup,Y,RESPIRATORY,NA,NA,Dry cough
relidep plus 25 mg/10 mg tablet,Y,NEURO CNS,NA,NA,Treatment of Depression
restilo plus 0.5mg/10mg tablet,Y,NEURO CNS,NA,NA,Treatment of Anxiety disorder
relax f tablet,Y,NEURO CNS,NA,NA,Depression
riddof 30mg injection,Y,PAIN ANALGESICS,Benzomorphan Derivatives,Opioids,Moderate to severe pain
ramcet s tablet,Y,PAIN ANALGESICS,NA,NA,Pain relief
relicalm cd tablet,Y,NEURO CNS,NA,NA,Schizophrenia
restin 0.25mg tablet,Y,NEURO CNS,Benzodiazepines Derivative,Benzodiazepines,Treatment of Anxiety
relidep plus h 12.5 mg/5 mg tablet,Y,NEURO CNS,NA,NA,Treatment of Depression
revozip 0.5mg tablet md,Y,NEURO CNS,Benzodiazepines Derivative,Benzodiazepines,Treatment of Anxiety disorder
relax 0.25mg tablet,Y,NEURO CNS,Benzodiazepines Derivative,Benzodiazepines,Treatment of Anxiety
recita ld 0.25mg/5mg tablet,Y,NEURO CNS,NA,NA,Treatment of Anxiety disorder
restan plus 0.5mg/10mg tablet,Y,NEURO CNS,NA,NA,Treatment of Anxiety disorder
relam 0.5mg tablet,Y,NEURO CNS,Benzodiazepines Derivative,Benzodiazepines,Treatment of Anxiety
revozip 0.25mg tablet md,Y,NEURO CNS,Benzodiazepines Derivative,Benzodiazepines,Treatment of Anxiety disorder
restyl plus 0.5 mg/25 mg tablet,Y,NEURO CNS,NA,NA,Depression
restovis d tablet,Y,NEURO CNS,NA,NA,Treatment of Anxiety disorder
resto 0.25mg tablet,Y,NEURO CNS,Benzodiazepines Derivative,Benzodiazepines,Treatment of Anxiety
restab 10mg/1mg tablet,Y,NEURO CNS,NA,NA,Schizophrenia
recita lite 0.25mg/10mg tablet,Y,NEURO CNS,NA,NA,Treatment of Anxiety disorder
radizem 0.25 md tablet,Y,NEURO CNS,Benzodiazepines Derivative,Benzodiazepines,Treatment of Anxiety disorder
ropnol-ch tablet,Y,NEURO CNS,NA,NA,Treatment of Anxiety disorder
rem 10mg tablet,Y,NEURO CNS,Benzodiazepines Derivative,Benzodiazepines,Treatment of Insomnia
restyl forte 0.5 mg/50 mg tablet,Y,NEURO CNS,NA,NA,Depression
ristryl 12.5mg/5mg tablet,Y,NEURO CNS,NA,NA,Treatment of Depression
restovis 0.5mg tablet,Y,NEURO CNS,Benzodiazepines Derivative,Benzodiazepines,Treatment of Anxiety disorder
radipram-plus tablet,Y,NEURO CNS,NA,NA,Treatment of Anxiety disorder
renopram l 0.25mg/10mg tablet,Y,NEURO CNS,NA,NA,Treatment of Anxiety disorder
rolig plus 5mg/10mg tablet,Y,NEURO CNS,NA,NA,Treatment of Anxiety disorder
rextas 4 mg/10 mg syrup,Y,RESPIRATORY,NA,NA,Dry cough
radol 50mg tablet,Y,PAIN ANALGESICS,Anisole Derivative,Opioids,Moderate to severe pain
ristryl forte 25mg/10mg tablet,Y,NEURO CNS,NA,NA,Treatment of Depression
restwel 0.5mg tablet,Y,NEURO CNS,Benzodiazepines Derivative,Benzodiazepines,Treatment of Anxiety
r codex syrup,Y,RESPIRATORY,NA,NA,Dry cough
repam 10mg tablet,Y,NEURO CNS,Benzodiazepine Derivative,Benzodiazepines,Short term anxiety
repam 5mg tablet,Y,NEURO CNS,Benzodiazepine Derivative,Benzodiazepines,Short term anxiety
restem 10mg tablet,Y,NEURO CNS,Imidazopyridine Derivative,Non-benzodiazepine hypnotics (Z Compounds),Treatment of Insomnia
reltracet 37.5mg/325mg tablet,Y,PAIN ANALGESICS,NA,NA,Moderate to severe pain
relax 0.5mg tablet,Y,NEURO CNS,Benzodiazepines Derivative,Benzodiazepines,Treatment of Anxiety
ritazral hynidate 5mg tablet,Y,NEURO CNS,Aralkylamine Derivative,Sympthatomimmetics-ADHD,Attention deficit hyperactivity disorder (ADHD)
restlo tablet,Y,NEURO CNS,Imidazopyridine Derivative,Non-benzodiazepine hypnotics (Z Compounds),Treatment of Insomnia
ramadol 200mg tablet sr,Y,PAIN ANALGESICS,Anisole Derivative,Opioids,Moderate to severe pain
roza 0.25mg tablet,Y,NEURO CNS,Benzodiazepines Derivative,Benzodiazepines,Treatment of Anxiety
revorest 0.5 mg/10 mg tablet,Y,NEURO CNS,NA,NA,Treatment of Anxiety disorder
restin 10mg tablet,Y,NEURO CNS,Imidazopyridine Derivative,Non-benzodiazepine hypnotics (Z Compounds),Treatment of Insomnia
rezolam 0.5mg tablet,Y,NEURO CNS,Benzodiazepines Derivative,Benzodiazepines,Treatment of Anxiety
racetol 37.5mg/325mg tablet,Y,PAIN ANALGESICS,NA,NA,Moderate to severe pain
riaclon 0.5mg tablet,Y,NEURO CNS,Benzodiazepines Derivative,Benzodiazepines,Treatment of Anxiety disorder
reskof syrup,Y,RESPIRATORY,NA,NA,Dry cough
roza 5 tablet,Y,NEURO CNS,Imidazopyridine Derivative,Non-benzodiazepine hypnotics (Z Compounds),Treatment of Insomnia
roza 12.5mg tablet er,Y,NEURO CNS,Imidazopyridine Derivative,Non-benzodiazepine hypnotics (Z Compounds),Treatment of Insomnia
rhytuss syrup,Y,RESPIRATORY,NA,NA,Dry cough
respinex cd 4 mg/10 mg syrup,Y,RESPIRATORY,NA,NA,Dry cough
ritazral hynidate 10mg tablet,Y,NEURO CNS,Aralkylamine Derivative,Sympthatomimmetics-ADHD,Attention deficit hyperactivity disorder (ADHD)
rextin-cr forte tablet er,Y,NEURO CNS,NA,NA,Depression
rancof 4 mg/10 mg syrup,Y,RESPIRATORY,NA,NA,Dry cough
ritazral hynidate 20mg tablet,Y,NEURO CNS,Aralkylamine Derivative,Sympthatomimmetics-ADHD,Attention deficit hyperactivity disorder (ADHD)
resta 0.25 mg/500 mg tablet,Y,NEURO CNS,NA,NA,Insomnia
remidol 100mg tablet sr,Y,PAIN ANALGESICS,Anisole Derivative,Opioids,Moderate to severe pain
relidol 50mg capsule,Y,PAIN ANALGESICS,Anisole Derivative,Opioids,Moderate to severe pain
remadol tablet,Y,PAIN ANALGESICS,NA,NA,Moderate to severe pain
restovis 0.25mg tablet,Y,NEURO CNS,Benzodiazepines Derivative,Benzodiazepines,Treatment of Anxiety disorder
ritebenz plus 0.5mg/10mg tablet,Y,NEURO CNS,NA,NA,Treatment of Anxiety disorder
ramcet 100mg injection,Y,PAIN ANALGESICS,Anisole Derivative,Opioids,Moderate to severe pain
recalm 0.5mg tablet,Y,NEURO CNS,Benzodiazepines Derivative,Benzodiazepines,Treatment of Anxiety disorder
rextin-cr plus tablet er,Y,NEURO CNS,NA,NA,Depression
respeline cs syrup,Y,RESPIRATORY,NA,NA,Dry cough
ramax 50mg capsule,Y,PAIN ANALGESICS,Anisole Derivative,Opioids,Moderate to severe pain
roptril-forte tablet,Y,NEURO CNS,NA,NA,Treatment of Anxiety disorder
restem 5mg tablet,Y,NEURO CNS,Imidazopyridine Derivative,Non-benzodiazepine hypnotics (Z Compounds),Treatment of Insomnia
racetram-p 37.5mg/325mg tablet,Y,PAIN ANALGESICS,NA,NA,Moderate to severe pain
restwel 0.25mg tablet,Y,NEURO CNS,Benzodiazepines Derivative,Benzodiazepines,Treatment of Anxiety
rozin 0.25mg tablet,Y,NEURO CNS,Benzodiazepines Derivative,Benzodiazepines,Treatment of Anxiety
riaclon 0.25mg tablet,Y,NEURO CNS,Benzodiazepines Derivative,Benzodiazepines,Treatment of Anxiety disorder
rabespas tablet,Y,GASTRO INTESTINAL,NA,NA,Treatment of Irritable bowel syndrome
radizem 1 md tablet,Y,NEURO CNS,Benzodiazepines Derivative,Benzodiazepines,Treatment of Anxiety disorder
revozip 1mg tablet,Y,NEURO CNS,Benzodiazepines Derivative,Benzodiazepines,Treatment of Anxiety disorder
rosetra 200mg capsule,Y,PAIN ANALGESICS,Anisole Derivative,Opioids,Moderate to severe pain
revodol spas 20 mg/500 mg/37.5 mg tablet,Y,GASTRO INTESTINAL,NA,NA,Treatment of Severe acute pain
reaonz 0.5mg tablet,Y,NEURO CNS,Benzodiazepines Derivative,Benzodiazepines,Treatment of Anxiety disorder
reclam 0.25mg tablet,Y,NEURO CNS,Benzodiazepines Derivative,Benzodiazepines,Treatment of Anxiety
recam 0.5mg/50mg tablet,Y,NEURO CNS,NA,NA,Depression
recalm plus 0.5mg/10mg tablet,Y,NEURO CNS,NA,NA,Treatment of Anxiety disorder
rescalm-az 0.25mg/20mg tablet,Y,NEURO CNS,NA,NA,Anxiety disorder
ramcet 325mg/37.5mg tablet,Y,PAIN ANALGESICS,NA,NA,Pain relief
relam 0.25mg tablet,Y,NEURO CNS,Benzodiazepines Derivative,Benzodiazepines,Treatment of Anxiety
riadol p 50mg/325mg tablet,Y,PAIN ANALGESICS,NA,NA,Moderate to severe pain
r-zolam forte 0.5mg tablet,Y,NEURO CNS,Benzodiazepines Derivative,Benzodiazepines,Treatment of Anxiety
revodol plus 325 mg/37.5 mg tablet,Y,PAIN ANALGESICS,NA,NA,Pain relief
spasmo-proxyvon plus capsule,Y,GASTRO INTESTINAL,NA,NA,Treatment of Severe acute pain
stalopam plus tablet,Y,NEURO CNS,NA,NA,Treatment of Anxiety disorder
sleep well 10mg tablet,Y,NEURO CNS,Imidazopyridine Derivative,Non-benzodiazepine hypnotics (Z Compounds),Treatment of Insomnia
stalopam lite tablet,Y,NEURO CNS,NA,NA,Treatment of Anxiety disorder
szetalo plus tablet,Y,NEURO CNS,NA,NA,Treatment of Anxiety disorder
stresnil rf 0.25 tablet,Y,NEURO CNS,Benzodiazepines Derivative,Benzodiazepines,Treatment of Anxiety
stresnil rf 0.5 tablet,Y,NEURO CNS,Benzodiazepines Derivative,Benzodiazepines,Treatment of Anxiety
s vocita plus 0.5 mg/10 mg tablet,Y,NEURO CNS,NA,NA,Treatment of Anxiety disorder
spasrax tablet,Y,GASTRO INTESTINAL,NA,NA,Treatment of Irritable bowel syndrome
spasmindon tablet,Y,GASTRO INTESTINAL,NA,NA,Abdominal pain
sove it 12.5mg tablet,Y,NEURO CNS,Imidazopyridine Derivative,Non-benzodiazepine hypnotics (Z Compounds),Treatment of Insomnia
spasmol tablet,Y,GASTRO INTESTINAL,NA,NA,Abdominal pain
stresnil plus 0.25mg/10mg tablet,Y,NEURO CNS,NA,NA,Treatment of Anxiety disorder
stalopam miniplus tablet,Y,NEURO CNS,NA,NA,Treatment of Anxiety disorder
sove 10mg tablet,Y,NEURO CNS,Imidazopyridine Derivative,Non-benzodiazepine hypnotics (Z Compounds),Treatment of Insomnia
sove it 6.25 tablet er,Y,NEURO CNS,Imidazopyridine Derivative,Non-benzodiazepine hypnotics (Z Compounds),Treatment of Insomnia
spasril tablet,Y,GASTRO INTESTINAL,NA,NA,Treatment of Irritable bowel syndrome
szetalo ls tablet,Y,NEURO CNS,NA,NA,Treatment of Anxiety disorder
s vocita h tablet,Y,NEURO CNS,NA,NA,Treatment of Anxiety disorder
sycose 10 mg/1 mg tablet,Y,NEURO CNS,NA,NA,Schizophrenia
serecon-d tablet,Y,GASTRO INTESTINAL,NA,NA,Treatment of Irritable bowel syndrome
s vocita ls tablet,Y,NEURO CNS,NA,NA,Treatment of Anxiety disorder
supridol 50mg injection,Y,PAIN ANALGESICS,Anisole Derivative,Opioids,Moderate to severe pain
stayhappi clobazam 5mg tablet,Y,NEURO CNS,Benzodiazepines Derivative,Benzodiazepines,Treatment of Epilepsy/Seizures
serecon tablet,Y,GASTRO INTESTINAL,NA,NA,Treatment of Irritable bowel syndrome
sove 5mg tablet,Y,NEURO CNS,Imidazopyridine Derivative,Non-benzodiazepine hypnotics (Z Compounds),Treatment of Insomnia
sleep 0.5mg tablet,Y,NEURO CNS,Benzodiazepines Derivative,Benzodiazepines,Treatment of Anxiety
satpam-plus tablet,Y,NEURO CNS,NA,NA,Treatment of Anxiety disorder
stilnoct 12.5mg tablet,Y,NEURO CNS,Imidazopyridine Derivative,Non-benzodiazepine hypnotics (Z Compounds),Treatment of Insomnia
szetalo plus 5 tablet,Y,NEURO CNS,NA,NA,Treatment of Anxiety disorder
soza 10mg tablet,Y,NEURO CNS,Imidazopyridine Derivative,Non-benzodiazepine hypnotics (Z Compounds),Treatment of Insomnia
s citadep plus tablet,Y,NEURO CNS,NA,NA,Treatment of Anxiety disorder
stresnil plus 0.5mg/5mg tablet,Y,NEURO CNS,NA,NA,Treatment of Anxiety disorder
s citadep forte tablet,Y,NEURO CNS,NA,NA,Treatment of Anxiety disorder
szetalo plus md tablet,Y,NEURO CNS,NA,NA,Treatment of Anxiety disorder
spaspokran capsule,Y,GASTRO INTESTINAL,NA,NA,Treatment of Severe acute pain
supridol 100mg suppository,Y,PAIN ANALGESICS,Anisole Derivative,Opioids,Moderate to severe pain
serepax 15mg tablet,Y,NEURO CNS,Benzodiazepines Derivative,Benzodiazepines,Short term anxiety
s citonaz plus 0.5mg/10mg tablet,Y,NEURO CNS,NA,NA,Treatment of Anxiety disorder
stresnil plus 0.5mg/10mg tablet,Y,NEURO CNS,NA,NA,Treatment of Anxiety disorder
s citadep ls tablet,Y,NEURO CNS,NA,NA,Treatment of Anxiety disorder
stayhappi tramadol 100mg injection,Y,PAIN ANALGESICS,Anisole Derivative,Opioids,Moderate to severe pain
starboel 2.5mg/5mg/10mg tablet,Y,GASTRO INTESTINAL,NA,NA,Treatment of Irritable bowel syndrome
serecon-m tablet,Y,GASTRO INTESTINAL,NA,NA,Irritable bowel syndrome
stayhappi tramadol 100mg tablet,Y,PAIN ANALGESICS,Anisole Derivative,Opioids,Moderate to severe pain
serepose tablet,Y,NEURO CNS,NA,NA,Schizophrenia
solzam 10mg tablet,Y,NEURO CNS,Benzodiazepines Derivative,Benzodiazepines,Treatment of Epilepsy/Seizures
stresnil plus 0.25mg/5mg tablet,Y,NEURO CNS,NA,NA,Treatment of Anxiety disorder
safrodol p 325 mg/37.5 mg tablet,Y,PAIN ANALGESICS,NA,NA,Pain relief
sobrium 10mg tablet,Y,NEURO CNS,Imidazopyridine Derivative,Non-benzodiazepine hypnotics (Z Compounds),Treatment of Insomnia
slipizem 5mg suppository,Y,NEURO CNS,Benzodiazepine Derivative,Benzodiazepines,Epilepsy/Seizures
stilnoct 6.25mg tablet,Y,NEURO CNS,Imidazopyridine Derivative,Non-benzodiazepine hypnotics (Z Compounds),Treatment of Insomnia
supridol 100mg injection,Y,PAIN ANALGESICS,Anisole Derivative,Opioids,Moderate to severe pain
sleep 0.25mg tablet,Y,NEURO CNS,Benzodiazepines Derivative,Benzodiazepines,Treatment of Anxiety
somnisure m 3mg/5mg tablet,Y,NEURO CNS,NA,NA,Insomnia
spantril beta .25 tablet,Y,NEURO CNS,NA,NA,Treatment of Anxiety disorder
sobrium 5mg tablet,Y,NEURO CNS,Imidazopyridine Derivative,Non-benzodiazepine hypnotics (Z Compounds),Treatment of Insomnia
stayhappi clonazepam+escitalopram oxalate 0.25mg/10mg tablet,Y,NEURO CNS,NA,NA,Treatment of Anxiety disorder
solace 0.25mg tablet,Y,NEURO CNS,Benzodiazepines Derivative,Benzodiazepines,Treatment of Anxiety
supkof t syrup,Y,RESPIRATORY,NA,NA,Dry cough
snooze-plus tablet,Y,NEURO CNS,NA,NA,Treatment of Anxiety disorder
setdew tablet,Y,PAIN ANALGESICS,NA,NA,Moderate to severe pain
stradol p 325 mg/37.5 mg tablet,Y,PAIN ANALGESICS,NA,NA,Pain relief
spasmon capsule,Y,GASTRO INTESTINAL,NA,NA,Abdominal pain
shanti 0.5mg tablet,Y,NEURO CNS,Benzodiazepines Derivative,Benzodiazepines,Treatment of Anxiety
sololive plus 0.5mg/10mg tablet,Y,NEURO CNS,NA,NA,Treatment of Anxiety disorder
spasburg-d tablet,Y,GASTRO INTESTINAL,NA,NA,Treatment of Irritable bowel syndrome
spantril-md 0.5 tablet,Y,NEURO CNS,Benzodiazepines Derivative,Benzodiazepines,Treatment of Anxiety disorder
sandol p 37.5mg/325mg tablet,Y,PAIN ANALGESICS,NA,NA,Moderate to severe pain
stayhappi tramadol+paracetamol 37.5mg/325mg tablet,Y,PAIN ANALGESICS,NA,NA,Moderate to severe pain
soza 5mg tablet,Y,NEURO CNS,Imidazopyridine Derivative,Non-benzodiazepine hypnotics (Z Compounds),Treatment of Insomnia
sedipam 10mg tablet,Y,NEURO CNS,Benzodiazepines Derivative,Benzodiazepines,Treatment of Insomnia
scipdep cz 0.5mg/10mg tablet,Y,NEURO CNS,NA,NA,Treatment of Anxiety disorder
serepax 30mg tablet,Y,NEURO CNS,Benzodiazepines Derivative,Benzodiazepines,Short term anxiety
solzam 5mg tablet,Y,NEURO CNS,Benzodiazepines Derivative,Benzodiazepines,Treatment of Epilepsy/Seizures
sebenz 10mg tablet,Y,NEURO CNS,Benzodiazepines Derivative,Benzodiazepines,Treatment of Epilepsy/Seizures
sancita plus 0.25mg/5mg tablet,Y,NEURO CNS,NA,NA,Treatment of Anxiety disorder
sterwin 30mg injection,Y,PAIN ANALGESICS,Benzomorphan Derivatives,Opioids,Moderate to severe pain
stayhappi lorazepam 2mg tablet,Y,RESPIRATORY,Benzodiazepines Derivative,Benzodiazepines,Treatment of Short term anxiety
sezopam 0.5mg tablet,Y,NEURO CNS,Benzodiazepines Derivative,Benzodiazepines,Treatment of Anxiety disorder
stilo 0.5mg tablet,Y,NEURO CNS,Benzodiazepines Derivative,Benzodiazepines,Treatment of Anxiety
serelib 10mg tablet,Y,NEURO CNS,Benzodiazepines Derivative,Benzodiazepines,Severe anxiety
sydol p 50mg/325mg tablet,Y,PAIN ANALGESICS,NA,NA,Moderate to severe pain
synapse-ec tablet,Y,NEURO CNS,NA,NA,Treatment of Anxiety disorder
somnid 10 tablet,Y,NEURO CNS,Imidazopyridine Derivative,Non-benzodiazepine hypnotics (Z Compounds),Treatment of Insomnia
sezam 5mg tablet,Y,NEURO CNS,Benzodiazepines Derivative,Benzodiazepines,Treatment of Epilepsy/Seizures
solpram plus 0.5mg/10mg tablet,Y,NEURO CNS,NA,NA,Treatment of Anxiety disorder
sopor 10mg tablet,Y,NEURO CNS,Benzodiazepines Derivative,Benzodiazepines,Treatment of Insomnia
spram-cz tablet,Y,NEURO CNS,NA,NA,Treatment of Anxiety disorder
surex d tablet,Y,GASTRO INTESTINAL,NA,NA,Treatment of Irritable bowel syndrome
sommeil 0.5mg tablet,Y,NEURO CNS,Benzodiazepines Derivative,Benzodiazepines,Treatment of Anxiety disorder
serelib 25mg tablet,Y,NEURO CNS,Benzodiazepines Derivative,Benzodiazepines,Severe anxiety
sommeil-es 0.5mg/10mg tablet,Y,NEURO CNS,NA,NA,Treatment of Anxiety disorder
sanmin 2 tablet,Y,NEURO CNS,NA,NA,Depression
setspass cc tablet,Y,GASTRO INTESTINAL,NA,NA,Treatment of Irritable bowel syndrome
sizonorm forte tablet,Y,NEURO CNS,NA,NA,Schizophrenia
snigdol 37.5mg/325mg tablet,Y,PAIN ANALGESICS,NA,NA,Moderate to severe pain
spasmocip plus capsule,Y,GASTRO INTESTINAL,NA,NA,Abdominal pain
san morf 10mg tablet,Y,PAIN ANALGESICS,Phenanthrenes Derivative,Opioids,Moderate to severe pain
s citlop forte 0.5mg/10mg tablet,Y,NEURO CNS,NA,NA,Treatment of Anxiety disorder
supro plus 0.25mg/20mg tablet,Y,NEURO CNS,NA,NA,Anxiety disorder
spasbal 2.5 mg/5 mg/10 mg tablet,Y,GASTRO INTESTINAL,NA,NA,Treatment of Irritable bowel syndrome
supridol 50mg capsule,Y,PAIN ANALGESICS,Anisole Derivative,Opioids,Moderate to severe pain
sezam 10mg tablet,Y,NEURO CNS,Benzodiazepines Derivative,Benzodiazepines,Treatment of Epilepsy/Seizures
sancita forte 10mg/0.5mg tablet,Y,NEURO CNS,NA,NA,Treatment of Anxiety disorder
sultan 37.5mg/325mg tablet,Y,PAIN ANALGESICS,NA,NA,Moderate to severe pain
sanxit plus 0.5mg/10mg tablet,Y,NEURO CNS,NA,NA,Treatment of Anxiety disorder
stanla-forte tablet,Y,NEURO CNS,NA,NA,Treatment of Anxiety disorder
surex 5mg/2.5mg tablet,Y,GASTRO INTESTINAL,NA,NA,Treatment of Irritable bowel syndrome
setoxlin plus 25mg/0.5mg tablet,Y,NEURO CNS,NA,NA,Depression
safrodol 50mg tablet,Y,PAIN ANALGESICS,Anisole Derivative,Opioids,Moderate to severe pain
secozam 10mg tablet,Y,NEURO CNS,Benzodiazepines Derivative,Benzodiazepines,Treatment of Epilepsy/Seizures
solitrap 37.5mg/325mg tablet,Y,PAIN ANALGESICS,NA,NA,Moderate to severe pain
spantril-md 0.25 tablet,Y,NEURO CNS,Benzodiazepines Derivative,Benzodiazepines,Treatment of Anxiety disorder
san morf 30mg tablet,Y,PAIN ANALGESICS,Phenanthrenes Derivative,Opioids,Moderate to severe pain
shanti 0.25mg tablet,Y,NEURO CNS,Benzodiazepines Derivative,Benzodiazepines,Treatment of Anxiety
scudol p 50mg/500mg tablet,Y,PAIN ANALGESICS,NA,NA,Moderate to severe pain
sleepwell 0.5mg tablet,Y,NEURO CNS,Benzodiazepines Derivative,Benzodiazepines,Treatment of Anxiety
susevin 30mg injection,Y,PAIN ANALGESICS,Benzomorphan Derivatives,Opioids,Moderate to severe pain
sunace t 37.5mg/325mg tablet,Y,PAIN ANALGESICS,NA,NA,Moderate to severe pain
shant 0.5mg tablet,Y,NEURO CNS,Benzodiazepines Derivative,Benzodiazepines,Treatment of Anxiety
sedose tablet,Y,NEURO CNS,Benzodiazepine Derivative,Benzodiazepines,Short term anxiety
sc plus 0.5mg/10mg tablet,Y,NEURO CNS,NA,NA,Treatment of Anxiety disorder
spasmindon injection,Y,PAIN ANALGESICS,NA,NA,Pain relief
seizcalm 10mg tablet,Y,NEURO CNS,Benzodiazepines Derivative,Benzodiazepines,Treatment of Epilepsy/Seizures
sledge 5mg/2.5mg tablet,Y,GASTRO INTESTINAL,NA,NA,Treatment of Irritable bowel syndrome
soza 12.5mg tablet er,Y,NEURO CNS,Imidazopyridine Derivative,Non-benzodiazepine hypnotics (Z Compounds),Treatment of Insomnia
sputnix c syrup,Y,RESPIRATORY,NA,NA,Dry cough
stayhappi amitriptyline+chlordiazepoxide 12.5mg/5mg tablet,Y,NEURO CNS,NA,NA,Treatment of Depression
serepose 2 tablet,Y,NEURO CNS,NA,NA,Schizophrenia
s-cuf syrup,Y,RESPIRATORY,NA,NA,Dry cough
stalace-tr tablet,Y,PAIN ANALGESICS,NA,NA,Pain relief
sri cz 0.25 mg/10 mg tablet,Y,NEURO CNS,NA,NA,Treatment of Anxiety disorder
sensotram 37.5mg/325mg tablet,Y,PAIN ANALGESICS,NA,NA,Moderate to severe pain
slona plus 0.5mg/10mg tablet,Y,NEURO CNS,NA,NA,Treatment of Anxiety disorder
sleepam 0.5mg tablet,Y,NEURO CNS,Benzodiazepines Derivative,Benzodiazepines,Treatment of Anxiety
sebenz 5mg tablet,Y,NEURO CNS,Benzodiazepines Derivative,Benzodiazepines,Treatment of Epilepsy/Seizures
semidol p 37.5mg/325mg tablet,Y,PAIN ANALGESICS,NA,NA,Moderate to severe pain
sbrine c 135mg/5mg tablet,Y,GASTRO INTESTINAL,NA,NA,Irritable bowel syndrome
stanla-plus tablet,Y,NEURO CNS,NA,NA,Treatment of Anxiety disorder
stayhappi lorazepam 1mg tablet,Y,RESPIRATORY,Benzodiazepines Derivative,Benzodiazepines,Treatment of Short term anxiety
sanmin 5mg/25mg tablet,Y,NEURO CNS,NA,NA,Depression
slanate 10mg tablet,Y,NEURO CNS,Imidazopyridine Derivative,Non-benzodiazepine hypnotics (Z Compounds),Treatment of Insomnia
scm lite 0.5mg/10mg tablet,Y,NEURO CNS,NA,NA,Treatment of Anxiety disorder
shipam 5mg injection,Y,NEURO CNS,Benzodiazepine Derivative,Benzodiazepines,Treatment of Short term anxiety
sopam 2mg tablet,Y,NEURO CNS,Benzodiazepine Derivative,Benzodiazepines,Short term anxiety
syziral 2.5 mg/20 mg tablet,Y,NEURO CNS,NA,NA,Anxiety disorder
sommeil 1mg tablet,Y,NEURO CNS,Benzodiazepines Derivative,Benzodiazepines,Treatment of Anxiety disorder
spasmcare d tablet,Y,GASTRO INTESTINAL,NA,NA,Abdominal pain
snotril 0.25mg tablet,Y,NEURO CNS,Benzodiazepines Derivative,Benzodiazepines,Treatment of Anxiety disorder
stamur tablet,Y,GASTRO INTESTINAL,NA,NA,Treatment of Irritable bowel syndrome
surtalo plus 0.5mg/5mg tablet,Y,NEURO CNS,NA,NA,Treatment of Anxiety disorder
sizamat 10mg tablet md,Y,NEURO CNS,Benzodiazepines Derivative,Benzodiazepines,Treatment of Epilepsy/Seizures
sanprax 0.5mg tablet,Y,NEURO CNS,Benzodiazepines Derivative,Benzodiazepines,Treatment of Anxiety
some plus 25mg/10mg tablet,Y,NEURO CNS,NA,NA,Treatment of Depression
sothrex c syrup,Y,RESPIRATORY,NA,NA,Dry cough
sizamat 5mg tablet md,Y,NEURO CNS,Benzodiazepines Derivative,Benzodiazepines,Treatment of Epilepsy/Seizures
scitarel forte 0.5mg/10mg tablet,Y,NEURO CNS,NA,NA,Treatment of Anxiety disorder
sonip 5mg tablet,Y,NEURO CNS,Benzodiazepines Derivative,Benzodiazepines,Treatment of Insomnia
sezopam 2mg tablet,Y,NEURO CNS,Benzodiazepines Derivative,Benzodiazepines,Treatment of Anxiety disorder
spasteez tablet,Y,GASTRO INTESTINAL,NA,NA,Treatment of Severe acute pain
sonal 30 tablet,Y,NEURO CNS,Barbituric Acid Derivative,Barbiturate,Epilepsy/Seizures
stayhappi clonazepam 0.5mg tablet,Y,NEURO CNS,Benzodiazepines Derivative,Benzodiazepines,Treatment of Anxiety disorder
sigpar plus 12.5mg/0.5mg tablet,Y,NEURO CNS,NA,NA,Depression
sentral plus 0.25 mg/25 mg tablet,Y,NEURO CNS,NA,NA,Depression
synclona-md tablet,Y,NEURO CNS,Benzodiazepines Derivative,Benzodiazepines,Treatment of Anxiety disorder
surtalo forte 0.5mg/10mg tablet,Y,NEURO CNS,NA,NA,Treatment of Anxiety disorder
serdos-plus tablet,Y,NEURO CNS,NA,NA,Depression
semanfinil 200 tablet,Y,NEURO CNS,Diphenylmethane Derivative,Stimulant/ Drug for excessive sleepiness,Narcolepsy (Uncontrollable daytime sleepiness)
scitarel lite 0.25mg/10mg tablet,Y,NEURO CNS,NA,NA,Treatment of Anxiety disorder
sowel 0.25mg tablet,Y,NEURO CNS,Benzodiazepines Derivative,Benzodiazepines,Treatment of Anxiety
stanla-h tablet,Y,NEURO CNS,NA,NA,Treatment of Anxiety disorder
starlium 10mg injection,Y,NEURO CNS,Benzodiazepine Derivative,Benzodiazepines,Treatment of Short term anxiety
solzam 10mg tablet md,Y,NEURO CNS,Benzodiazepines Derivative,Benzodiazepines,Treatment of Epilepsy/Seizures
sterpam 10mg injection,Y,NEURO CNS,Benzodiazepine Derivative,Benzodiazepines,Treatment of Short term anxiety
sonal 60mg tablet,Y,NEURO CNS,Barbituric Acid Derivative,Barbiturate,Epilepsy/Seizures
setex a 0.5mg/50mg tablet,Y,NEURO CNS,NA,NA,Depression
sololive plus 0.5mg/5mg tablet,Y,NEURO CNS,NA,NA,Treatment of Anxiety disorder
saftidol 37.5mg/325mg tablet,Y,PAIN ANALGESICS,NA,NA,Moderate to severe pain
sopam 5mg tablet,Y,NEURO CNS,Benzodiazepine Derivative,Benzodiazepines,Short term anxiety
scitarel plus 0.5mg/5mg tablet,Y,NEURO CNS,NA,NA,Treatment of Anxiety disorder
sigmadol 50mg injection,Y,PAIN ANALGESICS,Anisole Derivative,Opioids,Moderate to severe pain
secremax tablet,Y,GASTRO INTESTINAL,NA,NA,Treatment of Irritable bowel syndrome
siron plus 0.25 mg/20 mg tablet,Y,NEURO CNS,NA,NA,Anxiety disorder
stradol 50mg capsule,Y,PAIN ANALGESICS,Anisole Derivative,Opioids,Moderate to severe pain
syscopam 0.5mg tablet md,Y,NEURO CNS,Benzodiazepines Derivative,Benzodiazepines,Treatment of Anxiety disorder
sonip 10mg tablet,Y,NEURO CNS,Benzodiazepines Derivative,Benzodiazepines,Treatment of Insomnia
slanate 5mg tablet,Y,NEURO CNS,Imidazopyridine Derivative,Non-benzodiazepine hypnotics (Z Compounds),Treatment of Insomnia
sopor 5mg tablet,Y,NEURO CNS,Benzodiazepines Derivative,Benzodiazepines,Treatment of Insomnia
sonazep 0.5mg tablet,Y,NEURO CNS,Benzodiazepines Derivative,Benzodiazepines,Treatment of Anxiety disorder
shortal 1mg/ml injection,Y,NEURO CNS,Benzodiazepines Derivative,Benzodiazepines,Conscious sedation during diagnostic or therapeutic procedures
snotril 0.5mg tablet,Y,NEURO CNS,Benzodiazepines Derivative,Benzodiazepines,Treatment of Anxiety disorder
sanprax 0.25mg tablet,Y,NEURO CNS,Benzodiazepines Derivative,Benzodiazepines,Treatment of Anxiety
spasmo neurovon capsule,Y,GASTRO INTESTINAL,NA,NA,Abdominal pain
snudep plus 0.5mg/10mg tablet,Y,NEURO CNS,NA,NA,Treatment of Anxiety disorder
seacalm tablet,Y,NEURO CNS,NA,NA,Schizophrenia
sezolep 0.5mg tablet,Y,NEURO CNS,Benzodiazepines Derivative,Benzodiazepines,Treatment of Anxiety disorder
solibs 5mg/2.5mg tablet,Y,GASTRO INTESTINAL,NA,NA,Treatment of Irritable bowel syndrome
sympara t 37.5mg/325mg tablet,Y,PAIN ANALGESICS,NA,NA,Moderate to severe pain
sezol plus 0.5mg/50mg tablet,Y,NEURO CNS,NA,NA,Depression
secozam 5mg tablet,Y,NEURO CNS,Benzodiazepines Derivative,Benzodiazepines,Treatment of Epilepsy/Seizures
sleepwell 0.25mg tablet,Y,NEURO CNS,Benzodiazepines Derivative,Benzodiazepines,Treatment of Anxiety
sigmadol p 325mg/37.5mg tablet,Y,PAIN ANALGESICS,NA,NA,Pain relief
sertamax 0.5mg/50mg tablet,Y,NEURO CNS,NA,NA,Depression
supergin fast 325 mg/37.5 mg tablet,Y,PAIN ANALGESICS,NA,NA,Pain relief
sypam 0.5mg tablet,Y,NEURO CNS,Benzodiazepines Derivative,Benzodiazepines,Treatment of Anxiety disorder
syntram injection,Y,PAIN ANALGESICS,Anisole Derivative,Opioids,Moderate to severe pain
spasrem 2.5mg/5mg/10mg tablet,Y,GASTRO INTESTINAL,NA,NA,Treatment of Irritable bowel syndrome
solzam 20 mg tablet,Y,NEURO CNS,Benzodiazepines Derivative,Benzodiazepines,Treatment of Epilepsy/Seizures
saidol 100mg injection,Y,PAIN ANALGESICS,Anisole Derivative,Opioids,Moderate to severe pain
sanprax f 0.25mg/20mg tablet,Y,NEURO CNS,NA,NA,Depression
stadol p 37.5mg/325mg tablet,Y,PAIN ANALGESICS,NA,NA,Moderate to severe pain
synozolam 0.5mg tablet,Y,NEURO CNS,Benzodiazepines Derivative,Benzodiazepines,Treatment of Anxiety
sedopee 10mg tablet,Y,NEURO CNS,Imidazopyridine Derivative,Non-benzodiazepine hypnotics (Z Compounds),Treatment of Insomnia
shricalm 10mg/1mg tablet,Y,NEURO CNS,NA,NA,Schizophrenia
stayhappi clidinium+chlordiazepoxide+dicyclomine 2.5mg/5mg/10mg tablet,Y,GASTRO INTESTINAL,NA,NA,Treatment of Irritable bowel syndrome
syscopam 1mg tablet,Y,NEURO CNS,Benzodiazepines Derivative,Benzodiazepines,Treatment of Anxiety disorder
sleepdex 5mg tablet,Y,NEURO CNS,Benzodiazepines Derivative,Benzodiazepines,Severe anxiety
sezopam tablet md,Y,NEURO CNS,Benzodiazepines Derivative,Benzodiazepines,Treatment of Anxiety disorder
selam 0.5mg tablet,Y,NEURO CNS,Benzodiazepines Derivative,Benzodiazepines,Treatment of Anxiety
sympam 0.5mg tablet,Y,NEURO CNS,Benzodiazepines Derivative,Benzodiazepines,Treatment of Anxiety disorder
safenac trio 100mg/325mg/37.5mg tablet,Y,PAIN ANALGESICS,NA,NA,Pain relief
silam 0.25mg tablet,Y,NEURO CNS,Benzodiazepines Derivative,Benzodiazepines,Treatment of Anxiety
stayhappi clonazepam 0.25mg tablet,Y,NEURO CNS,Benzodiazepines Derivative,Benzodiazepines,Treatment of Anxiety disorder
sleeparm 10mg tablet,Y,NEURO CNS,Benzodiazepines Derivative,Benzodiazepines,Treatment of Insomnia
stemadol plus 650 mg/37.5 mg tablet,Y,PAIN ANALGESICS,NA,NA,Pain relief
silital plus 0.5mg/10mg tablet,Y,NEURO CNS,NA,NA,Treatment of Anxiety disorder
sezopam 1mg tablet,Y,NEURO CNS,Benzodiazepines Derivative,Benzodiazepines,Treatment of Anxiety disorder
syzol 5mg tablet,Y,NEURO CNS,Imidazopyridine Derivative,Non-benzodiazepine hypnotics (Z Compounds),Treatment of Insomnia
sanocet-p tablet,Y,PAIN ANALGESICS,NA,NA,Moderate to severe pain
sleepwell-s 0.25mg/50mg tablet,Y,NEURO CNS,NA,NA,Depression
stressban 0.5mg tablet,Y,NEURO CNS,Benzodiazepines Derivative,Benzodiazepines,Treatment of Anxiety
stilnite 5mg capsule,Y,NEURO CNS,Pyrazolopyrimidine Derivative,Non-benzodiazepine hypnotics (Z Compounds),Insomnia
sipospas tablet,Y,GASTRO INTESTINAL,NA,NA,Treatment of Irritable bowel syndrome
setoxlin plus 12.5mg/0.5mg tablet,Y,NEURO CNS,NA,NA,Depression
seizcalm 5mg tablet,Y,NEURO CNS,Benzodiazepines Derivative,Benzodiazepines,Treatment of Epilepsy/Seizures
sleepex 0.25mg tablet,Y,NEURO CNS,Benzodiazepines Derivative,Benzodiazepines,Treatment of Anxiety
sinact cs syrup,Y,RESPIRATORY,NA,NA,Dry cough
sinodol p 37.5mg/325mg tablet,Y,PAIN ANALGESICS,NA,NA,Moderate to severe pain
stynac t 37.5mg/325mg tablet,Y,PAIN ANALGESICS,NA,NA,Moderate to severe pain
seline-a tablet,Y,NEURO CNS,NA,NA,Depression
sedate 100mg injection,Y,PAIN ANALGESICS,Anisole Derivative,Opioids,Moderate to severe pain
shinosun 30mg tablet,Y,NEURO CNS,Barbituric Acid Derivative,Barbiturate,Epilepsy/Seizures
somnotril 0.5mg tablet,Y,NEURO CNS,Benzodiazepines Derivative,Benzodiazepines,Treatment of Anxiety disorder
sycodep 2 mg/25 mg tablet,Y,NEURO CNS,NA,NA,Depression
spasmo acidion tablet,Y,GASTRO INTESTINAL,NA,NA,Abdominal pain
syscopam p tablet 0.25mg/10mg,Y,NEURO CNS,NA,NA,Treatment of Anxiety disorder
sezan 10mg/1mg tablet,Y,NEURO CNS,NA,NA,Schizophrenia
stayhappi clobazam 10mg tablet,Y,NEURO CNS,Benzodiazepines Derivative,Benzodiazepines,Treatment of Epilepsy/Seizures
stable 0.25mg/20mg tablet,Y,NEURO CNS,NA,NA,Anxiety disorder
tossex antitussive cough syrup,Y,RESPIRATORY,NA,NA,Dry cough
tramadol hydrochloride 50mg injection,Y,PAIN ANALGESICS,Anisole Derivative,Opioids,Moderate to severe pain
trika 0.25mg tablet,Y,NEURO CNS,Benzodiazepines Derivative,Benzodiazepines,Treatment of Anxiety
termin 30mg injection,Y,CARDIAC,Amphetamines Derivatives,Sympathomimetics agonist,Decreased blood pressure
tramazac capsule,Y,PAIN ANALGESICS,Anisole Derivative,Opioids,Moderate to severe pain
trika 0.5mg tablet,Y,NEURO CNS,Benzodiazepines Derivative,Benzodiazepines,Treatment of Anxiety
toficalm 50 tablet,Y,NEURO CNS,Benzodiazepines Derivative,Benzodiazepines,Treatment of Depression
tramadol 50mg capsule,Y,PAIN ANALGESICS,Anisole Derivative,Opioids,Moderate to severe pain
tramazac-p tablet dt,Y,PAIN ANALGESICS,NA,NA,Pain relief
tedykoff lx 1.5mg/5ml/1.5mg/5ml linctus,Y,RESPIRATORY,NA,NA,Treatment of Dry cough
tolydol tablet,Y,PAIN ANALGESICS,NA,NA,Pain relief
tramasure-plus rf tablet,Y,PAIN ANALGESICS,NA,NA,Pain relief
tramef p 325 mg/37.5 mg tablet,Y,PAIN ANALGESICS,NA,NA,Pain relief
tedykoff cough syrup,Y,RESPIRATORY,NA,NA,Treatment of Dry cough
tramazac injection,Y,PAIN ANALGESICS,Anisole Derivative,Opioids,Moderate to severe pain
tremidon tablet,Y,NEURO CNS,Barbituric Acid Derivative,Barbiturate,Epilepsy/Seizures
tramadin plus 325 mg/50 mg tablet,Y,PAIN ANALGESICS,NA,NA,Pain relief
tricare tablet,Y,PAIN ANALGESICS,NA,NA,Pain relief
trapex 2 tablet,Y,RESPIRATORY,Benzodiazepines Derivative,Benzodiazepines,Treatment of Short term anxiety
tancodep 2mg/25mg tablet,Y,NEURO CNS,NA,NA,Depression
trixide-h 25mg/10mg tablet,Y,NEURO CNS,NA,NA,Treatment of Depression
tazowin injection,Y,PAIN ANALGESICS,Benzomorphan Derivatives,Opioids,Moderate to severe pain
trixide-h tablet,Y,NEURO CNS,NA,NA,Treatment of Depression
trabest 325mg/37.5mg tablet,Y,PAIN ANALGESICS,NA,NA,Pain relief
typlin c tablet,Y,NEURO CNS,NA,NA,Treatment of Depression
trazodac p 325mg/37.5mg tablet,Y,PAIN ANALGESICS,NA,NA,Pain relief
tramasure 100 injection,Y,PAIN ANALGESICS,Anisole Derivative,Opioids,Moderate to severe pain
trd contin od 100mg tablet,Y,PAIN ANALGESICS,Anisole Derivative,Opioids,Moderate to severe pain
tensyn az m 0.25 mg/10 mg tablet,Y,NEURO CNS,NA,NA,Anxiety disorder
trson p 325mg/37.5mg tablet,Y,PAIN ANALGESICS,NA,NA,Pain relief
trapex 1mg tablet,Y,RESPIRATORY,Benzodiazepines Derivative,Benzodiazepines,Treatment of Short term anxiety
topex-cd syrup,Y,RESPIRATORY,NA,NA,Dry cough
tossex t syrup,Y,RESPIRATORY,NA,NA,Dry cough
thiosol 500 mg injection,Y,PAIN ANALGESICS,Ultrashort-Acting Barbituric Acid Derivative,Barbiturate,Anesthesia
trika sr 0.5 tablet,Y,NEURO CNS,Benzodiazepines Derivative,Benzodiazepines,Treatment of Anxiety
trd 50mg tablet md,Y,PAIN ANALGESICS,Anisole Derivative,Opioids,Moderate to severe pain
trika 1 tablet,Y,NEURO CNS,Benzodiazepines Derivative,Benzodiazepines,Treatment of Anxiety
taloprex plus 10 tablet,Y,NEURO CNS,NA,NA,Treatment of Anxiety disorder
tremsol tablet,Y,PAIN ANALGESICS,NA,NA,Pain relief
trap 50mg/325mg tablet,Y,PAIN ANALGESICS,NA,NA,Moderate to severe pain
trson d tablet,Y,PAIN ANALGESICS,NA,NA,Treatment of Severe acute pain
tofisern 50mg tablet,Y,NEURO CNS,Benzodiazepines Derivative,Benzodiazepines,Treatment of Depression
tramcet d tablet,Y,PAIN ANALGESICS,NA,NA,Treatment of Severe acute pain
tramadin 100mg injection,Y,PAIN ANALGESICS,Anisole Derivative,Opioids,Moderate to severe pain
texidep 0.5mg tablet,Y,NEURO CNS,Benzodiazepines Derivative,Benzodiazepines,Treatment of Anxiety
tricita plus tablet,Y,NEURO CNS,NA,NA,Treatment of Anxiety disorder
thiopental 500mg injection,Y,PAIN ANALGESICS,Ultrashort-Acting Barbituric Acid Derivative,Barbiturate,Anesthesia
tramcet 37.5mg/325mg tablet,Y,PAIN ANALGESICS,NA,NA,Moderate to severe pain
trilodol-p tablet,Y,PAIN ANALGESICS,NA,NA,Pain relief
tromanil extra 500 mg/50 mg tablet,Y,PAIN ANALGESICS,NA,NA,Pain relief
trixide 12.5 mg/5 mg tablet,Y,NEURO CNS,NA,NA,Treatment of Depression
tramacad p 325 mg/37.5 mg tablet,Y,PAIN ANALGESICS,NA,NA,Pain relief
tramazac 100mg tablet sr,Y,PAIN ANALGESICS,Anisole Derivative,Opioids,Moderate to severe pain
trd contin 100mg tablet cr,Y,PAIN ANALGESICS,Anisole Derivative,Opioids,Moderate to severe pain
troycof tr syrup,Y,RESPIRATORY,NA,NA,Dry cough
termin 15mg injection,Y,CARDIAC,Amphetamines Derivatives,Sympathomimetics agonist,Decreased blood pressure
tidigesic 0.2mg tablet,Y,NEURO CNS,Phenanthrenes Derivatives,Opioids- Partial agonist,Opioid (Morphine) dependence
tensyn plus 2.5 mg/20 mg tablet,Y,NEURO CNS,NA,NA,Anxiety disorder
tricalm 10 mg/1 mg tablet,Y,NEURO CNS,NA,NA,Schizophrenia
trizep 1 mg/10 mg tablet,Y,NEURO CNS,NA,NA,Schizophrenia
tracet 325 mg/37.5 mg tablet,Y,PAIN ANALGESICS,NA,NA,Pain relief
tesla plus tablet,Y,NEURO CNS,NA,NA,Treatment of Anxiety disorder
tramatas 50mg capsule,Y,PAIN ANALGESICS,Anisole Derivative,Opioids,Moderate to severe pain
tricare-sr tablet,Y,PAIN ANALGESICS,Anisole Derivative,Opioids,Moderate to severe pain
texidep 0.25mg tablet,Y,NEURO CNS,Benzodiazepines Derivative,Benzodiazepines,Treatment of Anxiety
tolrina 50mg tablet,Y,NEURO CNS,Benzodiazepines Derivative,Benzodiazepines,Treatment of Depression
t lor 2mg tablet,Y,RESPIRATORY,Benzodiazepines Derivative,Benzodiazepines,Treatment of Short term anxiety
tramazac od 200mg tablet,Y,PAIN ANALGESICS,Anisole Derivative,Opioids,Moderate to severe pain
tensyn az 2.5 mg/20 mg tablet,Y,NEURO CNS,NA,NA,Anxiety disorder
trizen 10 mg/1 mg tablet,Y,NEURO CNS,NA,NA,Schizophrenia
tremasine tablet,Y,PAIN ANALGESICS,NA,NA,Pain relief
tram p 325 mg/37.5 mg tablet,Y,PAIN ANALGESICS,NA,NA,Pain relief
tridol 50mg capsule,Y,PAIN ANALGESICS,Anisole Derivative,Opioids,Moderate to severe pain
texina 1mg tablet,Y,RESPIRATORY,Benzodiazepines Derivative,Benzodiazepines,Treatment of Short term anxiety
trox syrup,Y,RESPIRATORY,NA,NA,Dry cough
tamadol p tablet,Y,PAIN ANALGESICS,NA,NA,Pain relief
trixide 25 mg/10 mg tablet,Y,NEURO CNS,NA,NA,Treatment of Depression
tdol plus 500 mg/50 mg tablet,Y,PAIN ANALGESICS,NA,NA,Pain relief
termiva injection,Y,CARDIAC,Amphetamines Derivatives,Sympathomimetics agonist,Decreased blood pressure
texina 2mg tablet,Y,RESPIRATORY,Benzodiazepines Derivative,Benzodiazepines,Treatment of Short term anxiety
taloprex plus 20 mg tablet,Y,NEURO CNS,NA,NA,Treatment of Anxiety disorder
tramrod p tablet,Y,PAIN ANALGESICS,NA,NA,Moderate to severe pain
trika plus 0.5 mg/25 mg tablet,Y,NEURO CNS,NA,NA,Depression
tranquil 0.25mg tablet,Y,NEURO CNS,Benzodiazepines Derivative,Benzodiazepines,Treatment of Anxiety
tramacip 50mg capsule,Y,PAIN ANALGESICS,Anisole Derivative,Opioids,Moderate to severe pain
triline plus 25mg/10mg tablet,Y,NEURO CNS,NA,NA,Treatment of Depression
tribs 5 mg/2.5 mg tablet,Y,GASTRO INTESTINAL,NA,NA,Treatment of Irritable bowel syndrome
trikonol plus 12.5mg/5mg tablet,Y,NEURO CNS,NA,NA,Treatment of Depression
tramazac pd 10mg/325mg/37.5mg tablet,Y,PAIN ANALGESICS,NA,NA,Treatment of Severe acute pain
t lor 1mg tablet,Y,RESPIRATORY,Benzodiazepines Derivative,Benzodiazepines,Treatment of Short term anxiety
tramol dt 10mg/500mg/50mg tablet,Y,PAIN ANALGESICS,NA,NA,Treatment of Severe acute pain
taloprex ls 10 mg tablet,Y,NEURO CNS,NA,NA,Treatment of Anxiety disorder
trojan d 10mg/325mg/37.5mg tablet,Y,PAIN ANALGESICS,NA,NA,Treatment of Severe acute pain
tpt tablet,Y,PAIN ANALGESICS,NA,NA,Pain relief
trapen tablet,Y,PAIN ANALGESICS,NA,NA,Moderate to severe pain
trapalin 37.5mg/325mg tablet,Y,PAIN ANALGESICS,NA,NA,Moderate to severe pain
triptylin plus tablet,Y,NEURO CNS,NA,NA,Treatment of Depression
tp-care tablet,Y,PAIN ANALGESICS,NA,NA,Moderate to severe pain
taloprex plus 5 mg tablet,Y,NEURO CNS,NA,NA,Treatment of Anxiety disorder
tuclan 0.5mg tablet,Y,NEURO CNS,Benzodiazepines Derivative,Benzodiazepines,Treatment of Anxiety disorder
tranax 1 mg tablet,Y,NEURO CNS,Benzodiazepines Derivative,Benzodiazepines,Treatment of Anxiety
temadol p tablet,Y,PAIN ANALGESICS,NA,NA,Moderate to severe pain
tramagold 325 mg/37.5 mg tablet sr,Y,PAIN ANALGESICS,NA,NA,Pain relief
taloprex ls 5 mg tablet,Y,NEURO CNS,NA,NA,Treatment of Anxiety disorder
trama p 500 mg/50 mg tablet,Y,PAIN ANALGESICS,NA,NA,Pain relief
trampol tablet,Y,PAIN ANALGESICS,NA,NA,Pain relief
tencalm tablet,Y,NEURO CNS,NA,NA,Anxiety disorder
trd contin od 200mg tablet,Y,PAIN ANALGESICS,Anisole Derivative,Opioids,Moderate to severe pain
tramatas 50mg injection,Y,PAIN ANALGESICS,Anisole Derivative,Opioids,Moderate to severe pain
traben-pr tablet,Y,PAIN ANALGESICS,Anisole Derivative,Opioids,Moderate to severe pain
talo cz 0.5 mg/10 mg tablet,Y,NEURO CNS,NA,NA,Treatment of Anxiety disorder
trax p 325 mg/37.5 mg tablet,Y,PAIN ANALGESICS,NA,NA,Pain relief
tryl-plus tablet,Y,NEURO CNS,NA,NA,Treatment of Depression
terox 10 mg/1 mg tablet,Y,NEURO CNS,NA,NA,Schizophrenia
tryplena plus 12.5mg/5mg tablet,Y,NEURO CNS,NA,NA,Treatment of Depression
tryp ch tablet,Y,NEURO CNS,NA,NA,Treatment of Depression
tramabit p tablet,Y,PAIN ANALGESICS,NA,NA,Pain relief
tramot plus 325 mg/37.5 mg tablet,Y,PAIN ANALGESICS,NA,NA,Pain relief
tremfree 25 tablet,Y,NEURO CNS,Barbituric Acid Derivative,Barbiturate,Epilepsy/Seizures
tranzex 50mg capsule,Y,PAIN ANALGESICS,Anisole Derivative,Opioids,Moderate to severe pain
tridol pd tablet,Y,PAIN ANALGESICS,NA,NA,Treatment of Severe acute pain
triplex plus tablet,Y,NEURO CNS,NA,NA,Treatment of Depression
tramalor tablet,Y,PAIN ANALGESICS,NA,NA,Treatment of Fever
tranzy tablet,Y,PAIN ANALGESICS,NA,NA,Treatment of Severe acute pain
tramazac tc 100mg tablet,Y,PAIN ANALGESICS,Anisole Derivative,Opioids,Moderate to severe pain
tofisern 100mg tablet,Y,NEURO CNS,Benzodiazepines Derivative,Benzodiazepines,Treatment of Depression
tramad 50mg tablet,Y,PAIN ANALGESICS,Anisole Derivative,Opioids,Moderate to severe pain
tramazide p 325mg/37.5mg tablet,Y,PAIN ANALGESICS,NA,NA,Pain relief
termeg 50mg capsule,Y,PAIN ANALGESICS,Anisole Derivative,Opioids,Moderate to severe pain
tramdol injection,Y,PAIN ANALGESICS,Anisole Derivative,Opioids,Moderate to severe pain
tranquil 0.5mg tablet,Y,NEURO CNS,Benzodiazepines Derivative,Benzodiazepines,Treatment of Anxiety
tramex p 50mg/500mg tablet,Y,PAIN ANALGESICS,NA,NA,Moderate to severe pain
tralgia p 37.5mg/325mg tablet,Y,PAIN ANALGESICS,NA,NA,Moderate to severe pain
tofiryd 50 tablet,Y,NEURO CNS,Benzodiazepines Derivative,Benzodiazepines,Treatment of Depression
todol p tablet,Y,PAIN ANALGESICS,NA,NA,Pain relief
tolrina 100mg tablet,Y,NEURO CNS,Benzodiazepines Derivative,Benzodiazepines,Treatment of Depression
tribrium 10mg tablet,Y,NEURO CNS,Benzodiazepines Derivative,Benzodiazepines,Severe anxiety
tanzepam 2mg tablet,Y,RESPIRATORY,Benzodiazepines Derivative,Benzodiazepines,Treatment of Short term anxiety
trazac plus tablet,Y,PAIN ANALGESICS,NA,NA,Pain relief
thiosol 1 gm injection,Y,PAIN ANALGESICS,Ultrashort-Acting Barbituric Acid Derivative,Barbiturate,Anesthesia
tiza 0.25mg tablet,Y,NEURO CNS,Benzodiazepines Derivative,Benzodiazepines,Treatment of Anxiety
thiosol injection,Y,PAIN ANALGESICS,Ultrashort-Acting Barbituric Acid Derivative,Barbiturate,Anesthesia
tramadex 50mg capsule,Y,PAIN ANALGESICS,Anisole Derivative,Opioids,Moderate to severe pain
tripox 12.5 mg/5 mg tablet,Y,NEURO CNS,NA,NA,Treatment of Depression
tradol plus 37.5mg/500mg tablet,Y,PAIN ANALGESICS,NA,NA,Moderate to severe pain
tizax 0.25 mg/20 mg tablet,Y,NEURO CNS,NA,NA,Anxiety disorder
trika forte 0.5 mg/50 mg tablet,Y,NEURO CNS,NA,NA,Depression
trp 325mg/37.5mg tablet,Y,PAIN ANALGESICS,NA,NA,Pain relief
tramapar-d tablet,Y,PAIN ANALGESICS,NA,NA,Treatment of Severe acute pain
tinety plus 12.5mg/0.5mg tablet er,Y,NEURO CNS,NA,NA,Depression
tramapride p 325 mg/37.5 mg tablet,Y,PAIN ANALGESICS,NA,NA,Pain relief
tramazac od 100 mg tablet,Y,PAIN ANALGESICS,Anisole Derivative,Opioids,Moderate to severe pain
trich 1 mg/10 mg tablet,Y,NEURO CNS,NA,NA,Schizophrenia
toframine 2 mg/25 mg tablet,Y,NEURO CNS,NA,NA,Depression
tracemol tablet,Y,PAIN ANALGESICS,NA,NA,Moderate to severe pain
tramy 325mg/37.5mg tablet,Y,PAIN ANALGESICS,NA,NA,Pain relief
tramascan 100mg tablet sr,Y,PAIN ANALGESICS,Anisole Derivative,Opioids,Moderate to severe pain
tramol plus tablet,Y,GASTRO INTESTINAL,NA,NA,Treatment of Severe acute pain
tofypeace 50 tablet,Y,NEURO CNS,Benzodiazepines Derivative,Benzodiazepines,Treatment of Depression
topspas 20 mg/500 mg/37.5 mg tablet,Y,GASTRO INTESTINAL,NA,NA,Treatment of Severe acute pain
trd contin 50mg injection,Y,PAIN ANALGESICS,Anisole Derivative,Opioids,Moderate to severe pain
tramadus 50mg injection,Y,PAIN ANALGESICS,Anisole Derivative,Opioids,Moderate to severe pain
talendep plus tablet,Y,NEURO CNS,NA,NA,Depression
tramatas plus 325 mg/37.5 mg tablet,Y,PAIN ANALGESICS,NA,NA,Pain relief
tricose 10 mg/1 mg tablet,Y,NEURO CNS,NA,NA,Schizophrenia
talo-plus tablet,Y,NEURO CNS,NA,NA,Treatment of Anxiety disorder
trydol 100mg tablet,Y,PAIN ANALGESICS,Anisole Derivative,Opioids,Moderate to severe pain
typlin c plus tablet,Y,NEURO CNS,NA,NA,Treatment of Depression
triptylin forte tablet,Y,NEURO CNS,NA,NA,Treatment of Depression
triline plus h 12.5 mg/5 mg tablet,Y,NEURO CNS,NA,NA,Treatment of Depression
tramacon 100mg tablet sr,Y,PAIN ANALGESICS,Anisole Derivative,Opioids,Moderate to severe pain
tramadex 50mg injection,Y,PAIN ANALGESICS,Anisole Derivative,Opioids,Moderate to severe pain
taxidol 100mg/37.5mg tablet,Y,PAIN ANALGESICS,NA,NA,Pain relief
tenec 2.5 mg/20 mg tablet,Y,NEURO CNS,NA,NA,Anxiety disorder
tramagold 325 mg/37.5 mg tablet,Y,PAIN ANALGESICS,NA,NA,Pain relief
tenzo 0.25mg tablet,Y,NEURO CNS,Benzodiazepines Derivative,Benzodiazepines,Treatment of Anxiety
tp-flam tablet,Y,PAIN ANALGESICS,NA,NA,Moderate to severe pain
tradol 50mg injection,Y,PAIN ANALGESICS,Anisole Derivative,Opioids,Moderate to severe pain
tramacip 100mg tablet sr,Y,PAIN ANALGESICS,Anisole Derivative,Opioids,Moderate to severe pain
tramacet 37.5mg/325mg tablet,Y,PAIN ANALGESICS,NA,NA,Moderate to severe pain
trank u 0.5mg/5mg tablet,Y,NEURO CNS,NA,NA,Treatment of Anxiety disorder
tensyn cl 0.25mg/20mg tablet,Y,NEURO CNS,NA,NA,Treatment of Anxiety disorder
trikonol forte 25 mg/5 mg tablet,Y,NEURO CNS,NA,NA,Treatment of Depression
tramazin p 37.5mg/325mg tablet,Y,PAIN ANALGESICS,NA,NA,Moderate to severe pain
tuscof-c syrup,Y,RESPIRATORY,NA,NA,Dry cough
tiza 0.5mg tablet,Y,NEURO CNS,Benzodiazepines Derivative,Benzodiazepines,Treatment of Anxiety
trido p 37.5mg/325mg tablet,Y,PAIN ANALGESICS,NA,NA,Moderate to severe pain
tenan 0.25mg tablet,Y,NEURO CNS,Benzodiazepines Derivative,Benzodiazepines,Treatment of Anxiety
tpmol 37.5mg/325mg tablet,Y,PAIN ANALGESICS,NA,NA,Moderate to severe pain
tiraj tablet,Y,PAIN ANALGESICS,NA,NA,Pain relief
tryp c tablet,Y,NEURO CNS,NA,NA,Treatment of Depression
trado 325mg/37.5mg tablet,Y,PAIN ANALGESICS,NA,NA,Pain relief
t-flex tablet,Y,PAIN ANALGESICS,NA,NA,Moderate to severe pain
trax 500 mg/50 mg injection,Y,PAIN ANALGESICS,NA,NA,Pain relief
tensinil 1 mg/10 mg tablet,Y,NEURO CNS,NA,NA,Schizophrenia
tespram forte tablet,Y,NEURO CNS,NA,NA,Treatment of Anxiety disorder
trampat 37.5mg/325mg tablet,Y,PAIN ANALGESICS,NA,NA,Moderate to severe pain
themidol 50mg/ml injection,Y,PAIN ANALGESICS,Anisole Derivative,Opioids,Moderate to severe pain
tramacel p 50mg/325mg tablet,Y,PAIN ANALGESICS,NA,NA,Moderate to severe pain
triplex forte tablet,Y,NEURO CNS,NA,NA,Treatment of Depression
tramawal plus 37.5mg/325mg tablet,Y,PAIN ANALGESICS,NA,NA,Moderate to severe pain
topdol 100mg tablet sr,Y,PAIN ANALGESICS,Anisole Derivative,Opioids,Moderate to severe pain
trox-p 50mg/325mg tablet,Y,PAIN ANALGESICS,NA,NA,Moderate to severe pain
tribs d tablet,Y,GASTRO INTESTINAL,NA,NA,Treatment of Irritable bowel syndrome
trmadol p 37.5mg/325mg tablet,Y,PAIN ANALGESICS,NA,NA,Moderate to severe pain
trixia 10 mg/1 mg tablet,Y,NEURO CNS,NA,NA,Schizophrenia
thiopental 1gm injection,Y,PAIN ANALGESICS,Ultrashort-Acting Barbituric Acid Derivative,Barbiturate,Anesthesia
tramazide d 75mg/50mg tablet,Y,PAIN ANALGESICS,NA,NA,Pain relief
tremfree 50 tablet,Y,NEURO CNS,Barbituric Acid Derivative,Barbiturate,Epilepsy/Seizures
texidep 0.5mg tablet sr,Y,NEURO CNS,Benzodiazepines Derivative,Benzodiazepines,Treatment of Anxiety
trasafe p tablet,Y,PAIN ANALGESICS,NA,NA,Moderate to severe pain
tramavin p tablet,Y,PAIN ANALGESICS,NA,NA,Pain relief
tramap-p tablet,Y,PAIN ANALGESICS,NA,NA,Moderate to severe pain
tiskytas syrup,Y,RESPIRATORY,NA,NA,Treatment of Dry cough
tenzole 0.25mg tablet,Y,NEURO CNS,Benzodiazepines Derivative,Benzodiazepines,Treatment of Anxiety
trimtee plus 12.5mg/5mg tablet,Y,NEURO CNS,NA,NA,Treatment of Depression
talopram-plus tablet,Y,NEURO CNS,NA,NA,Treatment of Anxiety disorder
tp dol 325mg/37.5mg tablet,Y,PAIN ANALGESICS,NA,NA,Pain relief
trax 50mg tablet,Y,PAIN ANALGESICS,Anisole Derivative,Opioids,Moderate to severe pain
trama 50mg tablet,Y,PAIN ANALGESICS,Anisole Derivative,Opioids,Moderate to severe pain
tramore injection,Y,PAIN ANALGESICS,Anisole Derivative,Opioids,Moderate to severe pain
tromed p 50mg/325mg tablet,Y,PAIN ANALGESICS,NA,NA,Moderate to severe pain
tramaford tablet,Y,PAIN ANALGESICS,NA,NA,Moderate to severe pain
tramef 50mg injection,Y,PAIN ANALGESICS,Anisole Derivative,Opioids,Moderate to severe pain
tricare injection,Y,PAIN ANALGESICS,Anisole Derivative,Opioids,Moderate to severe pain
tromed-mr tablet,Y,PAIN ANALGESICS,NA,NA,Pain due to muscle spasm
tramib ap tablet,Y,PAIN ANALGESICS,NA,NA,Pain relief
tranzat plus 500 mg/50 mg tablet,Y,PAIN ANALGESICS,NA,NA,Pain relief
trumit 12.5 mg/5 mg tablet,Y,NEURO CNS,NA,NA,Treatment of Depression
troma p 500 mg/50 mg tablet,Y,PAIN ANALGESICS,NA,NA,Pain relief
tapdol p 37.5mg/325mg tablet,Y,PAIN ANALGESICS,NA,NA,Moderate to severe pain
trambax p 325 mg/37.5 mg tablet,Y,PAIN ANALGESICS,NA,NA,Pain relief
tensfree 0.5mg tablet,Y,NEURO CNS,Benzodiazepines Derivative,Benzodiazepines,Treatment of Anxiety
tenrid 0.5mg tablet,Y,NEURO CNS,Benzodiazepines Derivative,Benzodiazepines,Treatment of Anxiety
tramazac hp 50mg injection,Y,PAIN ANALGESICS,Anisole Derivative,Opioids,Moderate to severe pain
tramacad 50mg injection,Y,PAIN ANALGESICS,Anisole Derivative,Opioids,Moderate to severe pain
trapex 2 mg injection,Y,RESPIRATORY,Benzodiazepines Derivative,Benzodiazepines,Treatment of Status epilepticus
tramacon 50mg tablet,Y,PAIN ANALGESICS,Anisole Derivative,Opioids,Moderate to severe pain
tridev plus tablet,Y,PAIN ANALGESICS,NA,NA,Treatment of Severe acute pain
tramataur 100mg tablet sr,Y,PAIN ANALGESICS,Anisole Derivative,Opioids,Moderate to severe pain
tramonex tablet,Y,PAIN ANALGESICS,NA,NA,Moderate to severe pain
trofentyl 50mcg injection,Y,PAIN ANALGESICS,Phenylpiperidine Derivatives,Opioids,Pain relief
tramloc-p tablet,Y,PAIN ANALGESICS,NA,NA,Moderate to severe pain
tranzex 50mg injection,Y,PAIN ANALGESICS,Anisole Derivative,Opioids,Moderate to severe pain
theodep 2 mg/25 mg tablet,Y,NEURO CNS,NA,NA,Depression
trika sr 1 tablet,Y,NEURO CNS,Benzodiazepines Derivative,Benzodiazepines,Treatment of Anxiety
traceta 325 mg/37.5 mg tablet,Y,PAIN ANALGESICS,NA,NA,Pain relief
tensnil capsule,Y,NEURO CNS,Benzodiazepines Derivative,Benzodiazepines,Treatment of Epilepsy/Seizures
trikodep forte tablet,Y,NEURO CNS,NA,NA,Depression
tizolam 0.5mg tablet,Y,NEURO CNS,Benzodiazepines Derivative,Benzodiazepines,Treatment of Anxiety
tozine 30mg injection,Y,PAIN ANALGESICS,Benzomorphan Derivatives,Opioids,Moderate to severe pain
talendep forte tablet,Y,NEURO CNS,NA,NA,Depression
tutu linctus,Y,RESPIRATORY,NA,NA,Treatment of Dry cough
tramacip plus 325 mg/37.5 mg tablet,Y,PAIN ANALGESICS,NA,NA,Pain relief
tromol-d tablet,Y,GASTRO INTESTINAL,NA,NA,Treatment of Severe acute pain
tramaford 325 mg/37.5 mg tablet,Y,PAIN ANALGESICS,NA,NA,Pain relief
tram proxyvon 325 mg/37.5 mg capsule,Y,PAIN ANALGESICS,NA,NA,Pain relief
tramol p 37.5mg/325mg tablet,Y,PAIN ANALGESICS,NA,NA,Moderate to severe pain
ten 0.5mg tablet,Y,NEURO CNS,Benzodiazepines Derivative,Benzodiazepines,Treatment of Anxiety
tanzepam 1mg tablet,Y,RESPIRATORY,Benzodiazepines Derivative,Benzodiazepines,Treatment of Short term anxiety
tramagon plus 37.5mg/325mg tablet,Y,PAIN ANALGESICS,NA,NA,Moderate to severe pain
tramaset p 37.5mg/325mg tablet,Y,PAIN ANALGESICS,NA,NA,Moderate to severe pain
tramacad plus 500 mg/50 mg tablet,Y,PAIN ANALGESICS,NA,NA,Pain relief
tramsars 50mg tablet,Y,PAIN ANALGESICS,Anisole Derivative,Opioids,Moderate to severe pain
tenso-p 0.25mg/20mg tablet,Y,NEURO CNS,NA,NA,Anxiety disorder
trol-p 50mg/500mg tablet,Y,PAIN ANALGESICS,NA,NA,Moderate to severe pain
trich tablet,Y,NEURO CNS,NA,NA,Treatment of Depression
tramafit 50mg/325mg tablet,Y,PAIN ANALGESICS,NA,NA,Moderate to severe pain
tremol p 37.5mg/325mg tablet,Y,PAIN ANALGESICS,NA,NA,Moderate to severe pain
trama plus 325 mg/37.5 mg tablet,Y,PAIN ANALGESICS,NA,NA,Pain relief
tramagan dp tablet,Y,PAIN ANALGESICS,NA,NA,Treatment of Severe acute pain
tramalix p 50mg/325mg tablet,Y,PAIN ANALGESICS,NA,NA,Moderate to severe pain
tramica-p 50mg/500mg tablet,Y,PAIN ANALGESICS,NA,NA,Moderate to severe pain
thipen 500mg injection,Y,PAIN ANALGESICS,Ultrashort-Acting Barbituric Acid Derivative,Barbiturate,Anesthesia
tensfree 0.25mg tablet,Y,NEURO CNS,Benzodiazepines Derivative,Benzodiazepines,Treatment of Anxiety
temper 325mg/37.5mg tablet,Y,PAIN ANALGESICS,NA,NA,Pain relief
tribrium 25mg tablet,Y,NEURO CNS,Benzodiazepines Derivative,Benzodiazepines,Severe anxiety
t up tablet,Y,PAIN ANALGESICS,NA,NA,Treatment of Severe acute pain
teratri c 10mg/1mg tablet,Y,NEURO CNS,NA,NA,Schizophrenia
tramaset 37.5mg/325mg tablet,Y,PAIN ANALGESICS,NA,NA,Moderate to severe pain
trambax 50mg tablet,Y,PAIN ANALGESICS,Anisole Derivative,Opioids,Moderate to severe pain
tramazide dp tablet,Y,PAIN ANALGESICS,NA,NA,Treatment of Severe acute pain
trypam plus 0.5mg/5mg tablet,Y,NEURO CNS,NA,NA,Treatment of Anxiety disorder
tramon-p 37.5mg/325mg tablet,Y,PAIN ANALGESICS,NA,NA,Moderate to severe pain
tralofen tablet sr,Y,PAIN ANALGESICS,NA,NA,Pain relief
torinib tablet,Y,PAIN ANALGESICS,NA,NA,Moderate to severe pain
trazac 50mg tablet,Y,PAIN ANALGESICS,Anisole Derivative,Opioids,Moderate to severe pain
triptal plus tablet,Y,NEURO CNS,NA,NA,Treatment of Depression
trumeb c 135mg/5mg tablet,Y,GASTRO INTESTINAL,NA,NA,Irritable bowel syndrome
taron p 500mg/25mg tablet,Y,PAIN ANALGESICS,NA,NA,Pain relief
tuspam 1mg tablet,Y,NEURO CNS,Benzodiazepines Derivative,Benzodiazepines,Treatment of Anxiety disorder
tramalife-p tablet,Y,PAIN ANALGESICS,NA,NA,Pain relief
tridev 37.5mg/325mg tablet,Y,PAIN ANALGESICS,NA,NA,Moderate to severe pain
trikodep 2.5mg/25mg tablet,Y,NEURO CNS,NA,NA,Depression
tdx plus 325 mg/37.5 mg tablet,Y,PAIN ANALGESICS,NA,NA,Pain relief
tricare 50mg capsule,Y,PAIN ANALGESICS,Anisole Derivative,Opioids,Moderate to severe pain
tramatas forte 50mg tablet,Y,PAIN ANALGESICS,Anisole Derivative,Opioids,Moderate to severe pain
tramalor plus tablet sr,Y,PAIN ANALGESICS,NA,NA,Pain relief
trapsure 100mg tablet cr,Y,PAIN ANALGESICS,Anisole Derivative,Opioids,Moderate to severe pain
tol a 325 mg/37.5 mg tablet,Y,PAIN ANALGESICS,NA,NA,Pain relief
t dol 37.5mg/325mg tablet,Y,PAIN ANALGESICS,NA,NA,Moderate to severe pain
tramacin-p tablet,Y,PAIN ANALGESICS,NA,NA,Moderate to severe pain
t para 37.5mg/325mg tablet,Y,PAIN ANALGESICS,NA,NA,Moderate to severe pain
tramagee 50mg injection,Y,PAIN ANALGESICS,Anisole Derivative,Opioids,Moderate to severe pain
trishal 10mg/1mg tablet,Y,NEURO CNS,NA,NA,Schizophrenia
typlin c 12.5 mg/5 mg tablet,Y,NEURO CNS,NA,NA,Treatment of Depression
tramapride 100mg tablet sr,Y,PAIN ANALGESICS,Anisole Derivative,Opioids,Moderate to severe pain
talza 10 tablet,Y,NEURO CNS,Benzodiazepines Derivative,Benzodiazepines,Treatment of Epilepsy/Seizures
trudol 37.5mg/325mg tablet,Y,PAIN ANALGESICS,NA,NA,Moderate to severe pain
tralocet 325mg/37.5mg tablet,Y,PAIN ANALGESICS,NA,NA,Pain relief
telpram cz 0.5mg/10mg tablet,Y,NEURO CNS,NA,NA,Treatment of Anxiety disorder
tmd 50mg injection,Y,PAIN ANALGESICS,Anisole Derivative,Opioids,Moderate to severe pain
trudol plus 75mg/50mg tablet sr,Y,PAIN ANALGESICS,NA,NA,Pain relief
tresnil tablet,Y,NEURO CNS,NA,NA,Treatment of Insomnia
tdset-p tablet,Y,PAIN ANALGESICS,NA,NA,Moderate to severe pain
trapidol 325 mg/37.5 mg tablet,Y,PAIN ANALGESICS,NA,NA,Pain relief
tramanam tablet,Y,PAIN ANALGESICS,Anisole Derivative,Opioids,Moderate to severe pain
tripox 10mg/1mg tablet,Y,NEURO CNS,NA,NA,Schizophrenia
tmol 37.5mg/325mg tablet,Y,PAIN ANALGESICS,NA,NA,Moderate to severe pain
tromy 50mg tablet dt,Y,PAIN ANALGESICS,Anisole Derivative,Opioids,Moderate to severe pain
trmspas tablet,Y,GASTRO INTESTINAL,NA,NA,Treatment of Severe acute pain
tramot 100mg injection,Y,PAIN ANALGESICS,Anisole Derivative,Opioids,Moderate to severe pain
tramasil p 37.5mg/325mg tablet,Y,PAIN ANALGESICS,NA,NA,Moderate to severe pain
tramagesic 50mg tablet,Y,PAIN ANALGESICS,Anisole Derivative,Opioids,Moderate to severe pain
typlin c plus 25 mg/10 mg tablet,Y,NEURO CNS,NA,NA,Treatment of Depression
tacil 500 mg/37.5 mg tablet,Y,PAIN ANALGESICS,NA,NA,Pain relief
tridium 10mg tablet,Y,NEURO CNS,Benzodiazepines Derivative,Benzodiazepines,Severe anxiety
tripoxide 10mg/1mg tablet,Y,NEURO CNS,NA,NA,Schizophrenia
toff lix syrup,Y,RESPIRATORY,NA,NA,Treatment of Dry cough
tricydep a 0.25mg/25mg tablet,Y,NEURO CNS,NA,NA,Depression
tramagesic 50mg injection,Y,PAIN ANALGESICS,Anisole Derivative,Opioids,Moderate to severe pain
tandil 5mg/25mg tablet,Y,NEURO CNS,NA,NA,Depression
trama 100mg tablet sr,Y,PAIN ANALGESICS,Anisole Derivative,Opioids,Moderate to severe pain
tripox ds 25 mg/10 mg tablet,Y,NEURO CNS,NA,NA,Treatment of Depression
tramaflam 50mg tablet,Y,PAIN ANALGESICS,Anisole Derivative,Opioids,Moderate to severe pain
tramacet 325 mg/37.5 mg tablet,Y,PAIN ANALGESICS,NA,NA,Pain relief
tancodep 5mg/25mg tablet,Y,NEURO CNS,NA,NA,Depression
ultracet tablet,Y,PAIN ANALGESICS,NA,NA,Pain relief
ultracet semi tablet,Y,PAIN ANALGESICS,NA,NA,Pain relief
ultranise 37.5mg/325mg tablet,Y,PAIN ANALGESICS,NA,NA,Moderate to severe pain
ultra plus tablet,Y,PAIN ANALGESICS,NA,NA,Pain relief
ultra king 37.5mg/325mg tablet,Y,PAIN ANALGESICS,NA,NA,Moderate to severe pain
ultracet 500mg/50mg tablet,Y,PAIN ANALGESICS,NA,NA,Pain relief
ultramed-d tablet,Y,PAIN ANALGESICS,NA,NA,Treatment of Severe acute pain
ultram 325 mg/37.5 mg tablet,Y,PAIN ANALGESICS,NA,NA,Pain relief
ultramed tablet,Y,PAIN ANALGESICS,NA,NA,Pain relief
ultramol 325 mg/37.5 mg tablet,Y,PAIN ANALGESICS,NA,NA,Pain relief
urgendol p 325 mg/37.5 mg tablet,Y,PAIN ANALGESICS,NA,NA,Pain relief
ulcon 5 mg/2.5 mg tablet,Y,GASTRO INTESTINAL,NA,NA,Treatment of Irritable bowel syndrome
ulcon-mv 135mg/5mg tablet,Y,GASTRO INTESTINAL,NA,NA,Irritable bowel syndrome
ultramax 37.5mg/325mg tablet,Y,PAIN ANALGESICS,NA,NA,Moderate to severe pain
ultrazac tablet,Y,PAIN ANALGESICS,NA,NA,Pain relief
ultra plus h 162.5 mg/18.75 mg tablet,Y,PAIN ANALGESICS,NA,NA,Pain relief
ultrasun tablet,Y,PAIN ANALGESICS,NA,NA,Moderate to severe pain
ultrin d tablet,Y,PAIN ANALGESICS,NA,NA,Moderate to severe pain
ulrax d tablet,Y,GASTRO INTESTINAL,NA,NA,Treatment of Irritable bowel syndrome
ultraspas tablet,Y,GASTRO INTESTINAL,NA,NA,Treatment of Severe acute pain
ultragesic 50mg/500mg tablet,Y,PAIN ANALGESICS,NA,NA,Moderate to severe pain
ultram 100mg injection,Y,PAIN ANALGESICS,Anisole Derivative,Opioids,Moderate to severe pain
ultradol 37.5mg/325mg tablet,Y,PAIN ANALGESICS,NA,NA,Moderate to severe pain
ultralgia tablet,Y,PAIN ANALGESICS,NA,NA,Pain relief
ultrarite tablet,Y,PAIN ANALGESICS,NA,NA,Pain relief
ulrax 20 mg/5 mg/2.5 mg tablet,Y,GASTRO INTESTINAL,NA,NA,Irritable bowel syndrome
ultraniche tablet,Y,PAIN ANALGESICS,NA,NA,Pain relief
u spas tablet,Y,GASTRO INTESTINAL,NA,NA,Irritable bowel syndrome
unimaxin 5mg/2.5mg tablet,Y,GASTRO INTESTINAL,NA,NA,Treatment of Irritable bowel syndrome
ultrin s tablet,Y,PAIN ANALGESICS,NA,NA,Pain relief
ultrabest tablet,Y,PAIN ANALGESICS,NA,NA,Pain relief
urgendol 50mg tablet,Y,PAIN ANALGESICS,Anisole Derivative,Opioids,Moderate to severe pain
ultramin tablet,Y,PAIN ANALGESICS,NA,NA,Pain relief
ultrawin 37.5mg/325mg capsule,Y,PAIN ANALGESICS,NA,NA,Moderate to severe pain
ulcon p 5 mg/2.5 mg tablet,Y,GASTRO INTESTINAL,NA,NA,Treatment of Irritable bowel syndrome
ulrex 5 mg/2.5 mg/300 mg tablet,Y,NEURO CNS,NA,NA,Irritable bowel syndrome
ultrin semi tablet,Y,PAIN ANALGESICS,NA,NA,Moderate to severe pain
ultranyx tablet,Y,PAIN ANALGESICS,NA,NA,Moderate to severe pain
ultracon 37.5mg/325mg tablet,Y,PAIN ANALGESICS,NA,NA,Moderate to severe pain
ultrazac d 10 mg/325 mg/37.5 mg tablet,Y,PAIN ANALGESICS,NA,NA,Treatment of Severe acute pain
ultrasin 37.5mg/325mg tablet,Y,PAIN ANALGESICS,NA,NA,Moderate to severe pain
ultratab 325mg/37.5mg tablet,Y,PAIN ANALGESICS,NA,NA,Pain relief
ultraleaf tablet,Y,PAIN ANALGESICS,NA,NA,Moderate to severe pain
ulterfast 37.5mg/325mg tablet,Y,PAIN ANALGESICS,NA,NA,Moderate to severe pain
ultramac 37.5mg/325mg tablet,Y,PAIN ANALGESICS,NA,NA,Moderate to severe pain
ultrafit 37.5mg/325mg tablet,Y,PAIN ANALGESICS,NA,NA,Moderate to severe pain
ultra race 37.5mg/325mg tablet,Y,PAIN ANALGESICS,NA,NA,Moderate to severe pain
unikuf cd syrup,Y,RESPIRATORY,NA,NA,Dry cough
ultrajet 100mg tablet sr,Y,PAIN ANALGESICS,Anisole Derivative,Opioids,Moderate to severe pain
ulterdol 37.5mg/325mg tablet,Y,PAIN ANALGESICS,NA,NA,Moderate to severe pain
ulrex p 5mg/2.5mg tablet,Y,GASTRO INTESTINAL,NA,NA,Treatment of Irritable bowel syndrome
unitrac 0.5 mg/25 mg tablet,Y,NEURO CNS,NA,NA,Depression
ulrax c 5mg/2.5mg tablet,Y,GASTRO INTESTINAL,NA,NA,Treatment of Irritable bowel syndrome
ultramust-p 37.5mg/325mg tablet,Y,PAIN ANALGESICS,NA,NA,Moderate to severe pain
ultrajoy 37.5mg/325mg tablet,Y,PAIN ANALGESICS,NA,NA,Moderate to severe pain
ultrin tablet,Y,PAIN ANALGESICS,NA,NA,Moderate to severe pain
unitram p 500mg/50mg tablet,Y,PAIN ANALGESICS,NA,NA,Pain relief
ultramol 50mg injection,Y,PAIN ANALGESICS,Anisole Derivative,Opioids,Moderate to severe pain
unicalm forte 1mg tablet,Y,NEURO CNS,Benzodiazepines Derivative,Benzodiazepines,Treatment of Anxiety
ultitram 325mg/37.5mg tablet,Y,PAIN ANALGESICS,NA,NA,Pain relief
urgendol 50mg injection,Y,PAIN ANALGESICS,Anisole Derivative,Opioids,Moderate to severe pain
ulsedin tablet,Y,GASTRO INTESTINAL,NA,NA,Irritable bowel syndrome
ultraneed 37.5mg/325mg tablet,Y,PAIN ANALGESICS,NA,NA,Moderate to severe pain
ultrafen 37.5mg/325mg tablet,Y,PAIN ANALGESICS,NA,NA,Moderate to severe pain
ultrarex 37.5mg/325mg tablet,Y,PAIN ANALGESICS,NA,NA,Moderate to severe pain
ultraver 37.5mg/325mg tablet,Y,PAIN ANALGESICS,NA,NA,Moderate to severe pain
ultrazac 650 mg/75 mg tablet er,Y,PAIN ANALGESICS,NA,NA,Pain relief
ultra dep 25mg/10mg tablet,Y,NEURO CNS,NA,NA,Depression
unidol 50mg capsule,Y,PAIN ANALGESICS,Anisole Derivative,Opioids,Moderate to severe pain
ultramed 50mg injection,Y,PAIN ANALGESICS,Anisole Derivative,Opioids,Moderate to severe pain
ultra ace d 10mg/325mg/37.5mg tablet,Y,PAIN ANALGESICS,NA,NA,Treatment of Severe acute pain
upclock 0.5mg tablet,Y,NEURO CNS,Benzodiazepines Derivative,Benzodiazepines,Treatment of Anxiety disorder
unizocine injection,Y,PAIN ANALGESICS,Benzomorphan Derivatives,Opioids,Moderate to severe pain
ultroget 37.5mg/325mg tablet,Y,PAIN ANALGESICS,NA,NA,Moderate to severe pain
ulpane 2.5 mg/5 mg/400 mg tablet,Y,GASTRO INTESTINAL,NA,NA,Abdominal pain
ultravin 37.5mg/325mg tablet,Y,PAIN ANALGESICS,NA,NA,Moderate to severe pain
ubitdol forte 50mg/500mg tablet,Y,PAIN ANALGESICS,NA,NA,Moderate to severe pain
ultramust p 37.5mg/325mg tablet,Y,PAIN ANALGESICS,NA,NA,Moderate to severe pain
ultrap 37.5mg/325mg tablet,Y,PAIN ANALGESICS,NA,NA,Moderate to severe pain
ultra ace 37.5mg/325mg tablet,Y,PAIN ANALGESICS,NA,NA,Moderate to severe pain
unicalm plus 0.5mg/25mg tablet,Y,NEURO CNS,NA,NA,Depression
uv dol 37.5mg/325mg tablet,Y,PAIN ANALGESICS,NA,NA,Moderate to severe pain
ultrajen 37.5mg/325mg tablet,Y,PAIN ANALGESICS,NA,NA,Moderate to severe pain
unicalm plus 0.25mg/50mg tablet,Y,NEURO CNS,NA,NA,Depression
ultratrust p 37.5mg/325mg tablet,Y,PAIN ANALGESICS,NA,NA,Moderate to severe pain
unidol 100mg tablet sr,Y,PAIN ANALGESICS,Anisole Derivative,Opioids,Moderate to severe pain
ultratus 325mg/37.5mg tablet,Y,PAIN ANALGESICS,NA,NA,Pain relief
ultravin 100mg injection,Y,PAIN ANALGESICS,Anisole Derivative,Opioids,Moderate to severe pain
unidol 100mg injection,Y,NEURO CNS,Alkyl-phenylketone derivatives,Typical Antipsychotics,Schizophrenia
ultrafine 37.5mg/325mg tablet,Y,PAIN ANALGESICS,NA,NA,Moderate to severe pain
ubitdol 50mg tablet,Y,PAIN ANALGESICS,Anisole Derivative,Opioids,Moderate to severe pain
unitram 100mg injection,Y,PAIN ANALGESICS,Anisole Derivative,Opioids,Moderate to severe pain
ultaram t 37.5mg/325mg tablet,Y,PAIN ANALGESICS,NA,NA,Moderate to severe pain
unitrac 0.5mg/50mg tablet,Y,NEURO CNS,NA,NA,Depression
ultranax 37.5mg/325mg tablet,Y,PAIN ANALGESICS,NA,NA,Moderate to severe pain
ultimol forte 500mg/50mg tablet,Y,PAIN ANALGESICS,NA,NA,Pain relief
ubitpam 0.50mg tablet,Y,NEURO CNS,Benzodiazepines Derivative,Benzodiazepines,Treatment of Anxiety disorder
ubitdol 100mg tablet sr,Y,PAIN ANALGESICS,Anisole Derivative,Opioids,Moderate to severe pain
ultimol 50mg tablet,Y,PAIN ANALGESICS,Anisole Derivative,Opioids,Moderate to severe pain
ulmadol 100mg injection,Y,PAIN ANALGESICS,Anisole Derivative,Opioids,Moderate to severe pain
ulmadol 50mg injection,Y,PAIN ANALGESICS,Anisole Derivative,Opioids,Moderate to severe pain
ultraled 37.5mg/325mg tablet,Y,PAIN ANALGESICS,NA,NA,Moderate to severe pain
uldix 0.5mg tablet,Y,NEURO CNS,Benzodiazepines Derivative,Benzodiazepines,Treatment of Anxiety
valium 5 tablet,Y,NEURO CNS,Benzodiazepine Derivative,Benzodiazepines,Short term anxiety
valium 10mg tablet,Y,NEURO CNS,Benzodiazepine Derivative,Benzodiazepines,Short term anxiety
vermor 10mg tablet,Y,PAIN ANALGESICS,Phenanthrenes Derivative,Opioids,Moderate to severe pain
valium 2mg tablet,Y,NEURO CNS,Benzodiazepine Derivative,Benzodiazepines,Short term anxiety
ventab plus 50mg/0.5mg tablet,Y,NEURO CNS,NA,NA,Treatment of Depression
venlite cz 50mg/0.5mg tablet,Y,NEURO CNS,NA,NA,Treatment of Depression
verfen injection,Y,PAIN ANALGESICS,Phenylpiperidine Derivatives,Opioids,Pain relief
vermor 10 injection,Y,PAIN ANALGESICS,Phenanthrenes Derivative,Opioids,Treatment of Moderate to severe pain
vizep 10mg tablet,Y,NEURO CNS,Benzodiazepines Derivative,Benzodiazepines,Severe anxiety
vermor 30mg tablet,Y,PAIN ANALGESICS,Phenanthrenes Derivative,Opioids,Moderate to severe pain
vasorex tablet,Y,GASTRO INTESTINAL,NA,NA,Treatment of Irritable bowel syndrome
ventab plus 100mg/0.5mg tablet,Y,NEURO CNS,NA,NA,Treatment of Depression
vizep 25mg tablet,Y,NEURO CNS,Benzodiazepines Derivative,Benzodiazepines,Severe anxiety
venlite cz 100mg/0.5mg tablet,Y,NEURO CNS,NA,NA,Treatment of Depression
volik d tablet,Y,PAIN ANALGESICS,NA,NA,Pain relief
vidol p 50mg/325mg tablet,Y,PAIN ANALGESICS,NA,NA,Moderate to severe pain
vermor 20mg tablet,Y,PAIN ANALGESICS,Phenanthrenes Derivative,Opioids,Moderate to severe pain
vorth tm 325mg/37.5mg tablet,Y,PAIN ANALGESICS,NA,NA,Pain relief
venew plus 50mg/0.5mg tablet,Y,NEURO CNS,NA,NA,Treatment of Depression
vermor 60mg tablet,Y,PAIN ANALGESICS,Phenanthrenes Derivative,Opioids,Moderate to severe pain
velpram-cl 0.5mg/20mg tablet,Y,NEURO CNS,NA,NA,Treatment of Anxiety disorder
vinfil 100 tablet,Y,NEURO CNS,Diphenylmethane Derivative,Stimulant/ Drug for excessive sleepiness,Narcolepsy (Uncontrollable daytime sleepiness)
viazop 0.5mg tablet,Y,NEURO CNS,Benzodiazepines Derivative,Benzodiazepines,Treatment of Anxiety
victadol p 325 mg/37.5 mg tablet,Y,PAIN ANALGESICS,NA,NA,Pain relief
vinfil 200 tablet,Y,NEURO CNS,Diphenylmethane Derivative,Stimulant/ Drug for excessive sleepiness,Narcolepsy (Uncontrollable daytime sleepiness)
volcan 2.5 mg/20 mg tablet,Y,NEURO CNS,NA,NA,Anxiety disorder
venidol p 37.5mg/325mg tablet,Y,PAIN ANALGESICS,NA,NA,Moderate to severe pain
viazop 0.25mg tablet,Y,NEURO CNS,Benzodiazepines Derivative,Benzodiazepines,Treatment of Anxiety
viprax 0.25mg tablet,Y,NEURO CNS,Benzodiazepines Derivative,Benzodiazepines,Treatment of Anxiety
vat 0.5mg tablet,Y,NEURO CNS,Benzodiazepines Derivative,Benzodiazepines,Treatment of Anxiety
vigilant 150mg tablet,Y,NEURO CNS,Diphenylmethane Derivative,Stimulant/ Drug for excessive sleepiness,Narcolepsy (Uncontrollable daytime sleepiness)
vigilant 250mg tablet,Y,NEURO CNS,Diphenylmethane Derivative,Stimulant/ Drug for excessive sleepiness,Narcolepsy (Uncontrollable daytime sleepiness)
vibatryp-h tablet,Y,NEURO CNS,NA,NA,Treatment of Depression
vdol-p tablet,Y,PAIN ANALGESICS,NA,NA,Moderate to severe pain
viztrip forte 25mg/10mg tablet,Y,NEURO CNS,NA,NA,Treatment of Depression
verzepam 5mg injection,Y,NEURO CNS,Benzodiazepine Derivative,Benzodiazepines,Treatment of Short term anxiety
vardol injection,Y,PAIN ANALGESICS,Anisole Derivative,Opioids,Moderate to severe pain
vetram plus 50mg/500mg tablet,Y,PAIN ANALGESICS,NA,NA,Moderate to severe pain
vidol 100mg injection,Y,PAIN ANALGESICS,Anisole Derivative,Opioids,Moderate to severe pain
vardol 100 injection,Y,PAIN ANALGESICS,Anisole Derivative,Opioids,Moderate to severe pain
vaxodol p tablet,Y,PAIN ANALGESICS,NA,NA,Pain relief
verpen 30mg injection,Y,PAIN ANALGESICS,Benzomorphan Derivatives,Opioids,Moderate to severe pain
visram 0.5mg tablet,Y,NEURO CNS,Benzodiazepines Derivative,Benzodiazepines,Treatment of Anxiety
vexitine plus tablet,Y,NEURO CNS,NA,NA,Depression
verdol 50mg injection,Y,PAIN ANALGESICS,Anisole Derivative,Opioids,Moderate to severe pain
veltramol 325 mg/37.5 mg tablet,Y,PAIN ANALGESICS,NA,NA,Pain relief
vincidol tp 37.5mg/325mg tablet,Y,PAIN ANALGESICS,NA,NA,Moderate to severe pain
vigilant 200mg tablet,Y,NEURO CNS,Diphenylmethane Derivative,Stimulant/ Drug for excessive sleepiness,Narcolepsy (Uncontrollable daytime sleepiness)
vamadol plus 650 mg/50 mg tablet,Y,PAIN ANALGESICS,NA,NA,Pain relief
victadol 50mg tablet,Y,PAIN ANALGESICS,Anisole Derivative,Opioids,Moderate to severe pain
vepoxid 25mg tablet,Y,NEURO CNS,Benzodiazepines Derivative,Benzodiazepines,Severe anxiety
vizam 5mg tablet md,Y,NEURO CNS,Benzodiazepines Derivative,Benzodiazepines,Treatment of Epilepsy/Seizures
volflam d 400 mg/325 mg/32.5 mg tablet,Y,PAIN ANALGESICS,NA,NA,Pain relief
verzol 1mg injection,Y,NEURO CNS,Benzodiazepines Derivative,Benzodiazepines,Conscious sedation during diagnostic or therapeutic procedures
viztrip cz 12.5mg/5mg tablet,Y,NEURO CNS,NA,NA,Treatment of Depression
vepoxid 10mg tablet,Y,NEURO CNS,Benzodiazepines Derivative,Benzodiazepines,Severe anxiety
vellsar 10mg/1mg tablet,Y,NEURO CNS,NA,NA,Schizophrenia
volzep 1mg tablet,Y,RESPIRATORY,Benzodiazepines Derivative,Benzodiazepines,Treatment of Short term anxiety
vesupram forte 0.5mg/10mg tablet,Y,NEURO CNS,NA,NA,Treatment of Anxiety disorder
vetram 50mg injection,Y,PAIN ANALGESICS,Anisole Derivative,Opioids,Moderate to severe pain
viltaden tablet,Y,NEURO CNS,NA,NA,Treatment of Anxiety disorder
vinac tp 100mg/325mg/37.5mg tablet,Y,PAIN ANALGESICS,NA,NA,Pain relief
vepoxid tf 10mg/1mg tablet,Y,NEURO CNS,NA,NA,Schizophrenia
volnaz 0.5mg tablet md,Y,NEURO CNS,Benzodiazepines Derivative,Benzodiazepines,Treatment of Anxiety disorder
vintrax-f 0.25 mg/20mg tablet,Y,NEURO CNS,NA,NA,Depression
veeradol 100mg tablet sr,Y,PAIN ANALGESICS,Anisole Derivative,Opioids,Moderate to severe pain
volpraz 0.5mg tablet sr,Y,NEURO CNS,Benzodiazepines Derivative,Benzodiazepines,Treatment of Anxiety
volnaz 1mg tablet,Y,NEURO CNS,Benzodiazepines Derivative,Benzodiazepines,Treatment of Anxiety disorder
valcom injection,Y,PAIN ANALGESICS,Anisole Derivative,Opioids,Moderate to severe pain
visram 0.25mg tablet,Y,NEURO CNS,Benzodiazepines Derivative,Benzodiazepines,Treatment of Anxiety
veeradol 50mg tablet,Y,PAIN ANALGESICS,Anisole Derivative,Opioids,Moderate to severe pain
vivodol plus 37.5mg/325mg tablet,Y,PAIN ANALGESICS,NA,NA,Moderate to severe pain
vovedex tablet,Y,PAIN ANALGESICS,NA,NA,Pain relief
volnaz 0.25mg tablet md,Y,NEURO CNS,Benzodiazepines Derivative,Benzodiazepines,Treatment of Anxiety disorder
volpraz p 0.25mg/20mg tablet,Y,NEURO CNS,NA,NA,Anxiety disorder
vapdol 100mg injection,Y,PAIN ANALGESICS,Anisole Derivative,Opioids,Moderate to severe pain
veeradol 100mg injection,Y,PAIN ANALGESICS,Anisole Derivative,Opioids,Moderate to severe pain
vicadol 100mg injection,Y,PAIN ANALGESICS,Anisole Derivative,Opioids,Moderate to severe pain
volnaz p 0.25mg/10mg tablet,Y,NEURO CNS,NA,NA,Treatment of Anxiety disorder
volpraz f 0.25mg/20mg tablet,Y,NEURO CNS,NA,NA,Depression
vepoxid cd 2.5mg/5mg/10mg tablet,Y,GASTRO INTESTINAL,NA,NA,Treatment of Irritable bowel syndrome
volzep 2mg tablet,Y,RESPIRATORY,Benzodiazepines Derivative,Benzodiazepines,Treatment of Short term anxiety
varndom p 10mg/325mg/37.5mg tablet,Y,PAIN ANALGESICS,NA,NA,Treatment of Severe acute pain
waklert 50 tablet,Y,NEURO CNS,Diphenylmethane Derivative,Stimulant/ Drug for excessive sleepiness,Narcolepsy (Uncontrollable daytime sleepiness)
waklert 150 tablet,Y,NEURO CNS,Diphenylmethane Derivative,Stimulant/ Drug for excessive sleepiness,Narcolepsy (Uncontrollable daytime sleepiness)
winspasmo forte 10mg/325mg/50mg capsule,Y,GASTRO INTESTINAL,NA,NA,Treatment of Severe acute pain
waklert 100mg tablet,Y,NEURO CNS,Diphenylmethane Derivative,Stimulant/ Drug for excessive sleepiness,Narcolepsy (Uncontrollable daytime sleepiness)
wakactive 200mg tablet,Y,NEURO CNS,Diphenylmethane Derivative,Stimulant/ Drug for excessive sleepiness,Narcolepsy (Uncontrollable daytime sleepiness)
weltracet tablet,Y,PAIN ANALGESICS,NA,NA,Moderate to severe pain
waltryp-xl 25mg/10mg tablet,Y,NEURO CNS,NA,NA,Treatment of Depression
waklert 250mg tablet,Y,NEURO CNS,Diphenylmethane Derivative,Stimulant/ Drug for excessive sleepiness,Narcolepsy (Uncontrollable daytime sleepiness)
wakactive 100mg tablet,Y,NEURO CNS,Diphenylmethane Derivative,Stimulant/ Drug for excessive sleepiness,Narcolepsy (Uncontrollable daytime sleepiness)
wakevigil 100mg tablet,Y,NEURO CNS,Diphenylmethane Derivative,Stimulant/ Drug for excessive sleepiness,Narcolepsy (Uncontrollable daytime sleepiness)
wisercet 37.5mg/325mg tablet,Y,PAIN ANALGESICS,NA,NA,Moderate to severe pain
waltra-p 37.5mg/325mg tablet,Y,PAIN ANALGESICS,NA,NA,Moderate to severe pain
wallrex t syrup,Y,RESPIRATORY,NA,NA,Dry cough
walkalarm 50mg tablet,Y,NEURO CNS,Diphenylmethane Derivative,Stimulant/ Drug for excessive sleepiness,Narcolepsy (Uncontrollable daytime sleepiness)
wallrex syrup,Y,RESPIRATORY,NA,NA,Dry cough
walkalarm 150mg tablet,Y,NEURO CNS,Diphenylmethane Derivative,Stimulant/ Drug for excessive sleepiness,Narcolepsy (Uncontrollable daytime sleepiness)
walagesic 650mg/65mg capsule,Y,PAIN ANALGESICS,NA,NA,Pain relief
woolmar plus 500 mg/37.5 mg tablet,Y,PAIN ANALGESICS,NA,NA,Pain relief
wintal 30mg injection,Y,PAIN ANALGESICS,Benzomorphan Derivatives,Opioids,Moderate to severe pain
wellpra p 0.25mg/20mg tablet,Y,NEURO CNS,NA,NA,Anxiety disorder
welldol p 37.5mg/325mg tablet,Y,PAIN ANALGESICS,NA,NA,Moderate to severe pain
welprazone 0.5mg tablet,Y,NEURO CNS,Benzodiazepines Derivative,Benzodiazepines,Treatment of Anxiety
wycalm 0.5mg tablet,Y,NEURO CNS,Benzodiazepines Derivative,Benzodiazepines,Treatment of Anxiety
wellpra 0.25mg tablet,Y,NEURO CNS,Benzodiazepines Derivative,Benzodiazepines,Treatment of Anxiety
welam 0.5mg tablet,Y,NEURO CNS,Benzodiazepines Derivative,Benzodiazepines,Treatment of Anxiety
wellpra 0.5mg tablet,Y,NEURO CNS,Benzodiazepines Derivative,Benzodiazepines,Treatment of Anxiety
wotlin syrup,Y,RESPIRATORY,NA,NA,Dry cough
wycalm 0.25mg tablet,Y,NEURO CNS,Benzodiazepines Derivative,Benzodiazepines,Treatment of Anxiety
wintram p 37.5mg/325mg tablet,Y,PAIN ANALGESICS,NA,NA,Moderate to severe pain
wokdol 37.5mg/325mg tablet,Y,PAIN ANALGESICS,NA,NA,Moderate to severe pain
welldol 100mg injection,Y,PAIN ANALGESICS,Anisole Derivative,Opioids,Moderate to severe pain
welnorm 0.25mg tablet,Y,NEURO CNS,Benzodiazepines Derivative,Benzodiazepines,Treatment of Anxiety
winxity 12.5mg/0.5mg tablet,Y,NEURO CNS,NA,NA,Depression
wintram 50mg/ml injection,Y,PAIN ANALGESICS,Anisole Derivative,Opioids,Moderate to severe pain
welnorm 0.5mg tablet,Y,NEURO CNS,Benzodiazepines Derivative,Benzodiazepines,Treatment of Anxiety
wadol 100mg injection,Y,PAIN ANALGESICS,Anisole Derivative,Opioids,Moderate to severe pain
wizpain-ap tablet,Y,PAIN ANALGESICS,NA,NA,Pain relief
welam 0.25mg tablet,Y,NEURO CNS,Benzodiazepines Derivative,Benzodiazepines,Treatment of Anxiety
wizpain p 37.5mg/325mg tablet,Y,PAIN ANALGESICS,NA,NA,Moderate to severe pain
wizpain 100mg injection,Y,PAIN ANALGESICS,Anisole Derivative,Opioids,Moderate to severe pain
xl 80 4 mg/10 mg tablet,Y,RESPIRATORY,NA,NA,Dry cough
xet cr plus 12.5 capsule,Y,NEURO CNS,NA,NA,Depression
xepam plus 0.5mg/10mg tablet,Y,NEURO CNS,NA,NA,Treatment of Anxiety disorder
xepam 0.5mg tablet,Y,NEURO CNS,Benzodiazepines Derivative,Benzodiazepines,Treatment of Anxiety disorder
xet cr plus 25 capsule,Y,NEURO CNS,NA,NA,Depression
xytram-s tablet,Y,PAIN ANALGESICS,NA,NA,Pain relief
xtaz 5mg tablet,Y,NEURO CNS,NA,NA,Treatment of Anxiety disorder
xpram plus 0.5mg/10mg tablet,Y,NEURO CNS,NA,NA,Treatment of Anxiety disorder
xitolol-plus tablet,Y,NEURO CNS,NA,NA,Treatment of Anxiety disorder
xienil 0.25 mg/20 mg tablet,Y,NEURO CNS,NA,NA,Anxiety disorder
xide 10mg tablet,Y,NEURO CNS,Benzodiazepines Derivative,Benzodiazepines,Severe anxiety
xide 25mg tablet,Y,NEURO CNS,Benzodiazepines Derivative,Benzodiazepines,Severe anxiety
xdol 325mg/37.5 mg tablet,Y,PAIN ANALGESICS,NA,NA,Pain relief
xycalm 0.5mg tablet,Y,NEURO CNS,Benzodiazepines Derivative,Benzodiazepines,Treatment of Anxiety
xycalm 0.25mg tablet,Y,NEURO CNS,Benzodiazepines Derivative,Benzodiazepines,Treatment of Anxiety
xitzen cz 0.5 mg/10 mg tablet,Y,NEURO CNS,NA,NA,Treatment of Anxiety disorder
xanti 0.5mg tablet,Y,NEURO CNS,Benzodiazepines Derivative,Benzodiazepines,Treatment of Anxiety
xtram 50mg tablet,Y,PAIN ANALGESICS,Anisole Derivative,Opioids,Moderate to severe pain
xepar-sr-plus capsule,Y,NEURO CNS,NA,NA,Depression
xtaz 10mg tablet,Y,NEURO CNS,NA,NA,Treatment of Anxiety disorder
xefexor plus 0.5mg/10mg tablet,Y,NEURO CNS,NA,NA,Treatment of Anxiety disorder
xebex 325mg/37.5mg tablet,Y,PAIN ANALGESICS,NA,NA,Pain relief
xeroflam tp 500 mg/50 mg tablet,Y,PAIN ANALGESICS,NA,NA,Pain relief
xylo 0.5mg tablet,Y,NEURO CNS,Benzodiazepines Derivative,Benzodiazepines,Treatment of Anxiety
xpect c 4 mg/10 mg syrup,Y,RESPIRATORY,NA,NA,Dry cough
xalpra 0.5mg tablet,Y,NEURO CNS,Benzodiazepines Derivative,Benzodiazepines,Treatment of Anxiety
x lent 0.25mg tablet md,Y,NEURO CNS,Benzodiazepines Derivative,Benzodiazepines,Treatment of Anxiety disorder
xepar-sr-forte capsule,Y,NEURO CNS,NA,NA,Depression
xitress 0.25mg/20mg tablet,Y,NEURO CNS,NA,NA,Anxiety disorder
x lent 0.5mg tablet md,Y,NEURO CNS,Benzodiazepines Derivative,Benzodiazepines,Treatment of Anxiety disorder
xenotril 0.25mg tablet,Y,NEURO CNS,Benzodiazepines Derivative,Benzodiazepines,Treatment of Anxiety disorder
xenopam 0.5mg/10mg tablet,Y,NEURO CNS,NA,NA,Treatment of Anxiety disorder
xenotril sl 0.25mg tablet,Y,NEURO CNS,Benzodiazepines Derivative,Benzodiazepines,Treatment of Anxiety disorder
xtram plus 500mg/50mg tablet,Y,PAIN ANALGESICS,NA,NA,Pain relief
xenotril sl 0.5mg tablet,Y,NEURO CNS,Benzodiazepines Derivative,Benzodiazepines,Treatment of Anxiety disorder
xerotram p 325mg/37.5mg tablet,Y,PAIN ANALGESICS,NA,NA,Pain relief
xylonite 0.25mg tablet,Y,NEURO CNS,Benzodiazepines Derivative,Benzodiazepines,Treatment of Anxiety
xiff pam 0.5mg/5mg tablet,Y,NEURO CNS,NA,NA,Treatment of Anxiety disorder
x gesic 325 mg/37.5 mg tablet,Y,PAIN ANALGESICS,NA,NA,Pain relief
xanti 0.5mg tablet sr,Y,NEURO CNS,Benzodiazepines Derivative,Benzodiazepines,Treatment of Anxiety
xenotril sl 1mg tablet,Y,NEURO CNS,Benzodiazepines Derivative,Benzodiazepines,Treatment of Anxiety disorder
xenotril 2mg tablet,Y,NEURO CNS,Benzodiazepines Derivative,Benzodiazepines,Treatment of Anxiety disorder
xitpram plus 0.25mg/10mg tablet,Y,NEURO CNS,NA,NA,Treatment of Anxiety disorder
xepin cough 4 mg/10 mg syrup,Y,RESPIRATORY,NA,NA,Dry cough
xenocof d 4 mg/10 mg syrup,Y,RESPIRATORY,NA,NA,Dry cough
xylonite 0.5mg tablet,Y,NEURO CNS,Benzodiazepines Derivative,Benzodiazepines,Treatment of Anxiety
xidol 50mg injection,Y,PAIN ANALGESICS,Anisole Derivative,Opioids,Moderate to severe pain
xaladal 37.5mg/325mg tablet,Y,PAIN ANALGESICS,NA,NA,Moderate to severe pain
xaio t 100mg injection,Y,PAIN ANALGESICS,Anisole Derivative,Opioids,Moderate to severe pain
xenotril sl 2mg tablet,Y,NEURO CNS,Benzodiazepines Derivative,Benzodiazepines,Treatment of Anxiety disorder
xtracet 37.5mg/325mg tablet,Y,PAIN ANALGESICS,NA,NA,Moderate to severe pain
yogazam 5mg tablet,Y,NEURO CNS,Benzodiazepines Derivative,Benzodiazepines,Treatment of Epilepsy/Seizures
yogazam 10mg tablet,Y,NEURO CNS,Benzodiazepines Derivative,Benzodiazepines,Treatment of Epilepsy/Seizures
yescam plus 0.5mg/10mg tablet,Y,NEURO CNS,NA,NA,Treatment of Anxiety disorder
ycer pt 100mg/325mg/37.5mg tablet,Y,PAIN ANALGESICS,NA,NA,Pain relief
yorodol p 50mg/325mg tablet,Y,PAIN ANALGESICS,NA,NA,Moderate to severe pain
yoridol 50mg injection,Y,PAIN ANALGESICS,Anisole Derivative,Opioids,Moderate to severe pain
zolfresh 10mg tablet,Y,NEURO CNS,Imidazopyridine Derivative,Non-benzodiazepine hypnotics (Z Compounds),Treatment of Insomnia
zapiz 0.5 tablet,Y,NEURO CNS,Benzodiazepines Derivative,Benzodiazepines,Treatment of Anxiety disorder
zolfresh 5 tablet,Y,NEURO CNS,Imidazopyridine Derivative,Non-benzodiazepine hypnotics (Z Compounds),Treatment of Insomnia
zapiz 0.25 tablet,Y,NEURO CNS,Benzodiazepines Derivative,Benzodiazepines,Treatment of Anxiety disorder
zerodol pt tablet,Y,PAIN ANALGESICS,NA,NA,Pain relief
zolsoma 10 tablet,Y,NEURO CNS,NA,NA,Insomnia
zolsoma 5 tablet,Y,NEURO CNS,NA,NA,Insomnia
zaptra ls capsule,Y,NEURO CNS,NA,NA,Depression
zolcalm 10mg tablet,Y,NEURO CNS,NA,NA,Insomnia
zolcalm 5mg tablet,Y,NEURO CNS,NA,NA,Insomnia
zaptra 12.5mg/0.25mg capsule,Y,NEURO CNS,NA,NA,Depression
zapiz 1mg tablet,Y,NEURO CNS,Benzodiazepines Derivative,Benzodiazepines,Treatment of Anxiety disorder
zuprinor 5 transdermal patch,Y,NEURO CNS,Phenanthrenes Derivatives,Opioids- Partial agonist,Treatment of Moderate to severe pain
zaptra 25mg/0.25mg capsule,Y,NEURO CNS,NA,NA,Depression
zepam 0.5mg tablet,Y,NEURO CNS,Benzodiazepines Derivative,Benzodiazepines,Treatment of Anxiety disorder
zolam 0.25mg tablet,Y,NEURO CNS,Benzodiazepines Derivative,Benzodiazepines,Treatment of Anxiety
zepam 0.25mg tablet md,Y,NEURO CNS,Benzodiazepines Derivative,Benzodiazepines,Treatment of Anxiety disorder
zolam 0.5mg tablet sr,Y,NEURO CNS,Benzodiazepines Derivative,Benzodiazepines,Treatment of Anxiety
zuprinor 10 transdermal patch,Y,NEURO CNS,Phenanthrenes Derivatives,Opioids- Partial agonist,Treatment of Moderate to severe pain
zolax 0.5mg tablet sr,Y,NEURO CNS,Benzodiazepines Derivative,Benzodiazepines,Treatment of Anxiety
zapiz 2mg tablet,Y,NEURO CNS,Benzodiazepines Derivative,Benzodiazepines,Treatment of Anxiety disorder
zopicon 7.5mg tablet,Y,NEURO CNS,Cyclopyrrolone Derivative,Non-benzodiazepine hypnotics (Z Compounds),Treatment of Insomnia
zolent plus 0.25mg/10mg tablet,Y,NEURO CNS,NA,NA,Anxiety disorder
zolent 0.25mg tablet,Y,NEURO CNS,Benzodiazepines Derivative,Benzodiazepines,Treatment of Anxiety
zaptin 25mg/0.5mg tablet cr,Y,NEURO CNS,NA,NA,Depression
zolpigress 12.5mg tablet,Y,NEURO CNS,Imidazopyridine Derivative,Non-benzodiazepine hypnotics (Z Compounds),Treatment of Insomnia
zolpid 10mg tablet,Y,NEURO CNS,Imidazopyridine Derivative,Non-benzodiazepine hypnotics (Z Compounds),Treatment of Insomnia
zolax 0.5 tablet,Y,NEURO CNS,Benzodiazepines Derivative,Benzodiazepines,Treatment of Anxiety
zenex 5mg tablet,Y,NEURO CNS,Imidazopyridine Derivative,Non-benzodiazepine hypnotics (Z Compounds),Treatment of Insomnia
zolax 0.25 tablet,Y,NEURO CNS,Benzodiazepines Derivative,Benzodiazepines,Treatment of Anxiety
zyrotram p 325 mg/37.5 mg tablet,Y,PAIN ANALGESICS,NA,NA,Pain relief
zyven od plus 50 mg/0.5 mg tablet,Y,NEURO CNS,NA,NA,Treatment of Depression
zona 0.5 tablet,Y,NEURO CNS,Benzodiazepines Derivative,Benzodiazepines,Treatment of Anxiety disorder
zepam 0.5mg tablet md,Y,NEURO CNS,Benzodiazepines Derivative,Benzodiazepines,Treatment of Anxiety disorder
zepnap 2mg tablet,Y,RESPIRATORY,Benzodiazepines Derivative,Benzodiazepines,Treatment of Short term anxiety
zapnax 0.5mg tablet md,Y,NEURO CNS,Benzodiazepines Derivative,Benzodiazepines,Treatment of Anxiety disorder
zappy 5mg tablet,Y,NEURO CNS,Imidazopyridine Derivative,Non-benzodiazepine hypnotics (Z Compounds),Treatment of Insomnia
zolfresh 12.5mg tablet cr,Y,NEURO CNS,Imidazopyridine Derivative,Non-benzodiazepine hypnotics (Z Compounds),Treatment of Insomnia
zoden 10mg tablet,Y,NEURO CNS,Imidazopyridine Derivative,Non-benzodiazepine hypnotics (Z Compounds),Treatment of Insomnia
zepkon 0.5 tablet,Y,NEURO CNS,Benzodiazepines Derivative,Benzodiazepines,Treatment of Anxiety disorder
zepro m 0.25 mg/10 mg tablet,Y,NEURO CNS,NA,NA,Anxiety disorder
zedtime 10mg tablet,Y,NEURO CNS,Imidazopyridine Derivative,Non-benzodiazepine hypnotics (Z Compounds),Treatment of Insomnia
zepox t 10mg/1mg tablet,Y,NEURO CNS,NA,NA,Schizophrenia
zelip 5 tablet,Y,NEURO CNS,Benzodiazepines Derivative,Benzodiazepines,Treatment of Epilepsy/Seizures
zolent forte 0.25 mg/20 mg tablet,Y,NEURO CNS,NA,NA,Anxiety disorder
zopicon 10mg tablet,Y,NEURO CNS,Cyclopyrrolone Derivative,Non-benzodiazepine hypnotics (Z Compounds),Treatment of Insomnia
zolipax 0.5mg tablet,Y,NEURO CNS,Benzodiazepines Derivative,Benzodiazepines,Treatment of Anxiety
zopid 10mg tablet,Y,NEURO CNS,Imidazopyridine Derivative,Non-benzodiazepine hypnotics (Z Compounds),Treatment of Insomnia
zepro 0.25mg/20mg tablet,Y,NEURO CNS,NA,NA,Anxiety disorder
zepon beta 20 tablet,Y,NEURO CNS,NA,NA,Treatment of Anxiety disorder
zona 0.25mg tablet,Y,NEURO CNS,Benzodiazepines Derivative,Benzodiazepines,Treatment of Anxiety disorder
zepon 0.5 tablet md,Y,NEURO CNS,Benzodiazepines Derivative,Benzodiazepines,Treatment of Anxiety disorder
zelip 10 tablet,Y,NEURO CNS,Benzodiazepines Derivative,Benzodiazepines,Treatment of Epilepsy/Seizures
zepon pr tablet,Y,NEURO CNS,NA,NA,Treatment of Anxiety disorder
zolly 10mg tablet,Y,NEURO CNS,Imidazopyridine Derivative,Non-benzodiazepine hypnotics (Z Compounds),Treatment of Insomnia
zolipax 0.25mg tablet,Y,NEURO CNS,Benzodiazepines Derivative,Benzodiazepines,Treatment of Anxiety
zep 10mg tablet,Y,NEURO CNS,Benzodiazepines Derivative,Benzodiazepines,Treatment of Epilepsy/Seizures
zolpinite 10mg tablet,Y,NEURO CNS,Imidazopyridine Derivative,Non-benzodiazepine hypnotics (Z Compounds),Treatment of Insomnia
zee 0.5mg tablet,Y,NEURO CNS,Benzodiazepines Derivative,Benzodiazepines,Treatment of Anxiety disorder
zolicalm 10mg tablet,Y,NEURO CNS,Imidazopyridine Derivative,Non-benzodiazepine hypnotics (Z Compounds),Treatment of Insomnia
zolpirest m 3mg/10mg tablet,Y,NEURO CNS,NA,NA,Insomnia
zappy 10mg tablet,Y,NEURO CNS,Imidazopyridine Derivative,Non-benzodiazepine hypnotics (Z Compounds),Treatment of Insomnia
zynospas-mb tablet,Y,GASTRO INTESTINAL,NA,NA,Irritable bowel syndrome
zepsan 0.5mg tablet md,Y,NEURO CNS,Benzodiazepines Derivative,Benzodiazepines,Treatment of Anxiety disorder
zepox 10mg tablet,Y,NEURO CNS,Benzodiazepines Derivative,Benzodiazepines,Severe anxiety
zyven od plus 100 mg/0.5 mg tablet,Y,NEURO CNS,NA,NA,Treatment of Depression
zicam 0.25mg tablet dt,Y,NEURO CNS,Benzodiazepines Derivative,Benzodiazepines,Treatment of Anxiety disorder
zocalm 5mg tablet,Y,NEURO CNS,Imidazopyridine Derivative,Non-benzodiazepine hypnotics (Z Compounds),Treatment of Insomnia
zolfresh 6.25mg tablet cr,Y,NEURO CNS,Imidazopyridine Derivative,Non-benzodiazepine hypnotics (Z Compounds),Treatment of Insomnia
zoldy 10mg tablet,Y,NEURO CNS,Imidazopyridine Derivative,Non-benzodiazepine hypnotics (Z Compounds),Treatment of Insomnia
zolam 0.5mg tablet,Y,NEURO CNS,Benzodiazepines Derivative,Benzodiazepines,Treatment of Anxiety
zolip 10mg tablet,Y,NEURO CNS,Imidazopyridine Derivative,Non-benzodiazepine hypnotics (Z Compounds),Treatment of Insomnia
zam 0.5mg tablet,Y,NEURO CNS,Benzodiazepines Derivative,Benzodiazepines,Treatment of Anxiety
zee 1mg tablet,Y,NEURO CNS,Benzodiazepines Derivative,Benzodiazepines,Treatment of Anxiety disorder
zocalm 10mg tablet,Y,NEURO CNS,Imidazopyridine Derivative,Non-benzodiazepine hypnotics (Z Compounds),Treatment of Insomnia
zolfit 10mg tablet,Y,NEURO CNS,Imidazopyridine Derivative,Non-benzodiazepine hypnotics (Z Compounds),Treatment of Insomnia
zocin 30mg injection,Y,PAIN ANALGESICS,Benzomorphan Derivatives,Opioids,Moderate to severe pain
zyrotram semi tablet,Y,PAIN ANALGESICS,NA,NA,Pain relief
zola 0.25mg tablet,Y,NEURO CNS,Benzodiazepines Derivative,Benzodiazepines,Treatment of Anxiety
zepox 25mg tablet,Y,NEURO CNS,Benzodiazepines Derivative,Benzodiazepines,Severe anxiety
zpm-beta tablet,Y,NEURO CNS,NA,NA,Treatment of Anxiety disorder
zelor 2mg tablet,Y,RESPIRATORY,Benzodiazepines Derivative,Benzodiazepines,Treatment of Short term anxiety
zolnap 5mg tablet,Y,NEURO CNS,Imidazopyridine Derivative,Non-benzodiazepine hypnotics (Z Compounds),Treatment of Insomnia
zocifix injection,Y,PAIN ANALGESICS,Benzomorphan Derivatives,Opioids,Moderate to severe pain
zam 0.25mg tablet,Y,NEURO CNS,Benzodiazepines Derivative,Benzodiazepines,Treatment of Anxiety
zolent 0.5mg tablet sr,Y,NEURO CNS,Benzodiazepines Derivative,Benzodiazepines,Treatment of Anxiety
zolmet 10mg tablet,Y,NEURO CNS,Imidazopyridine Derivative,Non-benzodiazepine hypnotics (Z Compounds),Treatment of Insomnia
zepnap 1mg tablet,Y,RESPIRATORY,Benzodiazepines Derivative,Benzodiazepines,Treatment of Short term anxiety
zicam 0.5 tablet dt,Y,NEURO CNS,Benzodiazepines Derivative,Benzodiazepines,Treatment of Anxiety disorder
zpm-plus tablet,Y,NEURO CNS,NA,NA,Treatment of Anxiety disorder
zibra 2.5 mg/5 mg/10 mg tablet,Y,GASTRO INTESTINAL,NA,NA,Treatment of Irritable bowel syndrome
zolent 0.5mg tablet,Y,NEURO CNS,Benzodiazepines Derivative,Benzodiazepines,Treatment of Anxiety
zedtime 5mg tablet,Y,NEURO CNS,Imidazopyridine Derivative,Non-benzodiazepine hypnotics (Z Compounds),Treatment of Insomnia
zacoba 10mg tablet,Y,NEURO CNS,Benzodiazepines Derivative,Benzodiazepines,Treatment of Epilepsy/Seizures
zital plus 0.5mg/10mg tablet,Y,NEURO CNS,NA,NA,Treatment of Anxiety disorder
zoldem 10mg tablet,Y,NEURO CNS,Imidazopyridine Derivative,Non-benzodiazepine hypnotics (Z Compounds),Treatment of Insomnia
zoldex tablet,Y,PAIN ANALGESICS,NA,NA,Pain relief
zenex 10mg tablet,Y,NEURO CNS,Imidazopyridine Derivative,Non-benzodiazepine hypnotics (Z Compounds),Treatment of Insomnia
zepose 10mg tablet,Y,NEURO CNS,Benzodiazepine Derivative,Benzodiazepines,Short term anxiety
zee plus 0.5 mg/10 mg tablet,Y,NEURO CNS,NA,NA,Treatment of Anxiety disorder
zepam 1mg tablet,Y,NEURO CNS,Benzodiazepines Derivative,Benzodiazepines,Treatment of Anxiety disorder
zepatric 0.5mg tablet md,Y,NEURO CNS,Benzodiazepines Derivative,Benzodiazepines,Treatment of Anxiety disorder
zolpil 10mg tablet,Y,NEURO CNS,Imidazopyridine Derivative,Non-benzodiazepine hypnotics (Z Compounds),Treatment of Insomnia
zolpirest 10mg tablet,Y,NEURO CNS,Imidazopyridine Derivative,Non-benzodiazepine hypnotics (Z Compounds),Treatment of Insomnia
zolpidox 0.5 tablet dt,Y,NEURO CNS,Benzodiazepines Derivative,Benzodiazepines,Treatment of Anxiety disorder
zolpidox 0.25 md tablet,Y,NEURO CNS,Benzodiazepines Derivative,Benzodiazepines,Treatment of Anxiety disorder
zepsan 0.25mg tablet md,Y,NEURO CNS,Benzodiazepines Derivative,Benzodiazepines,Treatment of Anxiety disorder
zolpirest 5mg tablet,Y,NEURO CNS,Imidazopyridine Derivative,Non-benzodiazepine hypnotics (Z Compounds),Treatment of Insomnia
zepam 2mg tablet,Y,NEURO CNS,Benzodiazepines Derivative,Benzodiazepines,Treatment of Anxiety disorder
zeford 0.5mg tablet,Y,NEURO CNS,Benzodiazepines Derivative,Benzodiazepines,Treatment of Anxiety disorder
zolpid 6.25mg tablet er,Y,NEURO CNS,Imidazopyridine Derivative,Non-benzodiazepine hypnotics (Z Compounds),Treatment of Insomnia
zolgo 5mg tablet,Y,NEURO CNS,Imidazopyridine Derivative,Non-benzodiazepine hypnotics (Z Compounds),Treatment of Insomnia
zolnap 10mg tablet,Y,NEURO CNS,Imidazopyridine Derivative,Non-benzodiazepine hypnotics (Z Compounds),Treatment of Insomnia
zolway 10mg tablet,Y,NEURO CNS,Imidazopyridine Derivative,Non-benzodiazepine hypnotics (Z Compounds),Treatment of Insomnia
zolfen tablet,Y,GASTRO INTESTINAL,NA,NA,Diarrhea
zolent forte 0.25mg/20mg tablet,Y,NEURO CNS,NA,NA,Anxiety disorder
zytramol tablet,Y,PAIN ANALGESICS,NA,NA,Moderate to severe pain
zolpinite 5mg tablet,Y,NEURO CNS,Imidazopyridine Derivative,Non-benzodiazepine hypnotics (Z Compounds),Treatment of Insomnia
zeptril 0.5mg tablet dt,Y,NEURO CNS,Benzodiazepines Derivative,Benzodiazepines,Treatment of Anxiety disorder
zolipax 0.5mg tablet sr,Y,NEURO CNS,Benzodiazepines Derivative,Benzodiazepines,Treatment of Anxiety
zolway 5mg tablet,Y,NEURO CNS,Imidazopyridine Derivative,Non-benzodiazepine hypnotics (Z Compounds),Treatment of Insomnia
zac 10mg tablet,Y,NEURO CNS,Benzodiazepines Derivative,Benzodiazepines,Treatment of Epilepsy/Seizures
zem 10mg tablet,Y,NEURO CNS,Imidazopyridine Derivative,Non-benzodiazepine hypnotics (Z Compounds),Treatment of Insomnia
zepatric 0.25mg tablet md,Y,NEURO CNS,Benzodiazepines Derivative,Benzodiazepines,Treatment of Anxiety disorder
zedep a 0.25 mg/20 mg tablet,Y,NEURO CNS,NA,NA,Depression
zescita plus 0.5mg/5mg tablet,Y,NEURO CNS,NA,NA,Treatment of Anxiety disorder
zach tablet,Y,PAIN ANALGESICS,NA,NA,Severe acute pain
zam mt 0.5mg/3mg tablet,Y,NEURO CNS,NA,NA,Treatment of Insomnia
zenus 10 tablet,Y,NEURO CNS,Imidazopyridine Derivative,Non-benzodiazepine hypnotics (Z Compounds),Treatment of Insomnia
zoltweet forte tablet,Y,NEURO CNS,NA,NA,Anxiety disorder
zenax 0.25mg tablet,Y,NEURO CNS,Benzodiazepines Derivative,Benzodiazepines,Treatment of Anxiety
zozo 10mg tablet,Y,NEURO CNS,Imidazopyridine Derivative,Non-benzodiazepine hypnotics (Z Compounds),Treatment of Insomnia
zyrotram rapid 100mg tablet,Y,PAIN ANALGESICS,Anisole Derivative,Opioids,Moderate to severe pain
zolax 1mg tablet sr,Y,NEURO CNS,Benzodiazepines Derivative,Benzodiazepines,Treatment of Anxiety
zecita plus 5 tablet,Y,NEURO CNS,NA,NA,Treatment of Anxiety disorder
zipam 10mg tablet,Y,NEURO CNS,Benzodiazepines Derivative,Benzodiazepines,Treatment of Insomnia
zoldem 5mg tablet,Y,NEURO CNS,Imidazopyridine Derivative,Non-benzodiazepine hypnotics (Z Compounds),Treatment of Insomnia
zolip 5mg tablet,Y,NEURO CNS,Imidazopyridine Derivative,Non-benzodiazepine hypnotics (Z Compounds),Treatment of Insomnia
zolfix 10mg tablet,Y,NEURO CNS,Imidazopyridine Derivative,Non-benzodiazepine hypnotics (Z Compounds),Treatment of Insomnia
ziety 0.25mg tablet,Y,NEURO CNS,Benzodiazepines Derivative,Benzodiazepines,Treatment of Anxiety
zotin plus tablet,Y,NEURO CNS,NA,NA,Depression
zopid 5mg tablet,Y,NEURO CNS,Imidazopyridine Derivative,Non-benzodiazepine hypnotics (Z Compounds),Treatment of Insomnia
zamadol 50mg tablet,Y,PAIN ANALGESICS,Anisole Derivative,Opioids,Moderate to severe pain
zaxpam 10mg tablet,Y,NEURO CNS,Benzodiazepines Derivative,Benzodiazepines,Short term anxiety
zolrest 10mg tablet,Y,NEURO CNS,Imidazopyridine Derivative,Non-benzodiazepine hypnotics (Z Compounds),Treatment of Insomnia
zealpam 0.5mg tablet,Y,NEURO CNS,Benzodiazepines Derivative,Benzodiazepines,Treatment of Anxiety disorder
zolnap 12.5mg tablet xr,Y,NEURO CNS,Imidazopyridine Derivative,Non-benzodiazepine hypnotics (Z Compounds),Treatment of Insomnia
zylam 0.25mg tablet md,Y,NEURO CNS,Benzodiazepines Derivative,Benzodiazepines,Treatment of Anxiety disorder
zepil 0.25mg tablet,Y,NEURO CNS,Benzodiazepines Derivative,Benzodiazepines,Treatment of Anxiety
zolax 1.5mg tablet sr,Y,NEURO CNS,Benzodiazepines Derivative,Benzodiazepines,Treatment of Anxiety
zunestar tablet,Y,NEURO CNS,Cyclopyrrolone Derivative,Non-benzodiazepine hypnotics (Z Compounds),Insomnia
zolpicalm 10mg tablet,Y,NEURO CNS,Imidazopyridine Derivative,Non-benzodiazepine hypnotics (Z Compounds),Treatment of Insomnia
zolpam 0.5mg tablet,Y,NEURO CNS,Benzodiazepines Derivative,Benzodiazepines,Treatment of Anxiety
zolmet 5mg tablet,Y,NEURO CNS,Imidazopyridine Derivative,Non-benzodiazepine hypnotics (Z Compounds),Treatment of Insomnia
zexto plus 0.25 mg/20 mg tablet,Y,NEURO CNS,NA,NA,Depression
zaso 5mg capsule,Y,NEURO CNS,Pyrazolopyrimidine Derivative,Non-benzodiazepine hypnotics (Z Compounds),Insomnia
zolnyt 10mg tablet,Y,NEURO CNS,Imidazopyridine Derivative,Non-benzodiazepine hypnotics (Z Compounds),Treatment of Insomnia
zolmind 10 tablet,Y,NEURO CNS,Imidazopyridine Derivative,Non-benzodiazepine hypnotics (Z Compounds),Treatment of Insomnia
zolcare 10 tablet,Y,NEURO CNS,Imidazopyridine Derivative,Non-benzodiazepine hypnotics (Z Compounds),Treatment of Insomnia
zpm 0.5 tablet dt,Y,NEURO CNS,Benzodiazepines Derivative,Benzodiazepines,Treatment of Anxiety disorder
zolnite 10mg tablet,Y,NEURO CNS,Imidazopyridine Derivative,Non-benzodiazepine hypnotics (Z Compounds),Treatment of Insomnia
zaplon 10mg capsule,Y,NEURO CNS,Pyrazolopyrimidine Derivative,Non-benzodiazepine hypnotics (Z Compounds),Insomnia
zosar 10mg/1mg tablet,Y,NEURO CNS,NA,NA,Schizophrenia
zecalm 0.5mg tablet,Y,NEURO CNS,Benzodiazepines Derivative,Benzodiazepines,Treatment of Anxiety
zolep 10mg tablet,Y,NEURO CNS,Imidazopyridine Derivative,Non-benzodiazepine hypnotics (Z Compounds),Treatment of Insomnia
zolpam pr 0.25mg/20mg tablet,Y,NEURO CNS,NA,NA,Anxiety disorder
zolip 12.5mg tablet er,Y,NEURO CNS,Imidazopyridine Derivative,Non-benzodiazepine hypnotics (Z Compounds),Treatment of Insomnia
zylam plus 0.5mg/10mg tablet,Y,NEURO CNS,NA,NA,Treatment of Anxiety disorder
zozem 10mg tablet,Y,NEURO CNS,Imidazopyridine Derivative,Non-benzodiazepine hypnotics (Z Compounds),Treatment of Insomnia
zalep 10mg capsule,Y,NEURO CNS,Pyrazolopyrimidine Derivative,Non-benzodiazepine hypnotics (Z Compounds),Insomnia
zolpeace 10mg tablet,Y,NEURO CNS,Imidazopyridine Derivative,Non-benzodiazepine hypnotics (Z Compounds),Treatment of Insomnia
zylam 0.5mg tablet md,Y,NEURO CNS,Benzodiazepines Derivative,Benzodiazepines,Treatment of Anxiety disorder
zolpid 5mg capsule,Y,NEURO CNS,Imidazopyridine Derivative,Non-benzodiazepine hypnotics (Z Compounds),Treatment of Insomnia
zolojet 10mg tablet,Y,NEURO CNS,Imidazopyridine Derivative,Non-benzodiazepine hypnotics (Z Compounds),Treatment of Insomnia
zoldy 5mg tablet,Y,NEURO CNS,Imidazopyridine Derivative,Non-benzodiazepine hypnotics (Z Compounds),Treatment of Insomnia
zaxpam 15mg tablet,Y,NEURO CNS,Benzodiazepines Derivative,Benzodiazepines,Short term anxiety
zepro 0.25mg/10mg tablet,Y,NEURO CNS,NA,NA,Anxiety disorder
zolnap 6.25mg tablet xr,Y,NEURO CNS,Imidazopyridine Derivative,Non-benzodiazepine hypnotics (Z Compounds),Treatment of Insomnia
zoldac 0.5mg tablet,Y,NEURO CNS,Benzodiazepines Derivative,Benzodiazepines,Treatment of Anxiety
zpm 0.25 tablet dt,Y,NEURO CNS,Benzodiazepines Derivative,Benzodiazepines,Treatment of Anxiety disorder
zepamax 0.5mg tablet,Y,NEURO CNS,Benzodiazepines Derivative,Benzodiazepines,Treatment of Anxiety disorder
zicam 1mg tablet,Y,NEURO CNS,Benzodiazepines Derivative,Benzodiazepines,Treatment of Anxiety disorder
zolfit 12.5mg tablet,Y,NEURO CNS,Imidazopyridine Derivative,Non-benzodiazepine hypnotics (Z Compounds),Treatment of Insomnia
zenax 0.5mg tablet,Y,NEURO CNS,Benzodiazepines Derivative,Benzodiazepines,Treatment of Anxiety
zolip 6.25mg tablet er,Y,NEURO CNS,Imidazopyridine Derivative,Non-benzodiazepine hypnotics (Z Compounds),Treatment of Insomnia
zecalm 0.25mg tablet,Y,NEURO CNS,Benzodiazepines Derivative,Benzodiazepines,Treatment of Anxiety
zidol 10mg tablet,Y,NEURO CNS,Benzodiazepines Derivative,Benzodiazepines,Severe anxiety
zecita plus 10 tablet,Y,NEURO CNS,NA,NA,Treatment of Anxiety disorder
zaling forte tablet cr,Y,NEURO CNS,NA,NA,Depression
zolipax 1mg tablet sr,Y,NEURO CNS,Benzodiazepines Derivative,Benzodiazepines,Treatment of Anxiety
zodem 5mg tablet,Y,NEURO CNS,Imidazopyridine Derivative,Non-benzodiazepine hypnotics (Z Compounds),Treatment of Insomnia
zopium 7.5mg tablet,Y,NEURO CNS,Cyclopyrrolone Derivative,Non-benzodiazepine hypnotics (Z Compounds),Treatment of Insomnia
zona 1mg tablet,Y,NEURO CNS,Benzodiazepines Derivative,Benzodiazepines,Treatment of Anxiety disorder
zepose 5mg tablet,Y,NEURO CNS,Benzodiazepine Derivative,Benzodiazepines,Short term anxiety
zopenta 6.25mg tablet er,Y,NEURO CNS,Imidazopyridine Derivative,Non-benzodiazepine hypnotics (Z Compounds),Treatment of Insomnia
zopic 0.25mg tablet,Y,NEURO CNS,Benzodiazepines Derivative,Benzodiazepines,Treatment of Anxiety
zeelo 1mg tablet,Y,NEURO CNS,Benzodiazepines Derivative,Benzodiazepines,Treatment of Anxiety disorder
zeftra 0.25mg tablet,Y,NEURO CNS,Benzodiazepines Derivative,Benzodiazepines,Treatment of Anxiety
zorest 0.5mg tablet,Y,NEURO CNS,Benzodiazepines Derivative,Benzodiazepines,Treatment of Anxiety
zeford 0.5 tablet,Y,NEURO CNS,Benzodiazepines Derivative,Benzodiazepines,Treatment of Anxiety disorder
ziclon 0.5mg tablet md,Y,NEURO CNS,Benzodiazepines Derivative,Benzodiazepines,Treatment of Anxiety disorder
zocam 0.25mg tablet,Y,NEURO CNS,Benzodiazepines Derivative,Benzodiazepines,Treatment of Anxiety
zonap 7.5mg tablet,Y,NEURO CNS,Cyclopyrrolone Derivative,Non-benzodiazepine hypnotics (Z Compounds),Treatment of Insomnia
zoal tablet,Y,NEURO CNS,Imidazopyridine Derivative,Non-benzodiazepine hypnotics (Z Compounds),Treatment of Insomnia
zeclone 7.5mg tablet,Y,NEURO CNS,Cyclopyrrolone Derivative,Non-benzodiazepine hypnotics (Z Compounds),Treatment of Insomnia
zolnite 1mg tablet,Y,NEURO CNS,Cyclopyrrolone Derivative,Non-benzodiazepine hypnotics (Z Compounds),Insomnia
zopi 10mg tablet,Y,NEURO CNS,Imidazopyridine Derivative,Non-benzodiazepine hypnotics (Z Compounds),Treatment of Insomnia
zaling plus tablet cr,Y,NEURO CNS,NA,NA,Depression
zoldac 0.25mg tablet,Y,NEURO CNS,Benzodiazepines Derivative,Benzodiazepines,Treatment of Anxiety
zocam 0.5mg tablet,Y,NEURO CNS,Benzodiazepines Derivative,Benzodiazepines,Treatment of Anxiety
zleep 5mg tablet,Y,NEURO CNS,Imidazopyridine Derivative,Non-benzodiazepine hypnotics (Z Compounds),Treatment of Insomnia
zolnite 2 mg tablet,Y,NEURO CNS,Cyclopyrrolone Derivative,Non-benzodiazepine hypnotics (Z Compounds),Insomnia
zepsan 1mg tablet md,Y,NEURO CNS,Benzodiazepines Derivative,Benzodiazepines,Treatment of Anxiety disorder
zamadol p 325 mg/37.5 mg tablet,Y,PAIN ANALGESICS,NA,NA,Pain relief
zolford 10 tablet,Y,NEURO CNS,Imidazopyridine Derivative,Non-benzodiazepine hypnotics (Z Compounds),Treatment of Insomnia
zolpider 10mg tablet,Y,NEURO CNS,Imidazopyridine Derivative,Non-benzodiazepine hypnotics (Z Compounds),Treatment of Insomnia
zoltar 10mg tablet,Y,NEURO CNS,Imidazopyridine Derivative,Non-benzodiazepine hypnotics (Z Compounds),Treatment of Insomnia
zodol p 37.5mg/325mg tablet,Y,PAIN ANALGESICS,NA,NA,Moderate to severe pain
zaldicet 37.5mg/375mg tablet,Y,PAIN ANALGESICS,NA,NA,Moderate to severe pain
zolford 10mg tablet,Y,NEURO CNS,Imidazopyridine Derivative,Non-benzodiazepine hypnotics (Z Compounds),Treatment of Insomnia
zomnia 10mg tablet,Y,NEURO CNS,Benzodiazepines Derivative,Benzodiazepines,Insomnia
zopam 0.5mg tablet,Y,NEURO CNS,Benzodiazepines Derivative,Benzodiazepines,Treatment of Anxiety
zolnyt 5mg tablet,Y,NEURO CNS,Imidazopyridine Derivative,Non-benzodiazepine hypnotics (Z Compounds),Treatment of Insomnia
zolp 10mg tablet,Y,NEURO CNS,Imidazopyridine Derivative,Non-benzodiazepine hypnotics (Z Compounds),Treatment of Insomnia
zomnia 5mg tablet,Y,NEURO CNS,Benzodiazepines Derivative,Benzodiazepines,Insomnia
zepatric p 25mg/0.5mg tablet,Y,NEURO CNS,NA,NA,Depression
zopicalm 7.5mg tablet,Y,NEURO CNS,Cyclopyrrolone Derivative,Non-benzodiazepine hypnotics (Z Compounds),Treatment of Insomnia
zolsan 10 tablet,Y,NEURO CNS,Imidazopyridine Derivative,Non-benzodiazepine hypnotics (Z Compounds),Treatment of Insomnia
zironi h tablet,Y,NEURO CNS,NA,NA,Treatment of Depression
zap 0.5mg tablet,Y,NEURO CNS,Benzodiazepines Derivative,Benzodiazepines,Treatment of Anxiety disorder
zomark fx 0.25mg/20mg tablet,Y,NEURO CNS,NA,NA,Depression
zedem 10mg tablet,Y,NEURO CNS,Imidazopyridine Derivative,Non-benzodiazepine hypnotics (Z Compounds),Treatment of Insomnia
zonesta 10mg capsule,Y,NEURO CNS,Pyrazolopyrimidine Derivative,Non-benzodiazepine hypnotics (Z Compounds),Insomnia
zedel a 0.25mg/20mg tablet,Y,NEURO CNS,NA,NA,Depression
zopitran 7.5mg tablet,Y,NEURO CNS,Cyclopyrrolone Derivative,Non-benzodiazepine hypnotics (Z Compounds),Treatment of Insomnia
zepsan 2mg tablet md,Y,NEURO CNS,Benzodiazepines Derivative,Benzodiazepines,Treatment of Anxiety disorder
zolax 0.25mg tablet sr,Y,NEURO CNS,Benzodiazepines Derivative,Benzodiazepines,Treatment of Anxiety
zobara tablet,Y,NEURO CNS,NA,NA,Treatment of Insomnia
zolpeace 5mg tablet,Y,NEURO CNS,Imidazopyridine Derivative,Non-benzodiazepine hypnotics (Z Compounds),Treatment of Insomnia
zicam 2mg tablet,Y,NEURO CNS,Benzodiazepines Derivative,Benzodiazepines,Treatment of Anxiety disorder
zytolix p syrup,Y,RESPIRATORY,NA,NA,Treatment of Dry cough
zolsleep 10mg tablet,Y,NEURO CNS,Imidazopyridine Derivative,Non-benzodiazepine hypnotics (Z Compounds),Treatment of Insomnia
zelam 0.5mg tablet sr,Y,NEURO CNS,Benzodiazepines Derivative,Benzodiazepines,Treatment of Anxiety
zeelo 0.5mg tablet,Y,NEURO CNS,Benzodiazepines Derivative,Benzodiazepines,Treatment of Anxiety disorder
zeford 0.25 tablet,Y,NEURO CNS,Benzodiazepines Derivative,Benzodiazepines,Treatment of Anxiety disorder
zleep 10mg tablet,Y,NEURO CNS,Imidazopyridine Derivative,Non-benzodiazepine hypnotics (Z Compounds),Treatment of Insomnia
zops 2mg tablet,Y,RESPIRATORY,Benzodiazepines Derivative,Benzodiazepines,Treatment of Short term anxiety
zolidac 10mg tablet,Y,NEURO CNS,Imidazopyridine Derivative,Non-benzodiazepine hypnotics (Z Compounds),Treatment of Insomnia
zaxpam 30mg tablet,Y,NEURO CNS,Benzodiazepines Derivative,Benzodiazepines,Short term anxiety
zedem 12.5mg tablet er,Y,NEURO CNS,Imidazopyridine Derivative,Non-benzodiazepine hypnotics (Z Compounds),Treatment of Insomnia
zema p tablet,Y,NEURO CNS,NA,NA,Insomnia
zamadol 100mg injection,Y,PAIN ANALGESICS,Anisole Derivative,Opioids,Moderate to severe pain
zoltar 5mg tablet,Y,NEURO CNS,Imidazopyridine Derivative,Non-benzodiazepine hypnotics (Z Compounds),Treatment of Insomnia
zudol-p 37.5mg/325mg tablet,Y,PAIN ANALGESICS,NA,NA,Moderate to severe pain
zolpitrac 10mg tablet,Y,NEURO CNS,Imidazopyridine Derivative,Non-benzodiazepine hypnotics (Z Compounds),Treatment of Insomnia
zanlop 10mg capsule,Y,NEURO CNS,Pyrazolopyrimidine Derivative,Non-benzodiazepine hypnotics (Z Compounds),Insomnia
zopic 0.5mg tablet,Y,NEURO CNS,Benzodiazepines Derivative,Benzodiazepines,Treatment of Anxiety
zentra 100mg capsule sr,Y,PAIN ANALGESICS,Anisole Derivative,Opioids,Moderate to severe pain
zoldex spas tablet,Y,GASTRO INTESTINAL,NA,NA,Abdominal pain
zolcare 5 tablet,Y,NEURO CNS,Imidazopyridine Derivative,Non-benzodiazepine hypnotics (Z Compounds),Treatment of Insomnia
zolent 1mg tablet,Y,NEURO CNS,Benzodiazepines Derivative,Benzodiazepines,Treatment of Anxiety
zona 2mg tablet,Y,NEURO CNS,Benzodiazepines Derivative,Benzodiazepines,Treatment of Anxiety disorder
zepatric 1mg tablet md,Y,NEURO CNS,Benzodiazepines Derivative,Benzodiazepines,Treatment of Anxiety disorder
zolpam 0.25mg tablet,Y,NEURO CNS,Benzodiazepines Derivative,Benzodiazepines,Treatment of Anxiety
zolam 1.5mg tablet sr,Y,NEURO CNS,Benzodiazepines Derivative,Benzodiazepines,Treatment of Anxiety
zolax 1mg tablet,Y,NEURO CNS,Benzodiazepines Derivative,Benzodiazepines,Treatment of Anxiety
zeptril 2mg tablet dt,Y,NEURO CNS,Benzodiazepines Derivative,Benzodiazepines,Treatment of Anxiety disorder
zepil 0.5mg tablet,Y,NEURO CNS,Benzodiazepines Derivative,Benzodiazepines,Treatment of Anxiety
zomed 5mg tablet,Y,NEURO CNS,Imidazopyridine Derivative,Non-benzodiazepine hypnotics (Z Compounds),Treatment of Insomnia
zep 5mg tablet,Y,NEURO CNS,Benzodiazepines Derivative,Benzodiazepines,Treatment of Epilepsy/Seizures
zepol forte 12.5mg/5mg tablet,Y,NEURO CNS,NA,NA,Treatment of Depression
zoltric 10mg tablet,Y,NEURO CNS,Imidazopyridine Derivative,Non-benzodiazepine hypnotics (Z Compounds),Treatment of Insomnia
zolarest 0.5mg tablet,Y,NEURO CNS,Benzodiazepines Derivative,Benzodiazepines,Treatment of Anxiety
zac 5mg tablet,Y,NEURO CNS,Benzodiazepines Derivative,Benzodiazepines,Treatment of Epilepsy/Seizures
zepam 2mg tablet md,Y,NEURO CNS,Benzodiazepines Derivative,Benzodiazepines,Treatment of Anxiety disorder
zomed 10mg tablet,Y,NEURO CNS,Imidazopyridine Derivative,Non-benzodiazepine hypnotics (Z Compounds),Treatment of Insomnia
zoloid 0.25mg tablet,Y,NEURO CNS,Benzodiazepines Derivative,Benzodiazepines,Treatment of Anxiety
zam 1mg tablet,Y,NEURO CNS,Benzodiazepines Derivative,Benzodiazepines,Treatment of Anxiety
zolax 10mg capsule,Y,NEURO CNS,Imidazopyridine Derivative,Non-benzodiazepine hypnotics (Z Compounds),Treatment of Insomnia
zoldac 1mg tablet,Y,NEURO CNS,Benzodiazepines Derivative,Benzodiazepines,Treatment of Anxiety
zolark 0.5mg tablet,Y,NEURO CNS,Benzodiazepines Derivative,Benzodiazepines,Treatment of Anxiety
zalep 5mg capsule,Y,NEURO CNS,Pyrazolopyrimidine Derivative,Non-benzodiazepine hypnotics (Z Compounds),Insomnia
zolipax 1mg tablet,Y,NEURO CNS,Benzodiazepines Derivative,Benzodiazepines,Treatment of Anxiety
zopipure 1 tablet,Y,NEURO CNS,Cyclopyrrolone Derivative,Non-benzodiazepine hypnotics (Z Compounds),Insomnia
zolsan 5mg tablet,Y,NEURO CNS,Imidazopyridine Derivative,Non-benzodiazepine hypnotics (Z Compounds),Treatment of Insomnia
zolep 5mg tablet,Y,NEURO CNS,Imidazopyridine Derivative,Non-benzodiazepine hypnotics (Z Compounds),Treatment of Insomnia
zoetram p 37.5mg/325mg tablet,Y,PAIN ANALGESICS,NA,NA,Moderate to severe pain
zopipure 2 tablet,Y,NEURO CNS,Cyclopyrrolone Derivative,Non-benzodiazepine hypnotics (Z Compounds),Insomnia
zolnia 10mg tablet,Y,NEURO CNS,Imidazopyridine Derivative,Non-benzodiazepine hypnotics (Z Compounds),Treatment of Insomnia
zipnol-plus tablet,Y,NEURO CNS,NA,NA,Treatment of Anxiety disorder
zamitol 0.5mg tablet,Y,NEURO CNS,Benzodiazepines Derivative,Benzodiazepines,Treatment of Anxiety
zocam 1mg tablet,Y,NEURO CNS,Benzodiazepines Derivative,Benzodiazepines,Treatment of Anxiety
zclam p 0.25mg/20mg tablet,Y,NEURO CNS,NA,NA,Anxiety disorder
zeepram plus tablet,Y,NEURO CNS,NA,NA,Treatment of Anxiety disorder
zeftra 0.5mg tablet,Y,NEURO CNS,Benzodiazepines Derivative,Benzodiazepines,Treatment of Anxiety
zamitol 0.25mg tablet,Y,NEURO CNS,Benzodiazepines Derivative,Benzodiazepines,Treatment of Anxiety
zoltic 10mg tablet,Y,NEURO CNS,Imidazopyridine Derivative,Non-benzodiazepine hypnotics (Z Compounds),Treatment of Insomnia
zolpa 10 tablet,Y,NEURO CNS,Imidazopyridine Derivative,Non-benzodiazepine hypnotics (Z Compounds),Treatment of Insomnia
zopain 0.50mg tablet,Y,NEURO CNS,Benzodiazepines Derivative,Benzodiazepines,Treatment of Anxiety
zolixius 10mg tablet,Y,NEURO CNS,Imidazopyridine Derivative,Non-benzodiazepine hypnotics (Z Compounds),Treatment of Insomnia
zopi 5mg tablet,Y,NEURO CNS,Imidazopyridine Derivative,Non-benzodiazepine hypnotics (Z Compounds),Treatment of Insomnia
zamhav-md 10 tablet,Y,NEURO CNS,Benzodiazepines Derivative,Benzodiazepines,Treatment of Epilepsy/Seizures
zeford 1mg tablet,Y,NEURO CNS,Benzodiazepines Derivative,Benzodiazepines,Treatment of Anxiety disorder
zotra tablet,Y,PAIN ANALGESICS,Anisole Derivative,Opioids,Moderate to severe pain
zodialon 0.5mg tablet md,Y,NEURO CNS,Benzodiazepines Derivative,Benzodiazepines,Treatment of Anxiety disorder
zeepam 2mg injection,Y,RESPIRATORY,Benzodiazepines Derivative,Benzodiazepines,Treatment of Status epilepticus
zodep plus tablet,Y,NEURO CNS,NA,NA,Treatment of Depression
zolp 5mg tablet,Y,NEURO CNS,Imidazopyridine Derivative,Non-benzodiazepine hypnotics (Z Compounds),Treatment of Insomnia
zopral 1mg tablet,Y,NEURO CNS,Benzodiazepines Derivative,Benzodiazepines,Treatment of Anxiety
zeficar 0.5mg tablet,Y,NEURO CNS,Benzodiazepines Derivative,Benzodiazepines,Treatment of Anxiety disorder
zodol p 50mg/500mg tablet,Y,PAIN ANALGESICS,NA,NA,Moderate to severe pain
ziclone 7.5mg tablet,Y,NEURO CNS,Cyclopyrrolone Derivative,Non-benzodiazepine hypnotics (Z Compounds),Treatment of Insomnia
ziety 0.5mg tablet,Y,NEURO CNS,Benzodiazepines Derivative,Benzodiazepines,Treatment of Anxiety
zealpam 1mg tablet,Y,NEURO CNS,Benzodiazepines Derivative,Benzodiazepines,Treatment of Anxiety disorder
zaso 10mg capsule,Y,NEURO CNS,Pyrazolopyrimidine Derivative,Non-benzodiazepine hypnotics (Z Compounds),Insomnia
zicam 1 tablet dt,Y,NEURO CNS,Benzodiazepines Derivative,Benzodiazepines,Treatment of Anxiety disorder
zomark pm 0.25 mg/10 mg tablet,Y,NEURO CNS,NA,NA,Anxiety disorder
zola d tablet,Y,NEURO CNS,Benzodiazepines Derivative,Benzodiazepines,Treatment of Anxiety
zolpidox 1 tablet md,Y,NEURO CNS,Benzodiazepines Derivative,Benzodiazepines,Treatment of Anxiety disorder
zedem-er 6.25 tablet,Y,NEURO CNS,Imidazopyridine Derivative,Non-benzodiazepine hypnotics (Z Compounds),Treatment of Insomnia
zee 2mg tablet,Y,NEURO CNS,Benzodiazepines Derivative,Benzodiazepines,Treatment of Anxiety disorder
z8 10mg tablet,Y,NEURO CNS,Imidazopyridine Derivative,Non-benzodiazepine hypnotics (Z Compounds),Treatment of Insomnia
zepdyl syrup,Y,RESPIRATORY,NA,NA,Dry cough
zolpistar 10mg tablet,Y,NEURO CNS,Imidazopyridine Derivative,Non-benzodiazepine hypnotics (Z Compounds),Treatment of Insomnia
zoltweet 0.5mg tablet,Y,NEURO CNS,Benzodiazepines Derivative,Benzodiazepines,Treatment of Anxiety
zegdol tablet,Y,PAIN ANALGESICS,NA,NA,Moderate to severe pain
zolpil 5mg tablet,Y,NEURO CNS,Imidazopyridine Derivative,Non-benzodiazepine hypnotics (Z Compounds),Treatment of Insomnia
zocalme 0.5mg tablet,Y,NEURO CNS,Benzodiazepines Derivative,Benzodiazepines,Treatment of Anxiety
zolpi 10mg tablet,Y,NEURO CNS,Imidazopyridine Derivative,Non-benzodiazepine hypnotics (Z Compounds),Treatment of Insomnia
zypam 2mg tablet,Y,RESPIRATORY,Benzodiazepines Derivative,Benzodiazepines,Treatment of Short term anxiety
zytram p 37.5mg/325mg tablet,Y,PAIN ANALGESICS,NA,NA,Moderate to severe pain
zolpiwide 5mg tablet,Y,NEURO CNS,Imidazopyridine Derivative,Non-benzodiazepine hypnotics (Z Compounds),Treatment of Insomnia
zeford 2 tablet,Y,NEURO CNS,Benzodiazepines Derivative,Benzodiazepines,Treatment of Anxiety disorder
zomark p 0.25 mg/20 mg tablet,Y,NEURO CNS,NA,NA,Anxiety disorder
zolam 5mg injection,Y,NEURO CNS,Benzodiazepines Derivative,Benzodiazepines,Conscious sedation during diagnostic or therapeutic procedures
zyrotram 50mg injection,Y,PAIN ANALGESICS,Anisole Derivative,Opioids,Moderate to severe pain
zypam 1mg tablet,Y,RESPIRATORY,Benzodiazepines Derivative,Benzodiazepines,Treatment of Short term anxiety
zeelo 2mg tablet,Y,NEURO CNS,Benzodiazepines Derivative,Benzodiazepines,Treatment of Anxiety disorder
zilion sl 5mg tablet,Y,NEURO CNS,Imidazopyridine Derivative,Non-benzodiazepine hypnotics (Z Compounds),Treatment of Insomnia
zolnex 5mg tablet,Y,NEURO CNS,Imidazopyridine Derivative,Non-benzodiazepine hypnotics (Z Compounds),Treatment of Insomnia
zolpistar 5mg tablet,Y,NEURO CNS,Imidazopyridine Derivative,Non-benzodiazepine hypnotics (Z Compounds),Treatment of Insomnia
zedem 5mg tablet,Y,NEURO CNS,Imidazopyridine Derivative,Non-benzodiazepine hypnotics (Z Compounds),Treatment of Insomnia
zopenta 12.5mg tablet er,Y,NEURO CNS,Imidazopyridine Derivative,Non-benzodiazepine hypnotics (Z Compounds),Treatment of Insomnia
zoltweet plus 0.25mg/10mg tablet,Y,NEURO CNS,NA,NA,Anxiety disorder
zoftadol plus 37.5mg/325mg tablet,Y,PAIN ANALGESICS,NA,NA,Moderate to severe pain
zocalme 0.25mg tablet,Y,NEURO CNS,Benzodiazepines Derivative,Benzodiazepines,Treatment of Anxiety
zolcent 5mg tablet,Y,NEURO CNS,Imidazopyridine Derivative,Non-benzodiazepine hypnotics (Z Compounds),Treatment of Insomnia
zeficar 2mg tablet,Y,NEURO CNS,Benzodiazepines Derivative,Benzodiazepines,Treatment of Anxiety disorder
zolit 10mg tablet,Y,NEURO CNS,Imidazopyridine Derivative,Non-benzodiazepine hypnotics (Z Compounds),Treatment of Insomnia
z8 5mg tablet,Y,NEURO CNS,Imidazopyridine Derivative,Non-benzodiazepine hypnotics (Z Compounds),Treatment of Insomnia
zopral 0.25mg tablet,Y,NEURO CNS,Benzodiazepines Derivative,Benzodiazepines,Treatment of Anxiety
zomark 0.5mg tablet sr,Y,NEURO CNS,Benzodiazepines Derivative,Benzodiazepines,Treatment of Anxiety
zamacet 500 mg/50 mg tablet,Y,PAIN ANALGESICS,NA,NA,Pain relief
zeropres 0.5mg tablet,Y,NEURO CNS,Benzodiazepines Derivative,Benzodiazepines,Treatment of Anxiety
zextine-forte tablet cr,Y,NEURO CNS,NA,NA,Depression
zopimin s 2mg tablet,Y,NEURO CNS,Cyclopyrrolone Derivative,Non-benzodiazepine hypnotics (Z Compounds),Insomnia
zopimin s 1mg tablet,Y,NEURO CNS,Cyclopyrrolone Derivative,Non-benzodiazepine hypnotics (Z Compounds),Insomnia
zolidac 5mg tablet,Y,NEURO CNS,Imidazopyridine Derivative,Non-benzodiazepine hypnotics (Z Compounds),Treatment of Insomnia
zoal-sr 12.5 tablet,Y,NEURO CNS,Imidazopyridine Derivative,Non-benzodiazepine hypnotics (Z Compounds),Treatment of Insomnia
zoltic 5mg tablet,Y,NEURO CNS,Imidazopyridine Derivative,Non-benzodiazepine hypnotics (Z Compounds),Treatment of Insomnia
zamhav-md 5 tablet,Y,NEURO CNS,Benzodiazepines Derivative,Benzodiazepines,Treatment of Epilepsy/Seizures
zaseep 0.50mg tablet,Y,NEURO CNS,Benzodiazepines Derivative,Benzodiazepines,Treatment of Anxiety
zolipax 1.5mg tablet sr,Y,NEURO CNS,Benzodiazepines Derivative,Benzodiazepines,Treatment of Anxiety
zema 0.25mg tablet,Y,NEURO CNS,Benzodiazepines Derivative,Benzodiazepines,Treatment of Anxiety
zilion sl 10mg tablet,Y,NEURO CNS,Imidazopyridine Derivative,Non-benzodiazepine hypnotics (Z Compounds),Treatment of Insomnia
zepamax 2mg tablet,Y,NEURO CNS,Benzodiazepines Derivative,Benzodiazepines,Treatment of Anxiety disorder
zeropres 0.25mg tablet,Y,NEURO CNS,Benzodiazepines Derivative,Benzodiazepines,Treatment of Anxiety
zolorel 0.5mg tablet,Y,NEURO CNS,Benzodiazepines Derivative,Benzodiazepines,Treatment of Anxiety
zeura 1mg tablet,Y,RESPIRATORY,Benzodiazepines Derivative,Benzodiazepines,Treatment of Short term anxiety
zolcent 10mg tablet,Y,NEURO CNS,Imidazopyridine Derivative,Non-benzodiazepine hypnotics (Z Compounds),Treatment of Insomnia
zeford 2mg tablet,Y,NEURO CNS,Benzodiazepines Derivative,Benzodiazepines,Treatment of Anxiety disorder
zentra 100mg injection,Y,PAIN ANALGESICS,Anisole Derivative,Opioids,Moderate to severe pain
zolorel 1mg tablet,Y,NEURO CNS,Benzodiazepines Derivative,Benzodiazepines,Treatment of Anxiety
zolydep 0.5mg tablet,Y,NEURO CNS,Benzodiazepines Derivative,Benzodiazepines,Treatment of Anxiety
zoem 0.25mg tablet,Y,NEURO CNS,Benzodiazepines Derivative,Benzodiazepines,Treatment of Anxiety
zorelax 0.5mg tablet,Y,NEURO CNS,Benzodiazepines Derivative,Benzodiazepines,Treatment of Anxiety
zamadol 50mg injection,Y,PAIN ANALGESICS,Anisole Derivative,Opioids,Moderate to severe pain
zodialon 0.25mg tablet md,Y,NEURO CNS,Benzodiazepines Derivative,Benzodiazepines,Treatment of Anxiety disorder
zopral 0.50mg tablet,Y,NEURO CNS,Benzodiazepines Derivative,Benzodiazepines,Treatment of Anxiety
zolark 0.25mg tablet,Y,NEURO CNS,Benzodiazepines Derivative,Benzodiazepines,Treatment of Anxiety
zoem 0.5mg tablet,Y,NEURO CNS,Benzodiazepines Derivative,Benzodiazepines,Treatment of Anxiety
zoliris 5mg tablet,Y,NEURO CNS,Imidazopyridine Derivative,Non-benzodiazepine hypnotics (Z Compounds),Treatment of Insomnia
zoloid 0.5mg tablet,Y,NEURO CNS,Benzodiazepines Derivative,Benzodiazepines,Treatment of Anxiety
zyrotram 100mg injection,Y,PAIN ANALGESICS,Anisole Derivative,Opioids,Moderate to severe pain
zeopse 5mg tablet,Y,NEURO CNS,Benzodiazepine Derivative,Benzodiazepines,Short term anxiety
zola ds tablet,Y,NEURO CNS,Benzodiazepines Derivative,Benzodiazepines,Treatment of Anxiety
zytram 50mg injection,Y,PAIN ANALGESICS,Anisole Derivative,Opioids,Moderate to severe pain
zolystyl 10mg tablet,Y,NEURO CNS,Imidazopyridine Derivative,Non-benzodiazepine hypnotics (Z Compounds),Treatment of Insomnia
zytram pd tablet,Y,PAIN ANALGESICS,NA,NA,Treatment of Severe acute pain
zallpam 0.5mg tablet,Y,NEURO CNS,Benzodiazepines Derivative,Benzodiazepines,Treatment of Anxiety
zamovib 5 tablet,Y,NEURO CNS,Benzodiazepines Derivative,Benzodiazepines,Treatment of Epilepsy/Seizures
zolpiwom 10mg tablet,Y,NEURO CNS,Imidazopyridine Derivative,Non-benzodiazepine hypnotics (Z Compounds),Treatment of Insomnia
zesinac p 37.5mg/325mg tablet,Y,PAIN ANALGESICS,NA,NA,Moderate to severe pain
zallpam 0.25mg tablet,Y,NEURO CNS,Benzodiazepines Derivative,Benzodiazepines,Treatment of Anxiety
zudol 50mg injection,Y,PAIN ANALGESICS,Anisole Derivative,Opioids,Moderate to severe pain
zolydep 0.25mg tablet,Y,NEURO CNS,Benzodiazepines Derivative,Benzodiazepines,Treatment of Anxiety
zoliris 10mg tablet,Y,NEURO CNS,Imidazopyridine Derivative,Non-benzodiazepine hypnotics (Z Compounds),Treatment of Insomnia
zolstil 10mg tablet,Y,NEURO CNS,Imidazopyridine Derivative,Non-benzodiazepine hypnotics (Z Compounds),Treatment of Insomnia
zemed 2mg tablet,Y,NEURO CNS,Benzodiazepines Derivative,Benzodiazepines,Treatment of Anxiety disorder
zamovib 10 tablet,Y,NEURO CNS,Benzodiazepines Derivative,Benzodiazepines,Treatment of Epilepsy/Seizures
zepatrac 2mg tablet,Y,RESPIRATORY,Benzodiazepines Derivative,Benzodiazepines,Treatment of Short term anxiety
zomark 0.25mg tablet,Y,NEURO CNS,Benzodiazepines Derivative,Benzodiazepines,Treatment of Anxiety
zema 0.5mg tablet,Y,NEURO CNS,Benzodiazepines Derivative,Benzodiazepines,Treatment of Anxiety
zepamax 1mg tablet,Y,NEURO CNS,Benzodiazepines Derivative,Benzodiazepines,Treatment of Anxiety disorder
zeura 2mg tablet,Y,RESPIRATORY,Benzodiazepines Derivative,Benzodiazepines,Treatment of Short term anxiety
zoxmag 10mg/1mg tablet,Y,NEURO CNS,NA,NA,Schizophrenia
zolial 0.25mg/20mg tablet,Y,NEURO CNS,NA,NA,Anxiety disorder
zolpiapt 10mg tablet,Y,NEURO CNS,Imidazopyridine Derivative,Non-benzodiazepine hypnotics (Z Compounds),Treatment of Insomnia
zolarest 0.25mg tablet,Y,NEURO CNS,Benzodiazepines Derivative,Benzodiazepines,Treatment of Anxiety
zadudol 100mg tablet sr,Y,PAIN ANALGESICS,Anisole Derivative,Opioids,Moderate to severe pain
zolpidox 2 tablet dt,Y,NEURO CNS,Benzodiazepines Derivative,Benzodiazepines,Treatment of Anxiety disorder
zegdol 100mg injection,Y,PAIN ANALGESICS,Anisole Derivative,Opioids,Moderate to severe pain
zallpam 1mg tablet,Y,NEURO CNS,Benzodiazepines Derivative,Benzodiazepines,Treatment of Anxiety
zeropres p 0.25mg/20mg tablet,Y,NEURO CNS,NA,NA,Anxiety disorder
